id,word,traditional,pinyin,pos,level,lexical_pattern,default_surface_pattern,sandhi_tags,surface_label_needs_clip_review,forvo_url
L1-0001,爱,愛,ài,V,1,4,4,,False,https://forvo.com/word/爱/#zh
L1-0002,爱好,愛好,àihào,V/N,1,4-4,4-4,,False,https://forvo.com/word/爱好/#zh
L1-0003,八,八,bā,Num,1,1,1,,False,https://forvo.com/word/八/#zh
L1-0004,爸爸,爸爸,bàba,N,1,4-N,4-N,neutral_tone,False,https://forvo.com/word/爸爸/#zh
L1-0005,吧,吧,ba,Aux,1,N,N,neutral_tone,False,https://forvo.com/word/吧/#zh
L1-0006,白,白,bái,Adj,1,2,2,,False,https://forvo.com/word/白/#zh
L1-0007,白天,白天,báitiān,N,1,2-1,2-1,,False,https://forvo.com/word/白天/#zh
L1-0008,百,百,bǎi,Num,1,3,3,,False,https://forvo.com/word/百/#zh
L1-0009,班,班,bān,N/M,1,1,1,,False,https://forvo.com/word/班/#zh
L1-0010,半,半,bàn,Num,1,4,4,,False,https://forvo.com/word/半/#zh
L1-0011,半年,半年,bàn nián,,1,4-2,4-2,,False,https://forvo.com/word/半年/#zh
L1-0012,半天,半天,bàntiān,,1,4-1,4-1,,False,https://forvo.com/word/半天/#zh
L1-0013,帮,幫,bāng,V,1,1,1,,False,https://forvo.com/word/帮/#zh
L1-0014,帮忙,幫忙,bāngmáng,,1,1-2,1-2,,False,https://forvo.com/word/帮忙/#zh
L1-0015,包,包,bāo,N/M/V,1,1,1,,False,https://forvo.com/word/包/#zh
L1-0016,包子,包子,bāozi,N,1,1-N,1-N,neutral_tone,False,https://forvo.com/word/包子/#zh
L1-0017,杯,杯,bēi,M,1,1,1,,False,https://forvo.com/word/杯/#zh
L1-0018,杯子,杯子,bēizi,N,1,1-N,1-N,neutral_tone,False,https://forvo.com/word/杯子/#zh
L1-0019,北,北,běi,N,1,3,3,,False,https://forvo.com/word/北/#zh
L1-0020,北边,北邊,běibian,N,1,3-1,3-1,,False,https://forvo.com/word/北边/#zh
L1-0021,北京,北京,Běijīng,N,1,3-1,3-1,,False,https://forvo.com/word/北京/#zh
L1-0022,本,本,běn,M,1,3,3,,False,https://forvo.com/word/本/#zh
L1-0023,本子,本子,běnzi,N,1,3-N,3-N,neutral_tone,False,https://forvo.com/word/本子/#zh
L1-0024,比,比,bǐ,Prep/V,1,3,3,,False,https://forvo.com/word/比/#zh
L1-0025,别,別,bié,Adv,1,2,2,,False,https://forvo.com/word/别/#zh
L1-0026,别的,別的,biéde,Pron,1,2-N,2-N,neutral_tone,False,https://forvo.com/word/别的/#zh
L1-0027,别人,別人,biérén,Pron,1,2-N,2-N,neutral_tone,False,https://forvo.com/word/别人/#zh
L1-0028,病,病,bìng,N/V,1,4,4,,False,https://forvo.com/word/病/#zh
L1-0029,病人,病人,bìngrén,N,1,4-2,4-2,,False,https://forvo.com/word/病人/#zh
L1-0030,不大,不大,bù dà,,1,4-4,2-4,bu_before_t4,False,https://forvo.com/word/不大/#zh
L1-0031,不对,不對,bùduì,Adj,1,4-4,2-4,bu_before_t4,False,https://forvo.com/word/不对/#zh
L1-0032,不客气,不客氣,bù kèqì,,1,4-4-N,2-4-N,bu_before_t4;neutral_tone,False,https://forvo.com/word/不客气/#zh
L1-0033,不用,不用,bùyòng,Adv,1,4-4,2-4,bu_before_t4,False,https://forvo.com/word/不用/#zh
L1-0034,不,不,bù,Adv,1,4,4,,False,https://forvo.com/word/不/#zh
L1-0035,菜,菜,cài,N,1,4,4,,False,https://forvo.com/word/菜/#zh
L1-0036,茶,茶,chá,N,1,2,2,,False,https://forvo.com/word/茶/#zh
L1-0037,差,差,chà,V/Adj,1,4,4,,False,https://forvo.com/word/差/#zh
L1-0038,常,常,cháng,Adv,1,2,2,,False,https://forvo.com/word/常/#zh
L1-0039,常常,常常,chángcháng,Adv,1,2-2,2-2,,False,https://forvo.com/word/常常/#zh
L1-0040,唱,唱,chàng,V,1,4,4,,False,https://forvo.com/word/唱/#zh
L1-0041,唱歌,唱歌,chànggē,,1,4-1,4-1,,False,https://forvo.com/word/唱歌/#zh
L1-0042,车,車,chē,N,1,1,1,,False,https://forvo.com/word/车/#zh
L1-0043,车票,車票,chēpiào,N,1,1-4,1-4,,False,https://forvo.com/word/车票/#zh
L1-0044,车上,車上,chē shang,,1,1-N,1-N,neutral_tone,False,https://forvo.com/word/车上/#zh
L1-0045,车站,車站,chēzhàn,N,1,1-4,1-4,,False,https://forvo.com/word/车站/#zh
L1-0046,吃,吃,chī,V,1,1,1,,False,https://forvo.com/word/吃/#zh
L1-0047,吃饭,吃飯,chīfàn,,1,1-4,1-4,,False,https://forvo.com/word/吃饭/#zh
L1-0048,出,出,chū,V,1,1,1,,False,https://forvo.com/word/出/#zh
L1-0049,出来,出來,chūlái,,1,1-2,1-2,,False,https://forvo.com/word/出来/#zh
L1-0050,出去,出去,chūqù,,1,1-4,1-4,,False,https://forvo.com/word/出去/#zh
L1-0051,穿,穿,chuān,V,1,1,1,,False,https://forvo.com/word/穿/#zh
L1-0052,床,床,chuáng,N,1,2,2,,False,https://forvo.com/word/床/#zh
L1-0053,次,次,cì,M,1,4,4,,False,https://forvo.com/word/次/#zh
L1-0054,从,從,cóng,Prep,1,2,2,,False,https://forvo.com/word/从/#zh
L1-0055,错,錯,cuò,Adj/N,1,4,4,,False,https://forvo.com/word/错/#zh
L1-0056,打,打,dǎ,V,1,3,3,,False,https://forvo.com/word/打/#zh
L1-0057,打车,打車,dǎchē,,1,3-1,3-1,,False,https://forvo.com/word/打车/#zh
L1-0058,打电话,打電話,dǎ diànhuà,,1,3-4-4,3-4-4,,False,https://forvo.com/word/打电话/#zh
L1-0059,打开,打開,dǎkāi,,1,3-1,3-1,,False,https://forvo.com/word/打开/#zh
L1-0060,打球,打球,dǎ qiú,,1,3-2,3-2,,False,https://forvo.com/word/打球/#zh
L1-0061,大,大,dà,Adj,1,4,4,,False,https://forvo.com/word/大/#zh
L1-0062,大学,大學,dàxué,N,1,4-2,4-2,,False,https://forvo.com/word/大学/#zh
L1-0063,大学生,大學生,dàxuéshēng,N,1,4-2-1,4-2-1,,False,https://forvo.com/word/大学生/#zh
L1-0064,到,到,dào,V,1,4,4,,False,https://forvo.com/word/到/#zh
L1-0065,得到,得到,dédào,,1,2-4,2-4,,False,https://forvo.com/word/得到/#zh
L1-0066,地,地,de,Aux,1,N,N,neutral_tone,False,https://forvo.com/word/地/#zh
L1-0067,的,的,de,Aux,1,N,N,neutral_tone,False,https://forvo.com/word/的/#zh
L1-0068,等,等,děng,V,1,3,3,,False,https://forvo.com/word/等/#zh
L1-0069,地,地,dì,N,1,4,4,,False,https://forvo.com/word/地/#zh
L1-0070,地点,地點,dìdiǎn,N,1,4-3,4-3,,False,https://forvo.com/word/地点/#zh
L1-0071,地方,地方,dìfang,N,1,4-N,4-N,neutral_tone,False,https://forvo.com/word/地方/#zh
L1-0072,地上,地上,dìshang,,1,4-N,4-N,neutral_tone,False,https://forvo.com/word/地上/#zh
L1-0073,地图,地圖,dìtú,N,1,4-2,4-2,,False,https://forvo.com/word/地图/#zh
L1-0074,弟弟,弟弟,dìdi,N,1,4-N,4-N,neutral_tone,False,https://forvo.com/word/弟弟/#zh
L1-0075,第（第二）,第（第二）,dì (dì-èr),Prefix,1,4,4,,False,https://forvo.com/word/第（第二）/#zh
L1-0076,点,點,diǎn,M/V/N,1,3,3,,False,https://forvo.com/word/点/#zh
L1-0077,电,電,diàn,N,1,4,4,,False,https://forvo.com/word/电/#zh
L1-0078,电话,電話,diànhuà,N,1,4-4,4-4,,False,https://forvo.com/word/电话/#zh
L1-0079,电脑,電腦,diànnǎo,N,1,4-3,4-3,,False,https://forvo.com/word/电脑/#zh
L1-0080,电视,電視,diànshì,N,1,4-4,4-4,,False,https://forvo.com/word/电视/#zh
L1-0081,电视机,電視機,diànshìjī,N,1,4-4-1,4-4-1,,False,https://forvo.com/word/电视机/#zh
L1-0082,电影,電影,diànyǐng,N,1,4-3,4-3,,False,https://forvo.com/word/电影/#zh
L1-0083,电影院,電影院,diànyǐngyuàn,N,1,4-3-4,4-3-4,,False,https://forvo.com/word/电影院/#zh
L1-0084,东,東,dōng,N,1,1,1,,False,https://forvo.com/word/东/#zh
L1-0085,东边,東邊,dōngbian,N,1,1-N,1-N,neutral_tone,False,https://forvo.com/word/东边/#zh
L1-0086,东西,東西,dōngxi,N,1,1-N,1-N,neutral_tone,False,https://forvo.com/word/东西/#zh
L1-0087,动,動,dòng,V,1,4,4,,False,https://forvo.com/word/动/#zh
L1-0088,动作,動作,dòngzuò,N,1,4-4,4-4,,False,https://forvo.com/word/动作/#zh
L1-0089,都,都,dōu,Adv,1,1,1,,False,https://forvo.com/word/都/#zh
L1-0090,读,讀,dú,V,1,2,2,,False,https://forvo.com/word/读/#zh
L1-0091,读书,讀書,dúshū,,1,2-1,2-1,,False,https://forvo.com/word/读书/#zh
L1-0092,对,對,duì,Adj,1,4,4,,False,https://forvo.com/word/对/#zh
L1-0093,对不起,對不起,duìbuqǐ,V,1,4-N-3,4-N-3,neutral_tone,False,https://forvo.com/word/对不起/#zh
L1-0094,多,多,duō,Adj/Pron,1,1,1,,False,https://forvo.com/word/多/#zh
L1-0095,多少,多少,duōshao,Pron,1,1-N,1-N,neutral_tone,False,https://forvo.com/word/多少/#zh
L1-0096,饿,餓,è,Adj/V,1,4,4,,False,https://forvo.com/word/饿/#zh
L1-0097,儿子,兒子,érzi,N,1,2-N,2-N,neutral_tone,False,https://forvo.com/word/儿子/#zh
L1-0098,二,二,èr,Num,1,4,4,,False,https://forvo.com/word/二/#zh
L1-0099,饭,飯,fàn,N,1,4,4,,False,https://forvo.com/word/饭/#zh
L1-0100,饭店,飯店,fàndiàn,N,1,4-4,4-4,,False,https://forvo.com/word/饭店/#zh
L1-0101,房间,房間,fángjiān,N,1,2-1,2-1,,False,https://forvo.com/word/房间/#zh
L1-0102,房子,房子,fángzi,N,1,2-N,2-N,neutral_tone,False,https://forvo.com/word/房子/#zh
L1-0103,放,放,fàng,V,1,4,4,,False,https://forvo.com/word/放/#zh
L1-0104,放假,放假,fàngjià,,1,4-4,4-4,,False,https://forvo.com/word/放假/#zh
L1-0105,放学,放學,fàngxué,,1,4-2,4-2,,False,https://forvo.com/word/放学/#zh
L1-0106,飞,飛,fēi,V,1,1,1,,False,https://forvo.com/word/飞/#zh
L1-0107,飞机,飛機,fēijī,N,1,1-1,1-1,,False,https://forvo.com/word/飞机/#zh
L1-0108,非常,非常,fēicháng,Adv,1,1-2,1-2,,False,https://forvo.com/word/非常/#zh
L1-0109,分,分,fēn,N/M,1,1,1,,False,https://forvo.com/word/分/#zh
L1-0110,风,風,fēng,N,1,1,1,,False,https://forvo.com/word/风/#zh
L1-0111,干,乾,gān,Adj,1,1,1,,False,https://forvo.com/word/干/#zh
L1-0112,干净,乾淨,gānjìng,Adj,1,1-4,1-4,,False,https://forvo.com/word/干净/#zh
L1-0113,干,幹,gàn,V,1,4,4,,False,https://forvo.com/word/干/#zh
L1-0114,干什么,幹什麼,gàn shénme,,1,4-2-N,4-2-N,neutral_tone,False,https://forvo.com/word/干什么/#zh
L1-0115,高,高,gāo,Adj,1,1,1,,False,https://forvo.com/word/高/#zh
L1-0116,高兴,高興,gāoxìng,Adj,1,1-4,1-4,,False,https://forvo.com/word/高兴/#zh
L1-0117,告诉,告訴,gàosu,V,1,4-N,4-N,neutral_tone,False,https://forvo.com/word/告诉/#zh
L1-0118,哥哥,哥哥,gēge,N,1,1-N,1-N,neutral_tone,False,https://forvo.com/word/哥哥/#zh
L1-0119,歌,歌,gē,N,1,1,1,,False,https://forvo.com/word/歌/#zh
L1-0120,个,個,gè,M,1,4,4,,False,https://forvo.com/word/个/#zh
L1-0121,给,給,gěi,V/Prep,1,3,3,,False,https://forvo.com/word/给/#zh
L1-0122,跟,跟,gēn,Prep/Conj/V,1,1,1,,False,https://forvo.com/word/跟/#zh
L1-0123,工人,工人,gōngrén,N,1,1-2,1-2,,False,https://forvo.com/word/工人/#zh
L1-0124,工作,工作,gōngzuò,V/N,1,1-4,1-4,,False,https://forvo.com/word/工作/#zh
L1-0125,关,關,guān,V,1,1,1,,False,https://forvo.com/word/关/#zh
L1-0126,关上,關上,guānshang,,1,1-4,1-4,,False,https://forvo.com/word/关上/#zh
L1-0127,贵,貴,guì,Adj,1,4,4,,False,https://forvo.com/word/贵/#zh
L1-0128,国,國,guó,N,1,2,2,,False,https://forvo.com/word/国/#zh
L1-0129,国家,國家,guójiā,N,1,2-1,2-1,,False,https://forvo.com/word/国家/#zh
L1-0130,国外,國外,guó wài,,1,2-4,2-4,,False,https://forvo.com/word/国外/#zh
L1-0131,过,過,guò,V,1,4,4,,False,https://forvo.com/word/过/#zh
L1-0132,还,還,hái,Adv,1,2,2,,False,https://forvo.com/word/还/#zh
L1-0133,还是,還是,háishi,Adv/Conj,1,2-N,2-N,neutral_tone,False,https://forvo.com/word/还是/#zh
L1-0134,还有,還有,hái yǒu,,1,2-3,2-3,,False,https://forvo.com/word/还有/#zh
L1-0135,孩子,孩子,háizi,N,1,2-N,2-N,neutral_tone,False,https://forvo.com/word/孩子/#zh
L1-0136,汉语,漢語,Hànyǔ,N,1,4-3,4-3,,False,https://forvo.com/word/汉语/#zh
L1-0137,汉字,漢字,Hànzì,N,1,4-4,4-4,,False,https://forvo.com/word/汉字/#zh
L1-0138,好,好,hǎo,Adj,1,3,3,,False,https://forvo.com/word/好/#zh
L1-0139,好吃,好吃,hǎochī,Adj,1,3-1,3-1,,False,https://forvo.com/word/好吃/#zh
L1-0140,好看,好看,hǎokàn,Adj,1,3-4,3-4,,False,https://forvo.com/word/好看/#zh
L1-0141,好听,好聽,hǎotīng,Adj,1,3-1,3-1,,False,https://forvo.com/word/好听/#zh
L1-0142,好玩儿,好玩兒,hǎowánr,Adj,1,3-2-N,3-2-N,neutral_tone,False,https://forvo.com/word/好玩儿/#zh
L1-0143,号,號,hào,N/M,1,4,4,,False,https://forvo.com/word/号/#zh
L1-0144,喝,喝,hē,V,1,1,1,,False,https://forvo.com/word/喝/#zh
L1-0145,和,和,hé,Prep/Conj,1,2,2,,False,https://forvo.com/word/和/#zh
L1-0146,很,很,hěn,Adv,1,3,3,,False,https://forvo.com/word/很/#zh
L1-0147,后,後,hòu,N,1,4,4,,False,https://forvo.com/word/后/#zh
L1-0148,后边,後邊,hòubian,N,1,4-N,4-N,neutral_tone,False,https://forvo.com/word/后边/#zh
L1-0149,后天,後天,hòutiān,N,1,4-1,4-1,,False,https://forvo.com/word/后天/#zh
L1-0150,花,花,huā,N,1,1,1,,False,https://forvo.com/word/花/#zh
L1-0151,话,話,huà,N,1,4,4,,False,https://forvo.com/word/话/#zh
L1-0152,坏,壞,huài,Adj,1,4,4,,False,https://forvo.com/word/坏/#zh
L1-0153,还,還,huán,V,1,2,2,,False,https://forvo.com/word/还/#zh
L1-0154,回,回,huí,V,1,2,2,,False,https://forvo.com/word/回/#zh
L1-0155,回答,回答,huídá,V/N,1,2-2,2-2,,False,https://forvo.com/word/回答/#zh
L1-0156,回到,回到,huídào,V,1,2-4,2-4,,False,https://forvo.com/word/回到/#zh
L1-0157,回家,回家,huí jiā,,1,2-1,2-1,,False,https://forvo.com/word/回家/#zh
L1-0158,回来,回來,huílái,,1,2-N,2-N,neutral_tone,False,https://forvo.com/word/回来/#zh
L1-0159,回去,回去,huíqù,,1,2-N,2-N,neutral_tone,False,https://forvo.com/word/回去/#zh
L1-0160,会,會,huì,V,1,4,4,,False,https://forvo.com/word/会/#zh
L1-0161,火车,火車,huǒchē,N,1,3-1,3-1,,False,https://forvo.com/word/火车/#zh
L1-0162,机场,機場,jīchǎng,N,1,1-3,1-3,,False,https://forvo.com/word/机场/#zh
L1-0163,机票,機票,jīpiào,N,1,1-4,1-4,,False,https://forvo.com/word/机票/#zh
L1-0164,鸡蛋,雞蛋,jīdàn,N,1,1-4,1-4,,False,https://forvo.com/word/鸡蛋/#zh
L1-0165,几,幾,jǐ,Num/Pron,1,3,3,,False,https://forvo.com/word/几/#zh
L1-0166,记,記,jì,V,1,4,4,,False,https://forvo.com/word/记/#zh
L1-0167,记得,記得,jìde,V,1,4-N,4-N,neutral_tone,False,https://forvo.com/word/记得/#zh
L1-0168,记住,記住,jìzhù,,1,4-N,4-N,neutral_tone,False,https://forvo.com/word/记住/#zh
L1-0169,家,家,jiā,N/M,1,1,1,,False,https://forvo.com/word/家/#zh
L1-0170,家里,家裡,jiā li,,1,1-3,1-3,,False,https://forvo.com/word/家里/#zh
L1-0171,家人,家人,jiārén,N,1,1-2,1-2,,False,https://forvo.com/word/家人/#zh
L1-0172,间,間,jiān,M,1,1,1,,False,https://forvo.com/word/间/#zh
L1-0173,见,見,jiàn,V,1,4,4,,False,https://forvo.com/word/见/#zh
L1-0174,见面,見面,jiànmiàn,,1,4-4,4-4,,False,https://forvo.com/word/见面/#zh
L1-0175,教,教,jiāo,V,1,1,1,,False,https://forvo.com/word/教/#zh
L1-0176,叫,叫,jiào,V,1,4,4,,False,https://forvo.com/word/叫/#zh
L1-0177,教学楼,教學樓,jiàoxuélóu,N,1,4-2-2,4-2-2,,False,https://forvo.com/word/教学楼/#zh
L1-0178,姐姐,姐姐,jiějie,N,1,3-N,3-N,neutral_tone,False,https://forvo.com/word/姐姐/#zh
L1-0179,介绍,介紹,jièshào,V,1,4-4,4-4,,False,https://forvo.com/word/介绍/#zh
L1-0180,今年,今年,jīnnián,N,1,1-2,1-2,,False,https://forvo.com/word/今年/#zh
L1-0181,今天,今天,jīntiān,N,1,1-1,1-1,,False,https://forvo.com/word/今天/#zh
L1-0182,进,進,jìn,V,1,4,4,,False,https://forvo.com/word/进/#zh
L1-0183,进来,進來,jìnlái,,1,4-2,4-2,,False,https://forvo.com/word/进来/#zh
L1-0184,进去,進去,jìnqù,,1,4-4,4-4,,False,https://forvo.com/word/进去/#zh
L1-0185,九,九,jiǔ,Num,1,3,3,,False,https://forvo.com/word/九/#zh
L1-0186,就,就,jiù,Adv,1,4,4,,False,https://forvo.com/word/就/#zh
L1-0187,觉得,覺得,juéde,V,1,2-N,2-N,neutral_tone,False,https://forvo.com/word/觉得/#zh
L1-0188,开,開,kāi,V,1,1,1,,False,https://forvo.com/word/开/#zh
L1-0189,开车,開車,kāichē,,1,1-1,1-1,,False,https://forvo.com/word/开车/#zh
L1-0190,开会,開會,kāihuì,,1,1-4,1-4,,False,https://forvo.com/word/开会/#zh
L1-0191,开玩笑,開玩笑,kāi wánxiào,,1,1-2-4,1-2-4,,False,https://forvo.com/word/开玩笑/#zh
L1-0192,看,看,kàn,V,1,4,4,,False,https://forvo.com/word/看/#zh
L1-0193,看病,看病,kànbìng,,1,4-4,4-4,,False,https://forvo.com/word/看病/#zh
L1-0194,看到,看到,kàndào,,1,4-4,4-4,,False,https://forvo.com/word/看到/#zh
L1-0195,看见,看見,kànjiàn,,1,4-4,4-4,,False,https://forvo.com/word/看见/#zh
L1-0196,考,考,kǎo,V,1,3,3,,False,https://forvo.com/word/考/#zh
L1-0197,考试,考試,kǎoshì,,1,3-4,3-4,,False,https://forvo.com/word/考试/#zh
L1-0198,渴,渴,kě,Adj,1,3,3,,False,https://forvo.com/word/渴/#zh
L1-0199,课,課,kè,N,1,4,4,,False,https://forvo.com/word/课/#zh
L1-0200,课本,課本,kèběn,N,1,4-3,4-3,,False,https://forvo.com/word/课本/#zh
L1-0201,课文,課文,kèwén,N,1,4-2,4-2,,False,https://forvo.com/word/课文/#zh
L1-0202,口,口,kǒu,M/N,1,3,3,,False,https://forvo.com/word/口/#zh
L1-0203,块,塊,kuài,N/M,1,4,4,,False,https://forvo.com/word/块/#zh
L1-0204,快,快,kuài,Adj/Adv,1,4,4,,False,https://forvo.com/word/快/#zh
L1-0205,来,來,lái,V,1,2,2,,False,https://forvo.com/word/来/#zh
L1-0206,来到,來到,láidào,V,1,2-4,2-4,,False,https://forvo.com/word/来到/#zh
L1-0207,老,老,lǎo,Adj,1,3,3,,False,https://forvo.com/word/老/#zh
L1-0208,老人,老人,lǎorén,N,1,3-2,3-2,,False,https://forvo.com/word/老人/#zh
L1-0209,老师,老師,lǎoshī,N,1,3-1,3-1,,False,https://forvo.com/word/老师/#zh
L1-0210,了,了,le,Aux,1,N,N,neutral_tone,False,https://forvo.com/word/了/#zh
L1-0211,累,累,lèi,Adj,1,4,4,,False,https://forvo.com/word/累/#zh
L1-0212,冷,冷,lěng,Adj,1,3,3,,False,https://forvo.com/word/冷/#zh
L1-0213,里,裡,lǐ,N,1,3,3,,False,https://forvo.com/word/里/#zh
L1-0214,里边,裡邊,lǐbian,N,1,3-N,3-N,neutral_tone,False,https://forvo.com/word/里边/#zh
L1-0215,两,兩,liǎng,Num,1,3,3,,False,https://forvo.com/word/两/#zh
L1-0216,零,零,líng,Num,1,2,2,,False,https://forvo.com/word/零/#zh
L1-0217,六,六,liù,Num,1,4,4,,False,https://forvo.com/word/六/#zh
L1-0218,楼,樓,lóu,N,1,2,2,,False,https://forvo.com/word/楼/#zh
L1-0219,楼上,樓上,lóu shàng,,1,2-4,2-4,,False,https://forvo.com/word/楼上/#zh
L1-0220,楼下,樓下,lóu xià,,1,2-4,2-4,,False,https://forvo.com/word/楼下/#zh
L1-0221,路,路,lù,N/M,1,4,4,,False,https://forvo.com/word/路/#zh
L1-0222,路口,路口,lùkǒu,N,1,4-3,4-3,,False,https://forvo.com/word/路口/#zh
L1-0223,路上,路上,lùshang,N,1,4-N,4-N,neutral_tone,False,https://forvo.com/word/路上/#zh
L1-0224,妈妈,媽媽,māma,N,1,1-N,1-N,neutral_tone,False,https://forvo.com/word/妈妈/#zh
L1-0225,马路,馬路,mǎlù,N,1,3-4,3-4,,False,https://forvo.com/word/马路/#zh
L1-0226,马上,馬上,mǎshàng,Adv,1,3-4,3-4,,False,https://forvo.com/word/马上/#zh
L1-0227,吗,嗎,ma,Aux,1,N,N,neutral_tone,False,https://forvo.com/word/吗/#zh
L1-0228,买,買,mǎi,V,1,3,3,,False,https://forvo.com/word/买/#zh
L1-0229,慢,慢,màn,Adj,1,4,4,,False,https://forvo.com/word/慢/#zh
L1-0230,忙,忙,máng,Adj,1,2,2,,False,https://forvo.com/word/忙/#zh
L1-0231,毛,毛,máo,M,1,2,2,,False,https://forvo.com/word/毛/#zh
L1-0232,没,沒,méi,Adv/V,1,2,2,,False,https://forvo.com/word/没/#zh
L1-0233,没关系,沒關係,méi guānxi,,1,2-1-N,2-1-N,neutral_tone,False,https://forvo.com/word/没关系/#zh
L1-0234,没什么,沒什麼,méi shénme,,1,2-2-N,2-2-N,neutral_tone,False,https://forvo.com/word/没什么/#zh
L1-0235,没事儿,沒事兒,méishìr,,1,2-4-N,2-4-N,neutral_tone,False,https://forvo.com/word/没事儿/#zh
L1-0236,没有,沒有,méiyǒu,V/Adv,1,2-3,2-3,,False,https://forvo.com/word/没有/#zh
L1-0237,妹妹,妹妹,mèimei,N,1,4-N,4-N,neutral_tone,False,https://forvo.com/word/妹妹/#zh
L1-0238,门,門,mén,N/M,1,2,2,,False,https://forvo.com/word/门/#zh
L1-0239,门口,門口,ménkǒu,N,1,2-3,2-3,,False,https://forvo.com/word/门口/#zh
L1-0240,门票,門票,ménpiào,N,1,2-4,2-4,,False,https://forvo.com/word/门票/#zh
L1-0241,们（朋友们）,們（朋友們）,men (péngyoumen),Suffix,1,N,N,neutral_tone,False,https://forvo.com/word/们（朋友们）/#zh
L1-0242,米饭,米飯,mǐfàn,N,1,3-4,3-4,,False,https://forvo.com/word/米饭/#zh
L1-0243,面包,麵包,miànbāo,N,1,4-1,4-1,,False,https://forvo.com/word/面包/#zh
L1-0244,面条儿,麵條兒,miàntiáor,N,1,4-2-N,4-2-N,neutral_tone,False,https://forvo.com/word/面条儿/#zh
L1-0245,名字,名字,míngzi,N,1,2-N,2-N,neutral_tone,False,https://forvo.com/word/名字/#zh
L1-0246,明白,明白,míngbai,Adj/V,1,2-N,2-N,neutral_tone,False,https://forvo.com/word/明白/#zh
L1-0247,明年,明年,míngnián,N,1,2-2,2-2,,False,https://forvo.com/word/明年/#zh
L1-0248,明天,明天,míngtiān,N,1,2-1,2-1,,False,https://forvo.com/word/明天/#zh
L1-0249,拿,拿,ná,V,1,2,2,,False,https://forvo.com/word/拿/#zh
L1-0250,哪,哪,nǎ,Pron,1,3,3,,False,https://forvo.com/word/哪/#zh
L1-0251,哪里,哪裡,nǎlǐ,Pron,1,3-3,2-3,third_tone_sandhi,False,https://forvo.com/word/哪里/#zh
L1-0252,哪儿,哪兒,nǎr,Pron,1,3-N,3-N,neutral_tone,False,https://forvo.com/word/哪儿/#zh
L1-0253,哪些,哪些,nǎxiē,Pron,1,3-1,3-1,,False,https://forvo.com/word/哪些/#zh
L1-0254,那,那,nà,Pron,1,4,4,,False,https://forvo.com/word/那/#zh
L1-0255,那边,那邊,nàbiān,Pron,1,4-N,4-N,neutral_tone,False,https://forvo.com/word/那边/#zh
L1-0256,那里,那裡,nàlǐ,Pron,1,4-N,4-N,neutral_tone,False,https://forvo.com/word/那里/#zh
L1-0257,那儿,那兒,nàr,Pron,1,4-N,4-N,neutral_tone,False,https://forvo.com/word/那儿/#zh
L1-0258,那些,那些,nàxiē,Pron,1,4-1,4-1,,False,https://forvo.com/word/那些/#zh
L1-0259,奶,奶,nǎi,N,1,3,3,,False,https://forvo.com/word/奶/#zh
L1-0260,奶奶,奶奶,nǎinai,N,1,3-N,3-N,neutral_tone,False,https://forvo.com/word/奶奶/#zh
L1-0261,男,男,nán,Adj,1,2,2,,False,https://forvo.com/word/男/#zh
L1-0262,男孩儿,男孩兒,nánháir,N,1,2-2-N,2-2-N,neutral_tone,False,https://forvo.com/word/男孩儿/#zh
L1-0263,男朋友,男朋友,nánpéngyou,N,1,2-2-N,2-2-N,neutral_tone,False,https://forvo.com/word/男朋友/#zh
L1-0264,男人,男人,nánrén,N,1,2-2,2-2,,False,https://forvo.com/word/男人/#zh
L1-0265,男生,男生,nánshēng,N,1,2-1,2-1,,False,https://forvo.com/word/男生/#zh
L1-0266,南,南,nán,N,1,2,2,,False,https://forvo.com/word/南/#zh
L1-0267,南边,南邊,nánbian,N,1,2-N,2-N,neutral_tone,False,https://forvo.com/word/南边/#zh
L1-0268,难,難,nán,Adj,1,2,2,,False,https://forvo.com/word/难/#zh
L1-0269,呢,呢,ne,Aux,1,N,N,neutral_tone,False,https://forvo.com/word/呢/#zh
L1-0270,能,能,néng,V,1,2,2,,False,https://forvo.com/word/能/#zh
L1-0271,你,你,nǐ,Pron,1,3,3,,False,https://forvo.com/word/你/#zh
L1-0272,你们,你們,nǐmen,Pron,1,3-N,3-N,neutral_tone,False,https://forvo.com/word/你们/#zh
L1-0273,年,年,nián,M,1,2,2,,False,https://forvo.com/word/年/#zh
L1-0274,您,您,nín,Pron,1,2,2,,False,https://forvo.com/word/您/#zh
L1-0275,牛奶,牛奶,niúnǎi,N,1,2-3,2-3,,False,https://forvo.com/word/牛奶/#zh
L1-0276,女,女,nǚ,Adj,1,3,3,,False,https://forvo.com/word/女/#zh
L1-0277,女儿,女兒,nǚ'ér,N,1,3-2,3-2,,False,https://forvo.com/word/女儿/#zh
L1-0278,女孩儿,女孩兒,nǚháir,N,1,3-2-N,3-2-N,neutral_tone,False,https://forvo.com/word/女孩儿/#zh
L1-0279,女朋友,女朋友,nǚpéngyou,N,1,3-2-N,3-2-N,neutral_tone,False,https://forvo.com/word/女朋友/#zh
L1-0280,女人,女人,nǚrén,N,1,3-2,3-2,,False,https://forvo.com/word/女人/#zh
L1-0281,女生,女生,nǚshēng,N,1,3-1,3-1,,False,https://forvo.com/word/女生/#zh
L1-0282,旁边,旁邊,pángbiān,N,1,2-1,2-1,,False,https://forvo.com/word/旁边/#zh
L1-0283,跑,跑,pǎo,V,1,3,3,,False,https://forvo.com/word/跑/#zh
L1-0284,朋友,朋友,péngyou,N,1,2-N,2-N,neutral_tone,False,https://forvo.com/word/朋友/#zh
L1-0285,票,票,piào,N,1,4,4,,False,https://forvo.com/word/票/#zh
L1-0286,七,七,qī,Num,1,1,1,,False,https://forvo.com/word/七/#zh
L1-0287,起,起,qǐ,V,1,3,3,,False,https://forvo.com/word/起/#zh
L1-0288,起床,起床,qǐchuáng,,1,3-2,3-2,,False,https://forvo.com/word/起床/#zh
L1-0289,起来,起來,qǐlái,,1,3-N,3-N,neutral_tone,False,https://forvo.com/word/起来/#zh
L1-0290,汽车,汽車,qìchē,N,1,4-1,4-1,,False,https://forvo.com/word/汽车/#zh
L1-0291,前,前,qián,N,1,2,2,,False,https://forvo.com/word/前/#zh
L1-0292,前边,前邊,qiánbian,N,1,2-N,2-N,neutral_tone,False,https://forvo.com/word/前边/#zh
L1-0293,前天,前天,qiántiān,N,1,2-1,2-1,,False,https://forvo.com/word/前天/#zh
L1-0294,钱,錢,qián,N,1,2,2,,False,https://forvo.com/word/钱/#zh
L1-0295,钱包,錢包,qiánbāo,N,1,2-1,2-1,,False,https://forvo.com/word/钱包/#zh
L1-0296,请,請,qǐng,V,1,3,3,,False,https://forvo.com/word/请/#zh
L1-0297,请假,請假,qǐngjià,,1,3-4,3-4,,False,https://forvo.com/word/请假/#zh
L1-0298,请进,請進,qǐng jìn,,1,3-4,3-4,,False,https://forvo.com/word/请进/#zh
L1-0299,请问,請問,qǐngwèn,V,1,3-4,3-4,,False,https://forvo.com/word/请问/#zh
L1-0300,请坐,請坐,qǐng zuò,,1,3-4,3-4,,False,https://forvo.com/word/请坐/#zh
L1-0301,球,球,qiú,N,1,2,2,,False,https://forvo.com/word/球/#zh
L1-0302,去,去,qù,V,1,4,4,,False,https://forvo.com/word/去/#zh
L1-0303,去年,去年,qùnián,N,1,4-2,4-2,,False,https://forvo.com/word/去年/#zh
L1-0304,热,熱,rè,Adj/V,1,4,4,,False,https://forvo.com/word/热/#zh
L1-0305,人,人,rén,N,1,2,2,,False,https://forvo.com/word/人/#zh
L1-0306,认识,認識,rènshi,V/N,1,4-N,4-N,neutral_tone,False,https://forvo.com/word/认识/#zh
L1-0307,认真,認真,rènzhēn,Adj,1,4-1,4-1,,False,https://forvo.com/word/认真/#zh
L1-0308,日,日,rì,N,1,4,4,,False,https://forvo.com/word/日/#zh
L1-0309,日期,日期,rìqī,N,1,4-1,4-1,,False,https://forvo.com/word/日期/#zh
L1-0310,肉,肉,ròu,N,1,4,4,,False,https://forvo.com/word/肉/#zh
L1-0311,三,三,sān,Num,1,1,1,,False,https://forvo.com/word/三/#zh
L1-0312,山,山,shān,N,1,1,1,,False,https://forvo.com/word/山/#zh
L1-0313,商场,商場,shāngchǎng,N,1,1-3,1-3,,False,https://forvo.com/word/商场/#zh
L1-0314,商店,商店,shāngdiàn,N,1,1-4,1-4,,False,https://forvo.com/word/商店/#zh
L1-0315,上,上,shàng,N/V,1,4,4,,False,https://forvo.com/word/上/#zh
L1-0316,上班,上班,shàngbān,,1,4-1,4-1,,False,https://forvo.com/word/上班/#zh
L1-0317,上边,上邊,shàngbian,N,1,4-N,4-N,neutral_tone,False,https://forvo.com/word/上边/#zh
L1-0318,上车,上車,shàng chē,,1,4-1,4-1,,False,https://forvo.com/word/上车/#zh
L1-0319,上次,上次,shàng cì,,1,4-4,4-4,,False,https://forvo.com/word/上次/#zh
L1-0320,上课,上課,shàngkè,,1,4-4,4-4,,False,https://forvo.com/word/上课/#zh
L1-0321,上网,上網,shàngwǎng,,1,4-3,4-3,,False,https://forvo.com/word/上网/#zh
L1-0322,上午,上午,shàngwǔ,N,1,4-3,4-3,,False,https://forvo.com/word/上午/#zh
L1-0323,上学,上學,shàngxué,,1,4-2,4-2,,False,https://forvo.com/word/上学/#zh
L1-0324,少,少,shǎo,Adj/V,1,3,3,,False,https://forvo.com/word/少/#zh
L1-0325,谁,誰,shéi/shuí,Pron,1,2,2,,False,https://forvo.com/word/谁/#zh
L1-0326,身上,身上,shēnshang,N,1,1-N,1-N,neutral_tone,False,https://forvo.com/word/身上/#zh
L1-0327,身体,身體,shēntǐ,N,1,1-3,1-3,,False,https://forvo.com/word/身体/#zh
L1-0328,什么,什麼,shénme,Pron,1,2-N,2-N,neutral_tone,False,https://forvo.com/word/什么/#zh
L1-0329,生病,生病,shēngbìng,,1,1-4,1-4,,False,https://forvo.com/word/生病/#zh
L1-0330,生气,生氣,shēngqì,,1,1-4,1-4,,False,https://forvo.com/word/生气/#zh
L1-0331,生日,生日,shēngrì,N,1,1-4,1-4,,False,https://forvo.com/word/生日/#zh
L1-0332,十,十,shí,Num,1,2,2,,False,https://forvo.com/word/十/#zh
L1-0333,时候,時候,shíhou,N,1,2-N,2-N,neutral_tone,False,https://forvo.com/word/时候/#zh
L1-0334,时间,時間,shíjiān,N,1,2-1,2-1,,False,https://forvo.com/word/时间/#zh
L1-0335,事,事,shì,N,1,4,4,,False,https://forvo.com/word/事/#zh
L1-0336,试,試,shì,V,1,4,4,,False,https://forvo.com/word/试/#zh
L1-0337,是,是,shì,V,1,4,4,,False,https://forvo.com/word/是/#zh
L1-0338,是不是,是不是,shì bu shì,,1,4-4-4,4-N-4,bu_a_not_a,False,https://forvo.com/word/是不是/#zh
L1-0339,手,手,shǒu,N,1,3,3,,False,https://forvo.com/word/手/#zh
L1-0340,手机,手機,shǒujī,N,1,3-1,3-1,,False,https://forvo.com/word/手机/#zh
L1-0341,书,書,shū,N,1,1,1,,False,https://forvo.com/word/书/#zh
L1-0342,书包,書包,shūbāo,N,1,1-1,1-1,,False,https://forvo.com/word/书包/#zh
L1-0343,书店,書店,shūdiàn,N,1,1-4,1-4,,False,https://forvo.com/word/书店/#zh
L1-0344,树,樹,shù,N,1,4,4,,False,https://forvo.com/word/树/#zh
L1-0345,水,水,shuǐ,N,1,3,3,,False,https://forvo.com/word/水/#zh
L1-0346,水果,水果,shuǐguǒ,N,1,3-3,2-3,third_tone_sandhi,False,https://forvo.com/word/水果/#zh
L1-0347,睡,睡,shuì,V,1,4,4,,False,https://forvo.com/word/睡/#zh
L1-0348,睡觉,睡覺,shuìjiào,,1,4-4,4-4,,False,https://forvo.com/word/睡觉/#zh
L1-0349,说,說,shuō,V,1,1,1,,False,https://forvo.com/word/说/#zh
L1-0350,说话,說話,shuōhuà,,1,1-4,1-4,,False,https://forvo.com/word/说话/#zh
L1-0351,四,四,sì,Num,1,4,4,,False,https://forvo.com/word/四/#zh
L1-0352,送,送,sòng,V,1,4,4,,False,https://forvo.com/word/送/#zh
L1-0353,岁,歲,suì,M,1,4,4,,False,https://forvo.com/word/岁/#zh
L1-0354,他,他,tā,Pron,1,1,1,,False,https://forvo.com/word/他/#zh
L1-0355,他们,他們,tāmen,Pron,1,1-N,1-N,neutral_tone,False,https://forvo.com/word/他们/#zh
L1-0356,她,她,tā,Pron,1,1,1,,False,https://forvo.com/word/她/#zh
L1-0357,她们,她們,tāmen,Pron,1,1-N,1-N,neutral_tone,False,https://forvo.com/word/她们/#zh
L1-0358,太,太,tài,Adv,1,4,4,,False,https://forvo.com/word/太/#zh
L1-0359,天,天,tiān,N/M,1,1,1,,False,https://forvo.com/word/天/#zh
L1-0360,天气,天氣,tiānqì,N,1,1-4,1-4,,False,https://forvo.com/word/天气/#zh
L1-0361,听,聽,tīng,V,1,1,1,,False,https://forvo.com/word/听/#zh
L1-0362,听到,聽到,tīngdào,,1,1-4,1-4,,False,https://forvo.com/word/听到/#zh
L1-0363,听见,聽見,tīngjiàn,,1,1-4,1-4,,False,https://forvo.com/word/听见/#zh
L1-0364,听写,聽寫,tīngxiě,V,1,1-3,1-3,,False,https://forvo.com/word/听写/#zh
L1-0365,同学,同學,tóngxué,N,1,2-2,2-2,,False,https://forvo.com/word/同学/#zh
L1-0366,图书馆,圖書館,túshūguǎn,N,1,2-1-3,2-1-3,,False,https://forvo.com/word/图书馆/#zh
L1-0367,外,外,wài,N,1,4,4,,False,https://forvo.com/word/外/#zh
L1-0368,外边,外邊,wàibian,N,1,4-N,4-N,neutral_tone,False,https://forvo.com/word/外边/#zh
L1-0369,外国,外國,wàiguó,N,1,4-2,4-2,,False,https://forvo.com/word/外国/#zh
L1-0370,外语,外語,wàiyǔ,N,1,4-3,4-3,,False,https://forvo.com/word/外语/#zh
L1-0371,玩儿,玩兒,wánr,V,1,2-N,2-N,neutral_tone,False,https://forvo.com/word/玩儿/#zh
L1-0372,晚,晚,wǎn,Adj,1,3,3,,False,https://forvo.com/word/晚/#zh
L1-0373,晚饭,晚飯,wǎnfàn,N,1,3-4,3-4,,False,https://forvo.com/word/晚饭/#zh
L1-0374,晚上,晚上,wǎnshang,N,1,3-N,3-N,neutral_tone,False,https://forvo.com/word/晚上/#zh
L1-0375,网上,網上,wǎng shang,,1,3-4,3-4,,False,https://forvo.com/word/网上/#zh
L1-0376,网友,網友,wǎngyǒu,N,1,3-3,2-3,third_tone_sandhi,False,https://forvo.com/word/网友/#zh
L1-0377,忘,忘,wàng,V,1,4,4,,False,https://forvo.com/word/忘/#zh
L1-0378,忘记,忘記,wàngjì,V,1,4-4,4-4,,False,https://forvo.com/word/忘记/#zh
L1-0379,问,問,wèn,V,1,4,4,,False,https://forvo.com/word/问/#zh
L1-0380,我,我,wǒ,Pron,1,3,3,,False,https://forvo.com/word/我/#zh
L1-0381,我们,我們,wǒmen,Pron,1,3-N,3-N,neutral_tone,False,https://forvo.com/word/我们/#zh
L1-0382,五,五,wǔ,Num,1,3,3,,False,https://forvo.com/word/五/#zh
L1-0383,午饭,午飯,wǔfàn,N,1,3-4,3-4,,False,https://forvo.com/word/午饭/#zh
L1-0384,西,西,xī,N,1,1,1,,False,https://forvo.com/word/西/#zh
L1-0385,西边,西邊,xībian,N,1,1-1,1-1,,False,https://forvo.com/word/西边/#zh
L1-0386,洗,洗,xǐ,V,1,3,3,,False,https://forvo.com/word/洗/#zh
L1-0387,洗手间,洗手間,xǐshǒujiān,N,1,3-3-1,2-3-1,third_tone_sandhi,False,https://forvo.com/word/洗手间/#zh
L1-0388,喜欢,喜歡,xǐhuan,V,1,3-N,3-N,neutral_tone,False,https://forvo.com/word/喜欢/#zh
L1-0389,下,下,xià,N/V,1,4,4,,False,https://forvo.com/word/下/#zh
L1-0390,下班,下班,xiàbān,,1,4-1,4-1,,False,https://forvo.com/word/下班/#zh
L1-0391,下边,下邊,xiàbian,N,1,4-N,4-N,neutral_tone,False,https://forvo.com/word/下边/#zh
L1-0392,下车,下車,xià chē,,1,4-1,4-1,,False,https://forvo.com/word/下车/#zh
L1-0393,下次,下次,xià cì,,1,4-4,4-4,,False,https://forvo.com/word/下次/#zh
L1-0394,下课,下課,xiàkè,,1,4-4,4-4,,False,https://forvo.com/word/下课/#zh
L1-0395,下午,下午,xiàwǔ,N,1,4-3,4-3,,False,https://forvo.com/word/下午/#zh
L1-0396,下雨,下雨,xià yǔ,,1,4-3,4-3,,False,https://forvo.com/word/下雨/#zh
L1-0397,先,先,xiān,Adv,1,1,1,,False,https://forvo.com/word/先/#zh
L1-0398,先生,先生,xiānsheng,N,1,1-N,1-N,neutral_tone,False,https://forvo.com/word/先生/#zh
L1-0399,现在,現在,xiànzài,N,1,4-4,4-4,,False,https://forvo.com/word/现在/#zh
L1-0400,想,想,xiǎng,V,1,3,3,,False,https://forvo.com/word/想/#zh
L1-0401,小,小,xiǎo,Adj,1,3,3,,False,https://forvo.com/word/小/#zh
L1-0402,小孩儿,小孩兒,xiǎoháir,N,1,3-2-N,3-2-N,neutral_tone,False,https://forvo.com/word/小孩儿/#zh
L1-0403,小姐,小姐,xiǎojiě,N,1,3-N,3-N,neutral_tone,False,https://forvo.com/word/小姐/#zh
L1-0404,小朋友,小朋友,xiǎopéngyǒu,N,1,3-2-3,3-2-3,,False,https://forvo.com/word/小朋友/#zh
L1-0405,小时,小時,xiǎoshí,N,1,3-2,3-2,,False,https://forvo.com/word/小时/#zh
L1-0406,小学,小學,xiǎoxué,N,1,3-2,3-2,,False,https://forvo.com/word/小学/#zh
L1-0407,小学生,小學生,xiǎoxuéshēng,N,1,3-2-1,3-2-1,,False,https://forvo.com/word/小学生/#zh
L1-0408,笑,笑,xiào,V,1,4,4,,False,https://forvo.com/word/笑/#zh
L1-0409,写,寫,xiě,V,1,3,3,,False,https://forvo.com/word/写/#zh
L1-0410,谢谢,謝謝,xièxie,V,1,4-N,4-N,neutral_tone,False,https://forvo.com/word/谢谢/#zh
L1-0411,新,新,xīn,Adj,1,1,1,,False,https://forvo.com/word/新/#zh
L1-0412,新年,新年,xīnnián,N,1,1-2,1-2,,False,https://forvo.com/word/新年/#zh
L1-0413,星期,星期,xīngqī,N,1,1-1,1-1,,False,https://forvo.com/word/星期/#zh
L1-0414,星期日,星期日,xīngqīrì,N,1,1-1-4,1-1-4,,False,https://forvo.com/word/星期日/#zh
L1-0415,星期天,星期天,xīngqītiān,N,1,1-1-1,1-1-1,,False,https://forvo.com/word/星期天/#zh
L1-0416,行,行,xíng,V/Adj,1,2,2,,False,https://forvo.com/word/行/#zh
L1-0417,休息,休息,xiūxi,V,1,1-N,1-N,neutral_tone,False,https://forvo.com/word/休息/#zh
L1-0418,学,學,xué,V,1,2,2,,False,https://forvo.com/word/学/#zh
L1-0419,学生,學生,xuéshēng,N,1,2-N,2-N,neutral_tone,False,https://forvo.com/word/学生/#zh
L1-0420,学习,學習,xuéxí,V,1,2-2,2-2,,False,https://forvo.com/word/学习/#zh
L1-0421,学校,學校,xuéxiào,N,1,2-4,2-4,,False,https://forvo.com/word/学校/#zh
L1-0422,学院,學院,xuéyuàn,N,1,2-4,2-4,,False,https://forvo.com/word/学院/#zh
L1-0423,要,要,yào,V,1,4,4,,False,https://forvo.com/word/要/#zh
L1-0424,爷爷,爺爺,yéye,N,1,2-N,2-N,neutral_tone,False,https://forvo.com/word/爷爷/#zh
L1-0425,也,也,yě,Adv,1,3,3,,False,https://forvo.com/word/也/#zh
L1-0426,页,頁,yè,M,1,4,4,,False,https://forvo.com/word/页/#zh
L1-0427,一,一,yī,Num,1,1,1,,False,https://forvo.com/word/一/#zh
L1-0428,衣服,衣服,yīfu,N,1,1-N,1-N,neutral_tone,False,https://forvo.com/word/衣服/#zh
L1-0429,医生,醫生,yīshēng,N,1,1-1,1-1,,False,https://forvo.com/word/医生/#zh
L1-0430,医院,醫院,yīyuàn,N,1,1-4,1-4,,False,https://forvo.com/word/医院/#zh
L1-0431,一半,一半,yībàn,Num,1,1-4,2-4,yi_before_t4,False,https://forvo.com/word/一半/#zh
L1-0432,一会儿,一會兒,yīhuìr,,1,1-4-N,2-4-N,neutral_tone;yi_before_t4,False,https://forvo.com/word/一会儿/#zh
L1-0433,一块儿,一塊兒,yīkuàir,N/Adv,1,1-4-N,2-4-N,neutral_tone;yi_before_t4,False,https://forvo.com/word/一块儿/#zh
L1-0434,一下儿,一下兒,yīxiàr,,1,1-4-N,2-4-N,neutral_tone;yi_before_t4,False,https://forvo.com/word/一下儿/#zh
L1-0435,一样,一樣,yīyàng,Adj,1,1-4,2-4,yi_before_t4,False,https://forvo.com/word/一样/#zh
L1-0436,一边,一邊,yībiān,N/Adv,1,1-1,4-1,yi_before_non_t4,False,https://forvo.com/word/一边/#zh
L1-0437,一点儿,一點兒,yīdiǎnr,,1,1-3-N,4-3-N,neutral_tone;yi_before_non_t4,False,https://forvo.com/word/一点儿/#zh
L1-0438,一起,一起,yīqǐ,Adv/N,1,1-3,4-3,yi_before_non_t4,False,https://forvo.com/word/一起/#zh
L1-0439,一些,一些,yīxiē,,1,1-1,4-1,yi_before_non_t4,False,https://forvo.com/word/一些/#zh
L1-0440,用,用,yòng,V,1,4,4,,False,https://forvo.com/word/用/#zh
L1-0441,有,有,yǒu,V,1,3,3,,False,https://forvo.com/word/有/#zh
L1-0442,有的,有的,yǒude,Pron,1,3-N,3-N,neutral_tone,False,https://forvo.com/word/有的/#zh
L1-0443,有名,有名,yǒumíng,,1,3-2,3-2,,False,https://forvo.com/word/有名/#zh
L1-0444,有时候,有時候,yǒushíhou,Adv,1,3-2-N,3-2-N,neutral_tone,False,https://forvo.com/word/有时候/#zh
L1-0445,有（一）些,有（一）些,yǒu(yī)xiē,Pron,1,3-1,3-1,,False,https://forvo.com/word/有（一）些/#zh
L1-0446,有用,有用,yǒuyòng,V,1,3-4,3-4,,False,https://forvo.com/word/有用/#zh
L1-0447,右,右,yòu,N,1,4,4,,False,https://forvo.com/word/右/#zh
L1-0448,右边,右邊,yòubian,N,1,4-N,4-N,neutral_tone,False,https://forvo.com/word/右边/#zh
L1-0449,雨,雨,yǔ,N,1,3,3,,False,https://forvo.com/word/雨/#zh
L1-0450,元,元,yuán,M,1,2,2,,False,https://forvo.com/word/元/#zh
L1-0451,远,遠,yuǎn,Adj,1,3,3,,False,https://forvo.com/word/远/#zh
L1-0452,月,月,yuè,N,1,4,4,,False,https://forvo.com/word/月/#zh
L1-0453,再,再,zài,Adv,1,4,4,,False,https://forvo.com/word/再/#zh
L1-0454,再见,再見,zàijiàn,V,1,4-4,4-4,,False,https://forvo.com/word/再见/#zh
L1-0455,在,在,zài,V/Prep/Adv,1,4,4,,False,https://forvo.com/word/在/#zh
L1-0456,在家,在家,zàijiā,V,1,4-1,4-1,,False,https://forvo.com/word/在家/#zh
L1-0457,早,早,zǎo,Adj,1,3,3,,False,https://forvo.com/word/早/#zh
L1-0458,早饭,早飯,zǎofàn,N,1,3-4,3-4,,False,https://forvo.com/word/早饭/#zh
L1-0459,早上,早上,zǎoshang,N,1,3-N,3-N,neutral_tone,False,https://forvo.com/word/早上/#zh
L1-0460,怎么,怎麼,zěnme,Pron,1,3-N,3-N,neutral_tone,False,https://forvo.com/word/怎么/#zh
L1-0461,站,站,zhàn,N,1,4,4,,False,https://forvo.com/word/站/#zh
L1-0462,找,找,zhǎo,V,1,3,3,,False,https://forvo.com/word/找/#zh
L1-0463,找到,找到,zhǎodào,,1,3-4,3-4,,False,https://forvo.com/word/找到/#zh
L1-0464,这,這,zhè,Pron,1,4,4,,False,https://forvo.com/word/这/#zh
L1-0465,这边,這邊,zhèbiān,Pron,1,4-1,4-1,,False,https://forvo.com/word/这边/#zh
L1-0466,这里,這裡,zhèlǐ,Pron,1,4-3,4-3,,False,https://forvo.com/word/这里/#zh
L1-0467,这儿,這兒,zhèr,Pron,1,4-N,4-N,neutral_tone,False,https://forvo.com/word/这儿/#zh
L1-0468,这些,這些,zhèxiē,Pron,1,4-1,4-1,,False,https://forvo.com/word/这些/#zh
L1-0469,着,著,zhe,Aux,1,N,N,neutral_tone,False,https://forvo.com/word/着/#zh
L1-0470,真,真,zhēn,Adv/Adj,1,1,1,,False,https://forvo.com/word/真/#zh
L1-0471,真的,真的,zhēn de,,1,1-N,1-N,neutral_tone,False,https://forvo.com/word/真的/#zh
L1-0472,正,正,zhèng,Adv,1,4,4,,False,https://forvo.com/word/正/#zh
L1-0473,正在,正在,zhèngzài,Adv,1,4-4,4-4,,False,https://forvo.com/word/正在/#zh
L1-0474,知道,知道,zhīdào,V,1,1-4,1-4,,False,https://forvo.com/word/知道/#zh
L1-0475,知识,知識,zhīshi,N,1,1-N,1-N,neutral_tone,False,https://forvo.com/word/知识/#zh
L1-0476,中,中,zhōng,N,1,1,1,,False,https://forvo.com/word/中/#zh
L1-0477,中国,中國,Zhōngguó,N,1,1-2,1-2,,False,https://forvo.com/word/中国/#zh
L1-0478,中间,中間,zhōngjiān,N,1,1-1,1-1,,False,https://forvo.com/word/中间/#zh
L1-0479,中文,中文,Zhōngwén,N,1,1-2,1-2,,False,https://forvo.com/word/中文/#zh
L1-0480,中午,中午,zhōngwǔ,N,1,1-3,1-3,,False,https://forvo.com/word/中午/#zh
L1-0481,中学,中學,zhōngxué,N,1,1-2,1-2,,False,https://forvo.com/word/中学/#zh
L1-0482,中学生,中學生,zhōngxuéshēng,N,1,1-2-1,1-2-1,,False,https://forvo.com/word/中学生/#zh
L1-0483,重,重,zhòng,Adj,1,4,4,,False,https://forvo.com/word/重/#zh
L1-0484,重要,重要,zhòngyào,Adj,1,4-4,4-4,,False,https://forvo.com/word/重要/#zh
L1-0485,住,住,zhù,V,1,4,4,,False,https://forvo.com/word/住/#zh
L1-0486,准备,準備,zhǔnbèi,V,1,3-4,3-4,,False,https://forvo.com/word/准备/#zh
L1-0487,桌子,桌子,zhuōzi,N,1,1-N,1-N,neutral_tone,False,https://forvo.com/word/桌子/#zh
L1-0488,字,字,zì,N,1,4,4,,False,https://forvo.com/word/字/#zh
L1-0489,子（桌子）,子（桌子）,zi (zhuōzi),Suffix,1,N,N,neutral_tone,False,https://forvo.com/word/子（桌子）/#zh
L1-0490,走,走,zǒu,V,1,3,3,,False,https://forvo.com/word/走/#zh
L1-0491,走路,走路,zǒulù,,1,3-4,3-4,,False,https://forvo.com/word/走路/#zh
L1-0492,最,最,zuì,Adv,1,4,4,,False,https://forvo.com/word/最/#zh
L1-0493,最好,最好,zuìhǎo,Adv,1,4-3,4-3,,False,https://forvo.com/word/最好/#zh
L1-0494,最后,最後,zuìhòu,N,1,4-4,4-4,,False,https://forvo.com/word/最后/#zh
L1-0495,昨天,昨天,zuótiān,N,1,2-1,2-1,,False,https://forvo.com/word/昨天/#zh
L1-0496,左,左,zuǒ,N,1,3,3,,False,https://forvo.com/word/左/#zh
L1-0497,左边,左邊,zuǒbian,N,1,3-N,3-N,neutral_tone,False,https://forvo.com/word/左边/#zh
L1-0498,坐,坐,zuò,V,1,4,4,,False,https://forvo.com/word/坐/#zh
L1-0499,坐下,坐下,zuò xia,,1,4-N,4-N,neutral_tone,False,https://forvo.com/word/坐下/#zh
L1-0500,做,做,zuò,V,1,4,4,,False,https://forvo.com/word/做/#zh
L2-0001,啊,啊,a,Aux,2,N,N,neutral_tone,False,https://forvo.com/word/啊/#zh
L2-0002,爱情,愛情,àiqíng,N,2,4-2,4-2,,False,https://forvo.com/word/爱情/#zh
L2-0003,爱人,愛人,àiren,N,2,4-N,4-N,neutral_tone,False,https://forvo.com/word/爱人/#zh
L2-0004,安静,安靜,ānjìng,Adj/V,2,1-4,1-4,,False,https://forvo.com/word/安静/#zh
L2-0005,安全,安全,ānquán,Adj/N,2,1-2,1-2,,False,https://forvo.com/word/安全/#zh
L2-0006,白色,白色,báisè,N,2,2-4,2-4,,False,https://forvo.com/word/白色/#zh
L2-0007,班长,班長,bānzhǎng,N,2,1-3,1-3,,False,https://forvo.com/word/班长/#zh
L2-0008,办,辦,bàn,V,2,4,4,,False,https://forvo.com/word/办/#zh
L2-0009,办法,辦法,bànfǎ,N,2,4-3,4-3,,False,https://forvo.com/word/办法/#zh
L2-0010,办公室,辦公室,bàngōngshì,N,2,4-1-4,4-1-4,,False,https://forvo.com/word/办公室/#zh
L2-0011,半夜,半夜,bànyè,N,2,4-4,4-4,,False,https://forvo.com/word/半夜/#zh
L2-0012,帮助,幫助,bāngzhù,V,2,1-4,1-4,,False,https://forvo.com/word/帮助/#zh
L2-0013,饱,飽,bǎo,Adj,2,3,3,,False,https://forvo.com/word/饱/#zh
L2-0014,报名,報名,bàomíng,,2,4-2,4-2,,False,https://forvo.com/word/报名/#zh
L2-0015,报纸,報紙,bàozhǐ,N,2,4-3,4-3,,False,https://forvo.com/word/报纸/#zh
L2-0016,北方,北方,běifāng,N,2,3-1,3-1,,False,https://forvo.com/word/北方/#zh
L2-0017,背,背,bèi,V,2,4,4,,False,https://forvo.com/word/背/#zh
L2-0018,比如,比如,bǐrú,V,2,3-2,3-2,,False,https://forvo.com/word/比如/#zh
L2-0019,比如说,比如說,bǐrú shuō,,2,3-2-1,3-2-1,,False,https://forvo.com/word/比如说/#zh
L2-0020,笔,筆,bǐ,N/M,2,3,3,,False,https://forvo.com/word/笔/#zh
L2-0021,笔记,筆記,bǐjì,N,2,3-4,3-4,,False,https://forvo.com/word/笔记/#zh
L2-0022,笔记本,筆記本,bǐjìběn,N,2,3-4-3,3-4-3,,False,https://forvo.com/word/笔记本/#zh
L2-0023,必须,必須,bìxū,Adv,2,4-1,4-1,,False,https://forvo.com/word/必须/#zh
L2-0024,边,邊,biān,N,2,1,1,,False,https://forvo.com/word/边/#zh
L2-0025,变,變,biàn,V,2,4,4,,False,https://forvo.com/word/变/#zh
L2-0026,变成,變成,biànchéng,,2,4-2,4-2,,False,https://forvo.com/word/变成/#zh
L2-0027,遍,遍,biàn,M,2,4,4,,False,https://forvo.com/word/遍/#zh
L2-0028,表,表,biǎo,N,2,3,3,,False,https://forvo.com/word/表/#zh
L2-0029,表示,表示,biǎoshì,V/N,2,3-4,3-4,,False,https://forvo.com/word/表示/#zh
L2-0030,不错,不錯,bùcuò,Adj,2,4-4,2-4,bu_before_t4,False,https://forvo.com/word/不错/#zh
L2-0031,不但,不但,bùdàn,Conj,2,4-4,2-4,bu_before_t4,False,https://forvo.com/word/不但/#zh
L2-0032,不够,不夠,bùgòu,V/Adv,2,4-4,2-4,bu_before_t4,False,https://forvo.com/word/不够/#zh
L2-0033,不过,不過,bùguò,Conj,2,4-4,2-4,bu_before_t4,False,https://forvo.com/word/不过/#zh
L2-0034,不太,不太,bù tài,,2,4-4,2-4,bu_before_t4,False,https://forvo.com/word/不太/#zh
L2-0035,不要,不要,bùyào,Adv,2,4-4,2-4,bu_before_t4,False,https://forvo.com/word/不要/#zh
L2-0036,不好意思,不好意思,bù hǎoyìsi,,2,4-3-4-N,4-3-4-N,neutral_tone,False,https://forvo.com/word/不好意思/#zh
L2-0037,不久,不久,bùjiǔ,Adj,2,4-3,4-3,,False,https://forvo.com/word/不久/#zh
L2-0038,不满,不滿,bùmǎn,Adj,2,4-3,4-3,,False,https://forvo.com/word/不满/#zh
L2-0039,不如,不如,bùrú,V,2,4-2,4-2,,False,https://forvo.com/word/不如/#zh
L2-0040,不少,不少,bù shǎo,,2,4-3,4-3,,False,https://forvo.com/word/不少/#zh
L2-0041,不同,不同,bù tóng,,2,4-2,4-2,,False,https://forvo.com/word/不同/#zh
L2-0042,不行,不行,bùxíng,V/Adj,2,4-2,4-2,,False,https://forvo.com/word/不行/#zh
L2-0043,不一定,不一定,bùyīdìng,Adv,2,4-1-4,4-2-4,yi_before_t4,False,https://forvo.com/word/不一定/#zh
L2-0044,不一会儿,不一會兒,bù yīhuìr,,2,4-1-4,4-1-4,,False,https://forvo.com/word/不一会儿/#zh
L2-0045,部分,部分,bùfen,N,2,4-N,4-N,neutral_tone,False,https://forvo.com/word/部分/#zh
L2-0046,才,才,cái,Adv,2,2,2,,False,https://forvo.com/word/才/#zh
L2-0047,菜单,菜單,càidān,N,2,4-1,4-1,,False,https://forvo.com/word/菜单/#zh
L2-0048,参观,參觀,cānguān,V,2,1-1,1-1,,False,https://forvo.com/word/参观/#zh
L2-0049,参加,參加,cānjiā,V,2,1-1,1-1,,False,https://forvo.com/word/参加/#zh
L2-0050,草,草,cǎo,N,2,3,3,,False,https://forvo.com/word/草/#zh
L2-0051,草地,草地,cǎodì,N,2,3-4,3-4,,False,https://forvo.com/word/草地/#zh
L2-0052,层,層,céng,M,2,2,2,,False,https://forvo.com/word/层/#zh
L2-0053,查,查,chá,V,2,2,2,,False,https://forvo.com/word/查/#zh
L2-0054,差不多,差不多,chàbuduō,Adj/Adv,2,4-N-1,4-N-1,neutral_tone,False,https://forvo.com/word/差不多/#zh
L2-0055,长,長,cháng,Adj,2,2,2,,False,https://forvo.com/word/长/#zh
L2-0056,常见,常見,cháng jiàn,,2,2-4,2-4,,False,https://forvo.com/word/常见/#zh
L2-0057,常用,常用,cháng yòng,,2,2-4,2-4,,False,https://forvo.com/word/常用/#zh
L2-0058,场,場,chǎng,M,2,3,3,,False,https://forvo.com/word/场/#zh
L2-0059,超过,超過,chāoguò,V,2,1-4,1-4,,False,https://forvo.com/word/超过/#zh
L2-0060,超市,超市,chāoshì,N,2,1-4,1-4,,False,https://forvo.com/word/超市/#zh
L2-0061,车辆,車輛,chēliàng,N,2,1-4,1-4,,False,https://forvo.com/word/车辆/#zh
L2-0062,称1,稱1,chēng,V,2,1,1,,False,https://forvo.com/word/称1/#zh
L2-0063,成,成,chéng,V,2,2,2,,False,https://forvo.com/word/成/#zh
L2-0064,成绩,成績,chéngjì,N,2,2-4,2-4,,False,https://forvo.com/word/成绩/#zh
L2-0065,成为,成為,chéngwéi,V,2,2-2,2-2,,False,https://forvo.com/word/成为/#zh
L2-0066,重复,重複,chóngfù,V,2,2-4,2-4,,False,https://forvo.com/word/重复/#zh
L2-0067,重新,重新,chóngxīn,Adv,2,2-1,2-1,,False,https://forvo.com/word/重新/#zh
L2-0068,出发,出發,chūfā,V,2,1-1,1-1,,False,https://forvo.com/word/出发/#zh
L2-0069,出国,出國,chūguó,,2,1-2,1-2,,False,https://forvo.com/word/出国/#zh
L2-0070,出口,出口,chūkǒu,N,2,1-3,1-3,,False,https://forvo.com/word/出口/#zh
L2-0071,出门,出門,chūmén,,2,1-2,1-2,,False,https://forvo.com/word/出门/#zh
L2-0072,出生,出生,chūshēng,V,2,1-1,1-1,,False,https://forvo.com/word/出生/#zh
L2-0073,出现,出現,chūxiàn,V,2,1-4,1-4,,False,https://forvo.com/word/出现/#zh
L2-0074,出院,出院,chūyuàn,,2,1-4,1-4,,False,https://forvo.com/word/出院/#zh
L2-0075,出租,出租,chūzū,V,2,1-1,1-1,,False,https://forvo.com/word/出租/#zh
L2-0076,出租车,出租車,chūzūchē,N,2,1-1-1,1-1-1,,False,https://forvo.com/word/出租车/#zh
L2-0077,船,船,chuán,N,2,2,2,,False,https://forvo.com/word/船/#zh
L2-0078,吹,吹,chuī,V,2,1,1,,False,https://forvo.com/word/吹/#zh
L2-0079,春节,春節,Chūnjié,N,2,1-2,1-2,,False,https://forvo.com/word/春节/#zh
L2-0080,春天,春天,chūntiān,N,2,1-1,1-1,,False,https://forvo.com/word/春天/#zh
L2-0081,词,詞,cí,N,2,2,2,,False,https://forvo.com/word/词/#zh
L2-0082,词典,詞典,cídiǎn,N,2,2-3,2-3,,False,https://forvo.com/word/词典/#zh
L2-0083,词语,詞語,cíyǔ,N,2,2-3,2-3,,False,https://forvo.com/word/词语/#zh
L2-0084,从小,從小,cóngxiǎo,Adv,2,2-3,2-3,,False,https://forvo.com/word/从小/#zh
L2-0085,答应,答應,dāying,V,2,1-N,1-N,neutral_tone,False,https://forvo.com/word/答应/#zh
L2-0086,打工,打工,dǎgōng,,2,3-1,3-1,,False,https://forvo.com/word/打工/#zh
L2-0087,打算,打算,dǎsuàn,V/N,2,3-4,3-4,,False,https://forvo.com/word/打算/#zh
L2-0088,打印,打印,dǎyìn,V,2,3-4,3-4,,False,https://forvo.com/word/打印/#zh
L2-0089,大部分,大部分,dàbùfen,N,2,4-4-N,4-4-N,neutral_tone,False,https://forvo.com/word/大部分/#zh
L2-0090,大大,大大,dàdà,Adv,2,4-4,4-4,,False,https://forvo.com/word/大大/#zh
L2-0091,大多数,大多數,dàduōshù,N,2,4-1-4,4-1-4,,False,https://forvo.com/word/大多数/#zh
L2-0092,大海,大海,dàhǎi,N,2,4-3,4-3,,False,https://forvo.com/word/大海/#zh
L2-0093,大家,大家,dàjiā,Pron,2,4-1,4-1,,False,https://forvo.com/word/大家/#zh
L2-0094,大量,大量,dàliàng,Adj,2,4-4,4-4,,False,https://forvo.com/word/大量/#zh
L2-0095,大门,大門,dàmén,N,2,4-2,4-2,,False,https://forvo.com/word/大门/#zh
L2-0096,大人,大人,dàren,N,2,4-N,4-N,neutral_tone,False,https://forvo.com/word/大人/#zh
L2-0097,大声,大聲,dà shēng,,2,4-1,4-1,,False,https://forvo.com/word/大声/#zh
L2-0098,大小,大小,dàxiǎo,N,2,4-3,4-3,,False,https://forvo.com/word/大小/#zh
L2-0099,大衣,大衣,dàyī,N,2,4-1,4-1,,False,https://forvo.com/word/大衣/#zh
L2-0100,大自然,大自然,dàzìrán,N,2,4-4-2,4-4-2,,False,https://forvo.com/word/大自然/#zh
L2-0101,带,帶,dài,V,2,4,4,,False,https://forvo.com/word/带/#zh
L2-0102,带来,帶來,dàilái,,2,4-2,4-2,,False,https://forvo.com/word/带来/#zh
L2-0103,单位,單位,dānwèi,N,2,1-4,1-4,,False,https://forvo.com/word/单位/#zh
L2-0104,但,但,dàn,Conj,2,4,4,,False,https://forvo.com/word/但/#zh
L2-0105,但是,但是,dànshì,Conj,2,4-4,4-4,,False,https://forvo.com/word/但是/#zh
L2-0106,蛋,蛋,dàn,N,2,4,4,,False,https://forvo.com/word/蛋/#zh
L2-0107,当,當,dāng,V/Prep,2,1,1,,False,https://forvo.com/word/当/#zh
L2-0108,当时,當時,dāngshí,N,2,1-2,1-2,,False,https://forvo.com/word/当时/#zh
L2-0109,倒,倒,dǎo,V,2,3,3,,False,https://forvo.com/word/倒/#zh
L2-0110,到处,到處,dàochù,Adv,2,4-4,4-4,,False,https://forvo.com/word/到处/#zh
L2-0111,倒,倒,dào,V,2,4,4,,False,https://forvo.com/word/倒/#zh
L2-0112,道,道,dào,M,2,4,4,,False,https://forvo.com/word/道/#zh
L2-0113,道理,道理,dàolǐ,N,2,4-N,4-N,neutral_tone,False,https://forvo.com/word/道理/#zh
L2-0114,道路,道路,dàolù,N,2,4-4,4-4,,False,https://forvo.com/word/道路/#zh
L2-0115,得,得,dé,V,2,2,2,,False,https://forvo.com/word/得/#zh
L2-0116,得出,得出,déchū,,2,2-1,2-1,,False,https://forvo.com/word/得出/#zh
L2-0117,的话,的話,dehuà,Aux,2,N-4,N-4,neutral_tone,False,https://forvo.com/word/的话/#zh
L2-0118,得,得,de,Aux,2,N,N,neutral_tone,False,https://forvo.com/word/得/#zh
L2-0119,灯,燈,dēng,N,2,1,1,,False,https://forvo.com/word/灯/#zh
L2-0120,等,等,děng,Aux/N,2,3,3,,False,https://forvo.com/word/等/#zh
L2-0121,等到,等到,děngdào,Prep,2,3-4,3-4,,False,https://forvo.com/word/等到/#zh
L2-0122,等于,等於,děngyú,V,2,3-2,3-2,,False,https://forvo.com/word/等于/#zh
L2-0123,低,低,dī,Adj/V,2,1,1,,False,https://forvo.com/word/低/#zh
L2-0124,地球,地球,dìqiú,N,2,4-2,4-2,,False,https://forvo.com/word/地球/#zh
L2-0125,地铁,地鐵,dìtiě,N,2,4-3,4-3,,False,https://forvo.com/word/地铁/#zh
L2-0126,地铁站,地鐵站,dìtiězhàn,N,2,4-3-4,4-3-4,,False,https://forvo.com/word/地铁站/#zh
L2-0127,点头,點頭,diǎntóu,,2,3-2,3-2,,False,https://forvo.com/word/点头/#zh
L2-0128,店,店,diàn,N,2,4,4,,False,https://forvo.com/word/店/#zh
L2-0129,掉,掉,diào,V,2,4,4,,False,https://forvo.com/word/掉/#zh
L2-0130,东北,東北,dōngběi,N,2,1-3,1-3,,False,https://forvo.com/word/东北/#zh
L2-0131,东方,東方,dōngfāng,N,2,1-1,1-1,,False,https://forvo.com/word/东方/#zh
L2-0132,东南,東南,dōngnán,N,2,1-2,1-2,,False,https://forvo.com/word/东南/#zh
L2-0133,冬天,冬天,dōngtiān,N,2,1-1,1-1,,False,https://forvo.com/word/冬天/#zh
L2-0134,懂,懂,dǒng,V,2,3,3,,False,https://forvo.com/word/懂/#zh
L2-0135,懂得,懂得,dǒngde,V,2,3-N,3-N,neutral_tone,False,https://forvo.com/word/懂得/#zh
L2-0136,动物,動物,dòngwù,N,2,4-4,4-4,,False,https://forvo.com/word/动物/#zh
L2-0137,动物园,動物園,dòngwùyuán,N,2,4-4-2,4-4-2,,False,https://forvo.com/word/动物园/#zh
L2-0138,读音,讀音,dúyīn,N,2,2-1,2-1,,False,https://forvo.com/word/读音/#zh
L2-0139,度,度,dù,N/M,2,4,4,,False,https://forvo.com/word/度/#zh
L2-0140,短,短,duǎn,Adj,2,3,3,,False,https://forvo.com/word/短/#zh
L2-0141,短信,短信,duǎnxìn,N,2,3-4,3-4,,False,https://forvo.com/word/短信/#zh
L2-0142,段,段,duàn,M,2,4,4,,False,https://forvo.com/word/段/#zh
L2-0143,队,隊,duì,N,2,4,4,,False,https://forvo.com/word/队/#zh
L2-0144,队长,隊長,duìzhǎng,N,2,4-3,4-3,,False,https://forvo.com/word/队长/#zh
L2-0145,对,對,duì,Prep/V,2,4,4,,False,https://forvo.com/word/对/#zh
L2-0146,对话,對話,duìhuà,V/N,2,4-4,4-4,,False,https://forvo.com/word/对话/#zh
L2-0147,对面,對面,duìmiàn,N,2,4-4,4-4,,False,https://forvo.com/word/对面/#zh
L2-0148,多,多,duō,Adv,2,1,1,,False,https://forvo.com/word/多/#zh
L2-0149,多久,多久,duōjiǔ,Pron,2,1-3,1-3,,False,https://forvo.com/word/多久/#zh
L2-0150,多么,多麼,duōme,Adv,2,1-N,1-N,neutral_tone,False,https://forvo.com/word/多么/#zh
L2-0151,多数,多數,duōshù,N,2,1-4,1-4,,False,https://forvo.com/word/多数/#zh
L2-0152,多云,多雲,duōyún,N,2,1-2,1-2,,False,https://forvo.com/word/多云/#zh
L2-0153,而且,而且,érqiě,Conj,2,2-3,2-3,,False,https://forvo.com/word/而且/#zh
L2-0154,发,發,fā,V,2,1,1,,False,https://forvo.com/word/发/#zh
L2-0155,发现,發現,fāxiàn,V/N,2,1-4,1-4,,False,https://forvo.com/word/发现/#zh
L2-0156,饭馆,飯館,fànguǎn,N,2,4-3,4-3,,False,https://forvo.com/word/饭馆/#zh
L2-0157,方便,方便,fāngbiàn,Adj,2,1-4,1-4,,False,https://forvo.com/word/方便/#zh
L2-0158,方便面,方便麵,fāngbiànmiàn,N,2,1-4-4,1-4-4,,False,https://forvo.com/word/方便面/#zh
L2-0159,方法,方法,fāngfǎ,N,2,1-3,1-3,,False,https://forvo.com/word/方法/#zh
L2-0160,方面,方面,fāngmiàn,N,2,1-4,1-4,,False,https://forvo.com/word/方面/#zh
L2-0161,方向,方向,fāngxiàng,N,2,1-4,1-4,,False,https://forvo.com/word/方向/#zh
L2-0162,放下,放下,fàngxia,,2,4-4,4-4,,False,https://forvo.com/word/放下/#zh
L2-0163,放心,放心,fàngxīn,,2,4-1,4-1,,False,https://forvo.com/word/放心/#zh
L2-0164,分,分,fēn,V,2,1,1,,False,https://forvo.com/word/分/#zh
L2-0165,分开,分開,fēnkāi,,2,1-1,1-1,,False,https://forvo.com/word/分开/#zh
L2-0166,分数,分數,fēnshù,N,2,1-4,1-4,,False,https://forvo.com/word/分数/#zh
L2-0167,分钟,分鐘,fēnzhōng,M,2,1-1,1-1,,False,https://forvo.com/word/分钟/#zh
L2-0168,份,份,fèn,M,2,4,4,,False,https://forvo.com/word/份/#zh
L2-0169,封,封,fēng,M,2,1,1,,False,https://forvo.com/word/封/#zh
L2-0170,服务,服務,fúwù,V,2,2-4,2-4,,False,https://forvo.com/word/服务/#zh
L2-0171,复习,複習,fùxí,V,2,4-2,4-2,,False,https://forvo.com/word/复习/#zh
L2-0172,该,該,gāi,V,2,1,1,,False,https://forvo.com/word/该/#zh
L2-0173,改,改,gǎi,V,2,3,3,,False,https://forvo.com/word/改/#zh
L2-0174,改变,改變,gǎibiàn,V/N,2,3-4,3-4,,False,https://forvo.com/word/改变/#zh
L2-0175,干杯,乾杯,gānbēi,,2,1-1,1-1,,False,https://forvo.com/word/干杯/#zh
L2-0176,感到,感到,gǎndào,V,2,3-4,3-4,,False,https://forvo.com/word/感到/#zh
L2-0177,感动,感動,gǎndòng,Adj/V,2,3-4,3-4,,False,https://forvo.com/word/感动/#zh
L2-0178,感觉,感覺,gǎnjué,V/N,2,3-2,3-2,,False,https://forvo.com/word/感觉/#zh
L2-0179,感谢,感謝,gǎnxiè,V,2,3-4,3-4,,False,https://forvo.com/word/感谢/#zh
L2-0180,干活儿,幹活兒,gànhuór,,2,4-2-N,4-2-N,neutral_tone,False,https://forvo.com/word/干活儿/#zh
L2-0181,刚,剛,gāng,Adv,2,1,1,,False,https://forvo.com/word/刚/#zh
L2-0182,刚才,剛才,gāngcái,N,2,1-2,1-2,,False,https://forvo.com/word/刚才/#zh
L2-0183,刚刚,剛剛,gānggāng,Adv,2,1-N,1-N,neutral_tone,False,https://forvo.com/word/刚刚/#zh
L2-0184,高级,高級,gāojí,Adj,2,1-2,1-2,,False,https://forvo.com/word/高级/#zh
L2-0185,高中,高中,gāozhōng,N,2,1-1,1-1,,False,https://forvo.com/word/高中/#zh
L2-0186,个子,個子,gèzi,N,2,4-N,4-N,neutral_tone,False,https://forvo.com/word/个子/#zh
L2-0187,更,更,gèng,Adv,2,4,4,,False,https://forvo.com/word/更/#zh
L2-0188,公共汽车,公共汽車,gōnggòng qìchē,,2,1-4-4-1,1-4-4-1,,False,https://forvo.com/word/公共汽车/#zh
L2-0189,公交车,公交車,gōngjiāochē,N,2,1-1-1,1-1-1,,False,https://forvo.com/word/公交车/#zh
L2-0190,公斤,公斤,gōngjīn,M,2,1-1,1-1,,False,https://forvo.com/word/公斤/#zh
L2-0191,公里,公里,gōnglǐ,M,2,1-3,1-3,,False,https://forvo.com/word/公里/#zh
L2-0192,公路,公路,gōnglù,N,2,1-4,1-4,,False,https://forvo.com/word/公路/#zh
L2-0193,公平,公平,gōngpíng,Adj,2,1-2,1-2,,False,https://forvo.com/word/公平/#zh
L2-0194,公司,公司,gōngsī,N,2,1-1,1-1,,False,https://forvo.com/word/公司/#zh
L2-0195,公园,公園,gōngyuán,N,2,1-2,1-2,,False,https://forvo.com/word/公园/#zh
L2-0196,狗,狗,gǒu,N,2,3,3,,False,https://forvo.com/word/狗/#zh
L2-0197,够,夠,gòu,V/Adv,2,4,4,,False,https://forvo.com/word/够/#zh
L2-0198,故事,故事,gùshi,N,2,4-N,4-N,neutral_tone,False,https://forvo.com/word/故事/#zh
L2-0199,故意,故意,gùyì,Adv,2,4-4,4-4,,False,https://forvo.com/word/故意/#zh
L2-0200,顾客,顧客,gùkè,N,2,4-4,4-4,,False,https://forvo.com/word/顾客/#zh
L2-0201,关机,關機,guānjī,,2,1-1,1-1,,False,https://forvo.com/word/关机/#zh
L2-0202,关心,關心,guānxīn,V,2,1-1,1-1,,False,https://forvo.com/word/关心/#zh
L2-0203,观点,觀點,guāndiǎn,N,2,1-3,1-3,,False,https://forvo.com/word/观点/#zh
L2-0204,广场,廣場,guǎngchǎng,N,2,3-3,2-3,third_tone_sandhi,False,https://forvo.com/word/广场/#zh
L2-0205,广告,廣告,guǎnggào,N,2,3-4,3-4,,False,https://forvo.com/word/广告/#zh
L2-0206,国际,國際,guójì,N,2,2-4,2-4,,False,https://forvo.com/word/国际/#zh
L2-0207,过来,過來,guòlái,V,2,4-2,4-2,,False,https://forvo.com/word/过来/#zh
L2-0208,过年,過年,guònián,,2,4-2,4-2,,False,https://forvo.com/word/过年/#zh
L2-0209,过去,過去,guòqù,V,2,4-4,4-4,,False,https://forvo.com/word/过去/#zh
L2-0210,过,過,guo,Aux,2,N,N,neutral_tone,False,https://forvo.com/word/过/#zh
L2-0211,海,海,hǎi,N,2,3,3,,False,https://forvo.com/word/海/#zh
L2-0212,海边,海邊,hǎi biān,,2,3-1,3-1,,False,https://forvo.com/word/海边/#zh
L2-0213,喊,喊,hǎn,V,2,3,3,,False,https://forvo.com/word/喊/#zh
L2-0214,好,好,hǎo,Adv,2,3,3,,False,https://forvo.com/word/好/#zh
L2-0215,好处,好處,hǎochù,N,2,3-N,3-N,neutral_tone,False,https://forvo.com/word/好处/#zh
L2-0216,好多,好多,hǎoduō,Num,2,3-1,3-1,,False,https://forvo.com/word/好多/#zh
L2-0217,好久,好久,hǎojiǔ,Adj,2,3-3,2-3,third_tone_sandhi,False,https://forvo.com/word/好久/#zh
L2-0218,好人,好人,hǎorén,N,2,3-2,3-2,,False,https://forvo.com/word/好人/#zh
L2-0219,好事,好事,hǎoshì,N,2,3-4,3-4,,False,https://forvo.com/word/好事/#zh
L2-0220,好像,好像,hǎoxiàng,Adv/V,2,3-4,3-4,,False,https://forvo.com/word/好像/#zh
L2-0221,合适,合適,héshì,Adj,2,2-4,2-4,,False,https://forvo.com/word/合适/#zh
L2-0222,河,河,hé,N,2,2,2,,False,https://forvo.com/word/河/#zh
L2-0223,黑,黑,hēi,Adj,2,1,1,,False,https://forvo.com/word/黑/#zh
L2-0224,黑板,黑板,hēibǎn,N,2,1-3,1-3,,False,https://forvo.com/word/黑板/#zh
L2-0225,黑色,黑色,hēisè,N,2,1-4,1-4,,False,https://forvo.com/word/黑色/#zh
L2-0226,红,紅,hóng,Adj,2,2,2,,False,https://forvo.com/word/红/#zh
L2-0227,红色,紅色,hóngsè,N,2,2-4,2-4,,False,https://forvo.com/word/红色/#zh
L2-0228,后来,後來,hòulái,N,2,4-2,4-2,,False,https://forvo.com/word/后来/#zh
L2-0229,忽然,忽然,hūrán,Adv,2,1-2,1-2,,False,https://forvo.com/word/忽然/#zh
L2-0230,湖,湖,hú,N,2,2,2,,False,https://forvo.com/word/湖/#zh
L2-0231,护照,護照,hùzhào,N,2,4-4,4-4,,False,https://forvo.com/word/护照/#zh
L2-0232,花,花,huā,V,2,1,1,,False,https://forvo.com/word/花/#zh
L2-0233,花园,花園,huāyuán,N,2,1-2,1-2,,False,https://forvo.com/word/花园/#zh
L2-0234,画,畫,huà,V,2,4,4,,False,https://forvo.com/word/画/#zh
L2-0235,画家,畫家,huàjiā,N,2,4-1,4-1,,False,https://forvo.com/word/画家/#zh
L2-0236,画儿,畫兒,huàr,N,2,4-N,4-N,neutral_tone,False,https://forvo.com/word/画儿/#zh
L2-0237,坏处,壞處,huàichù,N,2,4-N,4-N,neutral_tone,False,https://forvo.com/word/坏处/#zh
L2-0238,坏人,壞人,huàirén,N,2,4-2,4-2,,False,https://forvo.com/word/坏人/#zh
L2-0239,欢迎,歡迎,huānyíng,V,2,1-2,1-2,,False,https://forvo.com/word/欢迎/#zh
L2-0240,换,換,huàn,V,2,4,4,,False,https://forvo.com/word/换/#zh
L2-0241,黄,黃,huáng,Adj,2,2,2,,False,https://forvo.com/word/黄/#zh
L2-0242,黄色,黃色,huángsè,N,2,2-4,2-4,,False,https://forvo.com/word/黄色/#zh
L2-0243,回,回,huí,M,2,2,2,,False,https://forvo.com/word/回/#zh
L2-0244,回国,回國,huí guó,,2,2-2,2-2,,False,https://forvo.com/word/回国/#zh
L2-0245,会,會,huì,N,2,4,4,,False,https://forvo.com/word/会/#zh
L2-0246,活动,活動,huódòng,V/N,2,2-4,2-4,,False,https://forvo.com/word/活动/#zh
L2-0247,或,或,huò,Conj,2,4,4,,False,https://forvo.com/word/或/#zh
L2-0248,或者,或者,huòzhě,Conj,2,4-3,4-3,,False,https://forvo.com/word/或者/#zh
L2-0249,机会,機會,jīhuì,N,2,1-4,1-4,,False,https://forvo.com/word/机会/#zh
L2-0250,鸡,雞,jī,N,2,1,1,,False,https://forvo.com/word/鸡/#zh
L2-0251,级,級,jí,N,2,2,2,,False,https://forvo.com/word/级/#zh
L2-0252,急,急,jí,Adj,2,2,2,,False,https://forvo.com/word/急/#zh
L2-0253,计划,計劃,jìhuà,N/V,2,4-4,4-4,,False,https://forvo.com/word/计划/#zh
L2-0254,计算机,計算機,jìsuànjī,N,2,4-4-1,4-4-1,,False,https://forvo.com/word/计算机/#zh
L2-0255,加,加,jiā,V,2,1,1,,False,https://forvo.com/word/加/#zh
L2-0256,加油,加油,jiāyóu,,2,1-2,1-2,,False,https://forvo.com/word/加油/#zh
L2-0257,家（科学家）,家（科學家）,jiā (kēxuéjiā),Suffix,2,1,1,,False,https://forvo.com/word/家（科学家）/#zh
L2-0258,家庭,家庭,jiātíng,N,2,1-2,1-2,,False,https://forvo.com/word/家庭/#zh
L2-0259,家长,家長,jiāzhǎng,N,2,1-3,1-3,,False,https://forvo.com/word/家长/#zh
L2-0260,假,假,jiǎ,Adj,2,3,3,,False,https://forvo.com/word/假/#zh
L2-0261,假期,假期,jiàqī,N,2,4-1,4-1,,False,https://forvo.com/word/假期/#zh
L2-0262,检查,檢查,jiǎnchá,V/N,2,3-2,3-2,,False,https://forvo.com/word/检查/#zh
L2-0263,见到,見到,jiàndào,,2,4-4,4-4,,False,https://forvo.com/word/见到/#zh
L2-0264,见过,見過,jiànguo,,2,4,4,,False,https://forvo.com/word/见过/#zh
L2-0265,件,件,jiàn,M,2,4,4,,False,https://forvo.com/word/件/#zh
L2-0266,健康,健康,jiànkāng,Adj/N,2,4-1,4-1,,False,https://forvo.com/word/健康/#zh
L2-0267,讲,講,jiǎng,V,2,3,3,,False,https://forvo.com/word/讲/#zh
L2-0268,讲话,講話,jiǎnghuà,,2,3-4,3-4,,False,https://forvo.com/word/讲话/#zh
L2-0269,交,交,jiāo,V,2,1,1,,False,https://forvo.com/word/交/#zh
L2-0270,交给,交給,jiāo gěi,,2,1-3,1-3,,False,https://forvo.com/word/交给/#zh
L2-0271,交朋友,交朋友,jiāo péngyou,,2,1-2-N,1-2-N,neutral_tone,False,https://forvo.com/word/交朋友/#zh
L2-0272,交通,交通,jiāotōng,N,2,1-1,1-1,,False,https://forvo.com/word/交通/#zh
L2-0273,角,角,jiǎo,M/N,2,3,3,,False,https://forvo.com/word/角/#zh
L2-0274,角度,角度,jiǎodù,N,2,3-4,3-4,,False,https://forvo.com/word/角度/#zh
L2-0275,饺子,餃子,jiǎozi,N,2,3-N,3-N,neutral_tone,False,https://forvo.com/word/饺子/#zh
L2-0276,脚,腳,jiǎo,N,2,3,3,,False,https://forvo.com/word/脚/#zh
L2-0277,叫作,叫作,jiàozuò,V,2,4-4,4-4,,False,https://forvo.com/word/叫作/#zh
L2-0278,教师,教師,jiàoshī,N,2,4-1,4-1,,False,https://forvo.com/word/教师/#zh
L2-0279,教室,教室,jiàoshì,N,2,4-4,4-4,,False,https://forvo.com/word/教室/#zh
L2-0280,教学,教學,jiàoxué,N,2,4-2,4-2,,False,https://forvo.com/word/教学/#zh
L2-0281,教育,教育,jiàoyù,V/N,2,4-4,4-4,,False,https://forvo.com/word/教育/#zh
L2-0282,接,接,jiē,V,2,1,1,,False,https://forvo.com/word/接/#zh
L2-0283,接到,接到,jiēdào,,2,1-4,1-4,,False,https://forvo.com/word/接到/#zh
L2-0284,接受,接受,jiēshòu,V,2,1-4,1-4,,False,https://forvo.com/word/接受/#zh
L2-0285,接下来,接下來,jiē xiàlái,,2,1-4-2,1-4-2,,False,https://forvo.com/word/接下来/#zh
L2-0286,接着,接著,jiēzhe,V/Adv,2,1-N,1-N,neutral_tone,False,https://forvo.com/word/接着/#zh
L2-0287,街,街,jiē,N,2,1,1,,False,https://forvo.com/word/街/#zh
L2-0288,节,節,jié,N/M,2,2,2,,False,https://forvo.com/word/节/#zh
L2-0289,节目,節目,jiémù,N,2,2-4,2-4,,False,https://forvo.com/word/节目/#zh
L2-0290,节日,節日,jiérì,N,2,2-4,2-4,,False,https://forvo.com/word/节日/#zh
L2-0291,结果,結果,jiéguǒ,N/Conj,2,2-3,2-3,,False,https://forvo.com/word/结果/#zh
L2-0292,借,借,jiè,V,2,4,4,,False,https://forvo.com/word/借/#zh
L2-0293,斤,斤,jīn,M,2,1,1,,False,https://forvo.com/word/斤/#zh
L2-0294,今后,今後,jīnhòu,N,2,1-4,1-4,,False,https://forvo.com/word/今后/#zh
L2-0295,进入,進入,jìnrù,V,2,4-4,4-4,,False,https://forvo.com/word/进入/#zh
L2-0296,进行,進行,jìnxíng,V,2,4-2,4-2,,False,https://forvo.com/word/进行/#zh
L2-0297,近,近,jìn,Adj,2,4,4,,False,https://forvo.com/word/近/#zh
L2-0298,经常,經常,jīngcháng,Adv,2,1-2,1-2,,False,https://forvo.com/word/经常/#zh
L2-0299,经过,經過,jīngguò,V/N,2,1-4,1-4,,False,https://forvo.com/word/经过/#zh
L2-0300,经理,經理,jīnglǐ,N,2,1-3,1-3,,False,https://forvo.com/word/经理/#zh
L2-0301,酒,酒,jiǔ,N,2,3,3,,False,https://forvo.com/word/酒/#zh
L2-0302,酒店,酒店,jiǔdiàn,N,2,3-4,3-4,,False,https://forvo.com/word/酒店/#zh
L2-0303,就要,就要,jiùyào,Adv,2,4-4,4-4,,False,https://forvo.com/word/就要/#zh
L2-0304,举,舉,jǔ,V,2,3,3,,False,https://forvo.com/word/举/#zh
L2-0305,举手,舉手,jǔshǒu,V,2,3-3,2-3,third_tone_sandhi,False,https://forvo.com/word/举手/#zh
L2-0306,举行,舉行,jǔxíng,V,2,3-2,3-2,,False,https://forvo.com/word/举行/#zh
L2-0307,句,句,jù,M,2,4,4,,False,https://forvo.com/word/句/#zh
L2-0308,句子,句子,jùzi,N,2,4-N,4-N,neutral_tone,False,https://forvo.com/word/句子/#zh
L2-0309,卡,卡,kǎ,N,2,3,3,,False,https://forvo.com/word/卡/#zh
L2-0310,开机,開機,kāijī,,2,1-1,1-1,,False,https://forvo.com/word/开机/#zh
L2-0311,开心,開心,kāixīn,Adj/V,2,1-1,1-1,,False,https://forvo.com/word/开心/#zh
L2-0312,开学,開學,kāixué,,2,1-2,1-2,,False,https://forvo.com/word/开学/#zh
L2-0313,看法,看法,kànfǎ,N,2,4-3,4-3,,False,https://forvo.com/word/看法/#zh
L2-0314,考生,考生,kǎoshēng,N,2,3-1,3-1,,False,https://forvo.com/word/考生/#zh
L2-0315,靠,靠,kào,V,2,4,4,,False,https://forvo.com/word/靠/#zh
L2-0316,科,科,kē,N,2,1,1,,False,https://forvo.com/word/科/#zh
L2-0317,科学,科學,kēxué,N/Adj,2,1-2,1-2,,False,https://forvo.com/word/科学/#zh
L2-0318,可爱,可愛,kě'ài,Adj,2,3-4,3-4,,False,https://forvo.com/word/可爱/#zh
L2-0319,可能,可能,kěnéng,V/Adj/N,2,3-2,3-2,,False,https://forvo.com/word/可能/#zh
L2-0320,可怕,可怕,kěpà,Adj,2,3-4,3-4,,False,https://forvo.com/word/可怕/#zh
L2-0321,可是,可是,kěshì,Conj,2,3-4,3-4,,False,https://forvo.com/word/可是/#zh
L2-0322,可以,可以,kěyǐ,V,2,3-3,2-3,third_tone_sandhi,False,https://forvo.com/word/可以/#zh
L2-0323,克,克,kè,M,2,4,4,,False,https://forvo.com/word/克/#zh
L2-0324,刻,刻,kè,M,2,4,4,,False,https://forvo.com/word/刻/#zh
L2-0325,客人,客人,kèrén,N,2,4-2,4-2,,False,https://forvo.com/word/客人/#zh
L2-0326,课堂,課堂,kètáng,N,2,4-2,4-2,,False,https://forvo.com/word/课堂/#zh
L2-0327,空气,空氣,kōngqì,N,2,1-4,1-4,,False,https://forvo.com/word/空气/#zh
L2-0328,哭,哭,kū,V,2,1,1,,False,https://forvo.com/word/哭/#zh
L2-0329,快餐,快餐,kuàicān,N,2,4-1,4-1,,False,https://forvo.com/word/快餐/#zh
L2-0330,快点儿,快點兒,kuài diǎnr,,2,4-3-N,4-3-N,neutral_tone,False,https://forvo.com/word/快点儿/#zh
L2-0331,快乐,快樂,kuàilè,Adj,2,4-4,4-4,,False,https://forvo.com/word/快乐/#zh
L2-0332,快要,快要,kuàiyào,Adv,2,4-4,4-4,,False,https://forvo.com/word/快要/#zh
L2-0333,筷子,筷子,kuàizi,N,2,4-N,4-N,neutral_tone,False,https://forvo.com/word/筷子/#zh
L2-0334,拉,拉,lā,V,2,1,1,,False,https://forvo.com/word/拉/#zh
L2-0335,来自,來自,láizì,V,2,2-4,2-4,,False,https://forvo.com/word/来自/#zh
L2-0336,蓝,藍,lán,Adj,2,2,2,,False,https://forvo.com/word/蓝/#zh
L2-0337,蓝色,藍色,lánsè,N,2,2-4,2-4,,False,https://forvo.com/word/蓝色/#zh
L2-0338,篮球,籃球,lánqiú,N,2,2-2,2-2,,False,https://forvo.com/word/篮球/#zh
L2-0339,老,老,lǎo,Adv,2,3,3,,False,https://forvo.com/word/老/#zh
L2-0340,老（老王）,老（老王）,lǎo (Lǎo Wáng),Prefix,2,3,3,,False,https://forvo.com/word/老（老王）/#zh
L2-0341,老年,老年,lǎonián,N,2,3-2,3-2,,False,https://forvo.com/word/老年/#zh
L2-0342,老朋友,老朋友,lǎo péngyou,,2,3-2-N,3-2-N,neutral_tone,False,https://forvo.com/word/老朋友/#zh
L2-0343,老是,老是,lǎoshì,Adv,2,3-N,3-N,neutral_tone,False,https://forvo.com/word/老是/#zh
L2-0344,离,離,lí,V/Prep,2,2,2,,False,https://forvo.com/word/离/#zh
L2-0345,离开,離開,líkāi,,2,2-1,2-1,,False,https://forvo.com/word/离开/#zh
L2-0346,礼物,禮物,lǐwù,N,2,3-4,3-4,,False,https://forvo.com/word/礼物/#zh
L2-0347,里头,裡頭,lǐtou,N,2,3-N,3-N,neutral_tone,False,https://forvo.com/word/里头/#zh
L2-0348,理想,理想,lǐxiǎng,N,2,3-3,2-3,third_tone_sandhi,False,https://forvo.com/word/理想/#zh
L2-0349,例如,例如,lìrú,V,2,4-2,4-2,,False,https://forvo.com/word/例如/#zh
L2-0350,例子,例子,lìzi,N,2,4-N,4-N,neutral_tone,False,https://forvo.com/word/例子/#zh
L2-0351,脸,臉,liǎn,N,2,3,3,,False,https://forvo.com/word/脸/#zh
L2-0352,练,練,liàn,V,2,4,4,,False,https://forvo.com/word/练/#zh
L2-0353,练习,練習,liànxí,V/N,2,4-2,4-2,,False,https://forvo.com/word/练习/#zh
L2-0354,凉,涼,liáng,Adj,2,2,2,,False,https://forvo.com/word/凉/#zh
L2-0355,凉快,涼快,liángkuai,Adj,2,2-N,2-N,neutral_tone,False,https://forvo.com/word/凉快/#zh
L2-0356,两,兩,liǎng,M,2,3,3,,False,https://forvo.com/word/两/#zh
L2-0357,亮,亮,liàng,Adj/V,2,4,4,,False,https://forvo.com/word/亮/#zh
L2-0358,辆,輛,liàng,M,2,4,4,,False,https://forvo.com/word/辆/#zh
L2-0359,零下,零下,líng xià,,2,2-4,2-4,,False,https://forvo.com/word/零下/#zh
L2-0360,留,留,liú,V,2,2,2,,False,https://forvo.com/word/留/#zh
L2-0361,留下,留下,liúxia,,2,2-4,2-4,,False,https://forvo.com/word/留下/#zh
L2-0362,留学生,留學生,liúxuéshēng,N,2,2-2-1,2-2-1,,False,https://forvo.com/word/留学生/#zh
L2-0363,流,流,liú,V,2,2,2,,False,https://forvo.com/word/流/#zh
L2-0364,流利,流利,liúlì,Adj,2,2-4,2-4,,False,https://forvo.com/word/流利/#zh
L2-0365,流行,流行,liúxíng,V/Adj,2,2-2,2-2,,False,https://forvo.com/word/流行/#zh
L2-0366,路边,路邊,lù biān,,2,4-1,4-1,,False,https://forvo.com/word/路边/#zh
L2-0367,旅客,旅客,lǚkè,N,2,3-4,3-4,,False,https://forvo.com/word/旅客/#zh
L2-0368,旅行,旅行,lǚxíng,V,2,3-2,3-2,,False,https://forvo.com/word/旅行/#zh
L2-0369,旅游,旅遊,lǚyóu,V,2,3-2,3-2,,False,https://forvo.com/word/旅游/#zh
L2-0370,绿,綠,lǜ,Adj,2,4,4,,False,https://forvo.com/word/绿/#zh
L2-0371,绿色,綠色,lǜsè,N,2,4-4,4-4,,False,https://forvo.com/word/绿色/#zh
L2-0372,卖,賣,mài,V,2,4,4,,False,https://forvo.com/word/卖/#zh
L2-0373,满,滿,mǎn,Adj,2,3,3,,False,https://forvo.com/word/满/#zh
L2-0374,满意,滿意,mǎnyì,V,2,3-4,3-4,,False,https://forvo.com/word/满意/#zh
L2-0375,猫,貓,māo,N,2,1,1,,False,https://forvo.com/word/猫/#zh
L2-0376,米,米,mǐ,M,2,3,3,,False,https://forvo.com/word/米/#zh
L2-0377,面1,面1,miàn,N/M,2,4,4,,False,https://forvo.com/word/面1/#zh
L2-0378,面2,面2,miàn,N,2,4,4,,False,https://forvo.com/word/面2/#zh
L2-0379,面前,面前,miànqián,N,2,4-2,4-2,,False,https://forvo.com/word/面前/#zh
L2-0380,名,名,míng,N/M,2,2,2,,False,https://forvo.com/word/名/#zh
L2-0381,名称,名稱,míngchēng,N,2,2-1,2-1,,False,https://forvo.com/word/名称/#zh
L2-0382,名单,名單,míngdān,N,2,2-1,2-1,,False,https://forvo.com/word/名单/#zh
L2-0383,明星,明星,míngxīng,N,2,2-1,2-1,,False,https://forvo.com/word/明星/#zh
L2-0384,目的,目的,mùdì,N,2,4-4,4-4,,False,https://forvo.com/word/目的/#zh
L2-0385,拿出,拿出,náchū,,2,2-1,2-1,,False,https://forvo.com/word/拿出/#zh
L2-0386,拿到,拿到,nádào,,2,2-4,2-4,,False,https://forvo.com/word/拿到/#zh
L2-0387,那,那,nà,Conj,2,4,4,,False,https://forvo.com/word/那/#zh
L2-0388,那会儿,那會兒,nàhuìr,Pron,2,4-4-N,4-4-N,neutral_tone,False,https://forvo.com/word/那会儿/#zh
L2-0389,那么,那麼,nàme,Pron,2,4-N,4-N,neutral_tone,False,https://forvo.com/word/那么/#zh
L2-0390,那时候,那時候,nà shíhou,,2,4-2-N,4-2-N,neutral_tone,False,https://forvo.com/word/那时候/#zh
L2-0391,那样,那樣,nàyàng,Pron,2,4-4,4-4,,False,https://forvo.com/word/那样/#zh
L2-0392,南方,南方,nánfāng,N,2,2-1,2-1,,False,https://forvo.com/word/南方/#zh
L2-0393,难过,難過,nánguò,Adj,2,2-4,2-4,,False,https://forvo.com/word/难过/#zh
L2-0394,难看,難看,nánkàn,Adj,2,2-4,2-4,,False,https://forvo.com/word/难看/#zh
L2-0395,难受,難受,nánshòu,Adj,2,2-4,2-4,,False,https://forvo.com/word/难受/#zh
L2-0396,难题,難題,nántí,N,2,2-2,2-2,,False,https://forvo.com/word/难题/#zh
L2-0397,难听,難聽,nántīng,Adj,2,2-1,2-1,,False,https://forvo.com/word/难听/#zh
L2-0398,能够,能夠,nénggòu,V,2,2-4,2-4,,False,https://forvo.com/word/能够/#zh
L2-0399,年级,年級,niánjí,N,2,2-2,2-2,,False,https://forvo.com/word/年级/#zh
L2-0400,年轻,年輕,niánqīng,Adj,2,2-1,2-1,,False,https://forvo.com/word/年轻/#zh
L2-0401,鸟,鳥,niǎo,N,2,3,3,,False,https://forvo.com/word/鸟/#zh
L2-0402,弄,弄,nòng,V,2,4,4,,False,https://forvo.com/word/弄/#zh
L2-0403,努力,努力,nǔlì,Adj,2,3-4,3-4,,False,https://forvo.com/word/努力/#zh
L2-0404,爬,爬,pá,V,2,2,2,,False,https://forvo.com/word/爬/#zh
L2-0405,爬山,爬山,pá shān,,2,2-1,2-1,,False,https://forvo.com/word/爬山/#zh
L2-0406,怕,怕,pà,V,2,4,4,,False,https://forvo.com/word/怕/#zh
L2-0407,排,排,pái,N/M,2,2,2,,False,https://forvo.com/word/排/#zh
L2-0408,排队,排隊,páiduì,,2,2-4,2-4,,False,https://forvo.com/word/排队/#zh
L2-0409,排球,排球,páiqiú,N,2,2-2,2-2,,False,https://forvo.com/word/排球/#zh
L2-0410,碰,碰,pèng,V,2,4,4,,False,https://forvo.com/word/碰/#zh
L2-0411,碰到,碰到,pèngdào,,2,4-4,4-4,,False,https://forvo.com/word/碰到/#zh
L2-0412,碰见,碰見,pèngjiàn,,2,4-4,4-4,,False,https://forvo.com/word/碰见/#zh
L2-0413,篇,篇,piān,M,2,1,1,,False,https://forvo.com/word/篇/#zh
L2-0414,便宜,便宜,piányi,Adj/N,2,2-N,2-N,neutral_tone,False,https://forvo.com/word/便宜/#zh
L2-0415,片,片,piàn,M,2,4,4,,False,https://forvo.com/word/片/#zh
L2-0416,漂亮,漂亮,piàoliang,Adj,2,4-N,4-N,neutral_tone,False,https://forvo.com/word/漂亮/#zh
L2-0417,平,平,píng,Adj,2,2,2,,False,https://forvo.com/word/平/#zh
L2-0418,平安,平安,píng'ān,Adj,2,2-1,2-1,,False,https://forvo.com/word/平安/#zh
L2-0419,平常,平常,píngcháng,N/Adj,2,2-2,2-2,,False,https://forvo.com/word/平常/#zh
L2-0420,平等,平等,píngděng,Adj,2,2-3,2-3,,False,https://forvo.com/word/平等/#zh
L2-0421,平时,平時,píngshí,N,2,2-2,2-2,,False,https://forvo.com/word/平时/#zh
L2-0422,瓶,瓶,píng,N/M,2,2,2,,False,https://forvo.com/word/瓶/#zh
L2-0423,瓶子,瓶子,píngzi,N,2,2-N,2-N,neutral_tone,False,https://forvo.com/word/瓶子/#zh
L2-0424,普通,普通,pǔtōng,Adj,2,3-1,3-1,,False,https://forvo.com/word/普通/#zh
L2-0425,普通话,普通話,pǔtōnghuà,N,2,3-1-4,3-1-4,,False,https://forvo.com/word/普通话/#zh
L2-0426,其他,其他,qítā,Pron,2,2-1,2-1,,False,https://forvo.com/word/其他/#zh
L2-0427,其中,其中,qízhōng,N,2,2-1,2-1,,False,https://forvo.com/word/其中/#zh
L2-0428,骑,騎,qí,V,2,2,2,,False,https://forvo.com/word/骑/#zh
L2-0429,骑车,騎車,qí chē,,2,2-1,2-1,,False,https://forvo.com/word/骑车/#zh
L2-0430,起飞,起飛,qǐfēi,V,2,3-1,3-1,,False,https://forvo.com/word/起飞/#zh
L2-0431,气,氣,qì,V/N,2,4,4,,False,https://forvo.com/word/气/#zh
L2-0432,气温,氣溫,qìwēn,N,2,4-1,4-1,,False,https://forvo.com/word/气温/#zh
L2-0433,千,千,qiān,Num,2,1,1,,False,https://forvo.com/word/千/#zh
L2-0434,千克,千克,qiānkè,M,2,1-4,1-4,,False,https://forvo.com/word/千克/#zh
L2-0435,前年,前年,qiánnián,N,2,2-2,2-2,,False,https://forvo.com/word/前年/#zh
L2-0436,墙,牆,qiáng,N,2,2,2,,False,https://forvo.com/word/墙/#zh
L2-0437,青年,青年,qīngnián,N,2,1-2,1-2,,False,https://forvo.com/word/青年/#zh
L2-0438,青少年,青少年,qīng-shàonián,N,2,1-4-2,1-4-2,,False,https://forvo.com/word/青少年/#zh
L2-0439,轻,輕,qīng,Adj,2,1,1,,False,https://forvo.com/word/轻/#zh
L2-0440,清楚,清楚,qīngchu,Adj,2,1-N,1-N,neutral_tone,False,https://forvo.com/word/清楚/#zh
L2-0441,晴,晴,qíng,Adj,2,2,2,,False,https://forvo.com/word/晴/#zh
L2-0442,晴天,晴天,qíngtiān,N,2,2-1,2-1,,False,https://forvo.com/word/晴天/#zh
L2-0443,请客,請客,qǐngkè,,2,3-4,3-4,,False,https://forvo.com/word/请客/#zh
L2-0444,请求,請求,qǐngqiú,V/N,2,3-2,3-2,,False,https://forvo.com/word/请求/#zh
L2-0445,秋天,秋天,qiūtiān,N,2,1-1,1-1,,False,https://forvo.com/word/秋天/#zh
L2-0446,求,求,qiú,V,2,2,2,,False,https://forvo.com/word/求/#zh
L2-0447,球场,球場,qiúchǎng,N,2,2-3,2-3,,False,https://forvo.com/word/球场/#zh
L2-0448,球队,球隊,qiúduì,N,2,2-4,2-4,,False,https://forvo.com/word/球队/#zh
L2-0449,球鞋,球鞋,qiúxié,N,2,2-2,2-2,,False,https://forvo.com/word/球鞋/#zh
L2-0450,取,取,qǔ,V,2,3,3,,False,https://forvo.com/word/取/#zh
L2-0451,取得,取得,qǔdé,V,2,3-2,3-2,,False,https://forvo.com/word/取得/#zh
L2-0452,全,全,quán,Adv/Adj,2,2,2,,False,https://forvo.com/word/全/#zh
L2-0453,全部,全部,quánbù,N,2,2-4,2-4,,False,https://forvo.com/word/全部/#zh
L2-0454,全国,全國,quánguó,N,2,2-2,2-2,,False,https://forvo.com/word/全国/#zh
L2-0455,全家,全家,quánjiā,N,2,2-1,2-1,,False,https://forvo.com/word/全家/#zh
L2-0456,全年,全年,quánnián,N,2,2-2,2-2,,False,https://forvo.com/word/全年/#zh
L2-0457,全身,全身,quánshēn,N,2,2-1,2-1,,False,https://forvo.com/word/全身/#zh
L2-0458,全体,全體,quántǐ,N,2,2-3,2-3,,False,https://forvo.com/word/全体/#zh
L2-0459,然后,然後,ránhòu,Conj,2,2-4,2-4,,False,https://forvo.com/word/然后/#zh
L2-0460,让,讓,ràng,V/Prep,2,4,4,,False,https://forvo.com/word/让/#zh
L2-0461,热情,熱情,rèqíng,N/Adj,2,4-2,4-2,,False,https://forvo.com/word/热情/#zh
L2-0462,人口,人口,rénkǒu,N,2,2-3,2-3,,False,https://forvo.com/word/人口/#zh
L2-0463,人们,人們,rénmen,N,2,2-N,2-N,neutral_tone,False,https://forvo.com/word/人们/#zh
L2-0464,人数,人數,rénshù,N,2,2-4,2-4,,False,https://forvo.com/word/人数/#zh
L2-0465,认为,認為,rènwéi,V,2,4-2,4-2,,False,https://forvo.com/word/认为/#zh
L2-0466,日报,日報,rìbào,N,2,4-4,4-4,,False,https://forvo.com/word/日报/#zh
L2-0467,日子,日子,rìzi,N,2,4-N,4-N,neutral_tone,False,https://forvo.com/word/日子/#zh
L2-0468,如果,如果,rúguǒ,Conj,2,2-3,2-3,,False,https://forvo.com/word/如果/#zh
L2-0469,入口,入口,rùkǒu,N,2,4-3,4-3,,False,https://forvo.com/word/入口/#zh
L2-0470,商量,商量,shāngliang,V,2,1-N,1-N,neutral_tone,False,https://forvo.com/word/商量/#zh
L2-0471,商人,商人,shāngrén,N,2,1-2,1-2,,False,https://forvo.com/word/商人/#zh
L2-0472,上周,上周,shàng zhōu,,2,4-1,4-1,,False,https://forvo.com/word/上周/#zh
L2-0473,少数,少數,shǎoshù,N,2,3-4,3-4,,False,https://forvo.com/word/少数/#zh
L2-0474,少年,少年,shàonián,N,2,4-2,4-2,,False,https://forvo.com/word/少年/#zh
L2-0475,身边,身邊,shēnbiān,N,2,1-1,1-1,,False,https://forvo.com/word/身边/#zh
L2-0476,什么样,什麼樣,shénmeyàng,Pron,2,2-N-4,2-N-4,neutral_tone,False,https://forvo.com/word/什么样/#zh
L2-0477,生,生,shēng,V,2,1,1,,False,https://forvo.com/word/生/#zh
L2-0478,生词,生詞,shēngcí,N,2,1-2,1-2,,False,https://forvo.com/word/生词/#zh
L2-0479,生活,生活,shēnghuó,N/V,2,1-2,1-2,,False,https://forvo.com/word/生活/#zh
L2-0480,声音,聲音,shēngyīn,N,2,1-1,1-1,,False,https://forvo.com/word/声音/#zh
L2-0481,省,省,shěng,N,2,3,3,,False,https://forvo.com/word/省/#zh
L2-0482,省,省,shěng,V,2,3,3,,False,https://forvo.com/word/省/#zh
L2-0483,十分,十分,shífēn,Adv,2,2-1,2-1,,False,https://forvo.com/word/十分/#zh
L2-0484,实际,實際,shíjì,N/Adj,2,2-4,2-4,,False,https://forvo.com/word/实际/#zh
L2-0485,实习,實習,shíxí,V/N,2,2-2,2-2,,False,https://forvo.com/word/实习/#zh
L2-0486,实现,實現,shíxiàn,V,2,2-4,2-4,,False,https://forvo.com/word/实现/#zh
L2-0487,实在,實在,shízài,Adv,2,2-4,2-4,,False,https://forvo.com/word/实在/#zh
L2-0488,实在,實在,shízai,Adj,2,2-4,2-4,,False,https://forvo.com/word/实在/#zh
L2-0489,食物,食物,shíwù,N,2,2-4,2-4,,False,https://forvo.com/word/食物/#zh
L2-0490,使用,使用,shǐyòng,V,2,3-4,3-4,,False,https://forvo.com/word/使用/#zh
L2-0491,市,市,shì,N,2,4,4,,False,https://forvo.com/word/市/#zh
L2-0492,市长,市長,shìzhǎng,N,2,4-3,4-3,,False,https://forvo.com/word/市长/#zh
L2-0493,事情,事情,shìqing,N,2,4-N,4-N,neutral_tone,False,https://forvo.com/word/事情/#zh
L2-0494,收,收,shōu,V,2,1,1,,False,https://forvo.com/word/收/#zh
L2-0495,收到,收到,shōudào,,2,1-4,1-4,,False,https://forvo.com/word/收到/#zh
L2-0496,收入,收入,shōurù,V/N,2,1-4,1-4,,False,https://forvo.com/word/收入/#zh
L2-0497,手表,手錶,shǒubiǎo,N,2,3-3,2-3,third_tone_sandhi,False,https://forvo.com/word/手表/#zh
L2-0498,受到,受到,shòudào,,2,4-4,4-4,,False,https://forvo.com/word/受到/#zh
L2-0499,舒服,舒服,shūfu,Adj,2,1-N,1-N,neutral_tone,False,https://forvo.com/word/舒服/#zh
L2-0500,熟,熟,shú/shóu,Adj,2,2,2,,False,https://forvo.com/word/熟/#zh
L2-0501,数,數,shǔ,V,2,3,3,,False,https://forvo.com/word/数/#zh
L2-0502,数字,數字,shùzì,N,2,4-4,4-4,,False,https://forvo.com/word/数字/#zh
L2-0503,水平,水平,shuǐpíng,N,2,3-2,3-2,,False,https://forvo.com/word/水平/#zh
L2-0504,顺利,順利,shùnlì,Adj,2,4-4,4-4,,False,https://forvo.com/word/顺利/#zh
L2-0505,说明,說明,shuōmíng,V/N,2,1-2,1-2,,False,https://forvo.com/word/说明/#zh
L2-0506,司机,司機,sījī,N,2,1-1,1-1,,False,https://forvo.com/word/司机/#zh
L2-0507,送到,送到,sòngdào,,2,4-4,4-4,,False,https://forvo.com/word/送到/#zh
L2-0508,送给,送給,sòng gěi,,2,4-3,4-3,,False,https://forvo.com/word/送给/#zh
L2-0509,算,算,suàn,V,2,4,4,,False,https://forvo.com/word/算/#zh
L2-0510,虽然,雖然,suīrán,Conj,2,1-2,1-2,,False,https://forvo.com/word/虽然/#zh
L2-0511,随便,隨便,suíbiàn,Adj,2,2-4,2-4,,False,https://forvo.com/word/随便/#zh
L2-0512,随时,隨時,suíshí,Adv,2,2-2,2-2,,False,https://forvo.com/word/随时/#zh
L2-0513,所以,所以,suǒyǐ,Conj,2,3-3,2-3,third_tone_sandhi,False,https://forvo.com/word/所以/#zh
L2-0514,所有,所有,suǒyǒu,Adj,2,3-3,2-3,third_tone_sandhi,False,https://forvo.com/word/所有/#zh
L2-0515,它,它,tā,Pron,2,1,1,,False,https://forvo.com/word/它/#zh
L2-0516,它们,它們,tāmen,Pron,2,1-N,1-N,neutral_tone,False,https://forvo.com/word/它们/#zh
L2-0517,太太,太太,tàitai,N,2,4-N,4-N,neutral_tone,False,https://forvo.com/word/太太/#zh
L2-0518,太阳,太陽,tàiyáng,N,2,4-N,4-N,neutral_tone,False,https://forvo.com/word/太阳/#zh
L2-0519,态度,態度,tàidù,N,2,4-N,4-N,neutral_tone,False,https://forvo.com/word/态度/#zh
L2-0520,讨论,討論,tǎolùn,V,2,3-4,3-4,,False,https://forvo.com/word/讨论/#zh
L2-0521,套,套,tào,M,2,4,4,,False,https://forvo.com/word/套/#zh
L2-0522,特别,特別,tèbié,Adj/Adv,2,4-2,4-2,,False,https://forvo.com/word/特别/#zh
L2-0523,特点,特點,tèdiǎn,N,2,4-3,4-3,,False,https://forvo.com/word/特点/#zh
L2-0524,疼,疼,téng,V,2,2,2,,False,https://forvo.com/word/疼/#zh
L2-0525,提,提,tí,V,2,2,2,,False,https://forvo.com/word/提/#zh
L2-0526,提出,提出,tíchū,,2,2-1,2-1,,False,https://forvo.com/word/提出/#zh
L2-0527,提到,提到,tídào,,2,2-4,2-4,,False,https://forvo.com/word/提到/#zh
L2-0528,提高,提高,tígāo,,2,2-1,2-1,,False,https://forvo.com/word/提高/#zh
L2-0529,题,題,tí,N,2,2,2,,False,https://forvo.com/word/题/#zh
L2-0530,体育,體育,tǐyù,N,2,3-4,3-4,,False,https://forvo.com/word/体育/#zh
L2-0531,体育场,體育場,tǐyùchǎng,N,2,3-4-3,3-4-3,,False,https://forvo.com/word/体育场/#zh
L2-0532,体育馆,體育館,tǐyùguǎn,N,2,3-4-3,3-4-3,,False,https://forvo.com/word/体育馆/#zh
L2-0533,天上,天上,tiānshàng,N,2,1-4,1-4,,False,https://forvo.com/word/天上/#zh
L2-0534,条,條,tiáo,M,2,2,2,,False,https://forvo.com/word/条/#zh
L2-0535,条件,條件,tiáojiàn,N,2,2-4,2-4,,False,https://forvo.com/word/条件/#zh
L2-0536,听讲,聽講,tīngjiǎng,,2,1-3,1-3,,False,https://forvo.com/word/听讲/#zh
L2-0537,听说,聽說,tīngshuō,V,2,1-1,1-1,,False,https://forvo.com/word/听说/#zh
L2-0538,停,停,tíng,V,2,2,2,,False,https://forvo.com/word/停/#zh
L2-0539,停车,停車,tíngchē,,2,2-1,2-1,,False,https://forvo.com/word/停车/#zh
L2-0540,停车场,停車場,tíngchēchǎng,N,2,2-1-3,2-1-3,,False,https://forvo.com/word/停车场/#zh
L2-0541,挺,挺,tǐng,Adv,2,3,3,,False,https://forvo.com/word/挺/#zh
L2-0542,挺好,挺好,tǐng hǎo,,2,3-3,2-3,third_tone_sandhi,False,https://forvo.com/word/挺好/#zh
L2-0543,通,通,tōng,V/Adj,2,1,1,,False,https://forvo.com/word/通/#zh
L2-0544,通过,通過,tōngguò,Prep/V,2,1-4,1-4,,False,https://forvo.com/word/通过/#zh
L2-0545,通知,通知,tōngzhī,V/N,2,1-1,1-1,,False,https://forvo.com/word/通知/#zh
L2-0546,同时,同時,tóngshí,Conj/N,2,2-2,2-2,,False,https://forvo.com/word/同时/#zh
L2-0547,同事,同事,tóngshì,N,2,2-4,2-4,,False,https://forvo.com/word/同事/#zh
L2-0548,同样,同樣,tóngyàng,Adj/Conj,2,2-4,2-4,,False,https://forvo.com/word/同样/#zh
L2-0549,头,頭,tóu,N/M,2,2,2,,False,https://forvo.com/word/头/#zh
L2-0550,头（里头）,頭（裡頭）,tou (lǐtou),Suffix,2,N,N,neutral_tone,False,https://forvo.com/word/头（里头）/#zh
L2-0551,头发,頭髮,tóufa,N,2,2-N,2-N,neutral_tone,False,https://forvo.com/word/头发/#zh
L2-0552,图片,圖片,túpiàn,N,2,2-4,2-4,,False,https://forvo.com/word/图片/#zh
L2-0553,推,推,tuī,V,2,1,1,,False,https://forvo.com/word/推/#zh
L2-0554,腿,腿,tuǐ,N,2,3,3,,False,https://forvo.com/word/腿/#zh
L2-0555,外地,外地,wàidì,N,2,4-4,4-4,,False,https://forvo.com/word/外地/#zh
L2-0556,外卖,外賣,wàimài,N/V,2,4-4,4-4,,False,https://forvo.com/word/外卖/#zh
L2-0557,完,完,wán,V,2,2,2,,False,https://forvo.com/word/完/#zh
L2-0558,完成,完成,wánchéng,,2,2-2,2-2,,False,https://forvo.com/word/完成/#zh
L2-0559,完全,完全,wánquán,Adj/Adv,2,2-2,2-2,,False,https://forvo.com/word/完全/#zh
L2-0560,晚安,晚安,wǎn'ān,V,2,3-1,3-1,,False,https://forvo.com/word/晚安/#zh
L2-0561,晚报,晚報,wǎnbào,N,2,3-4,3-4,,False,https://forvo.com/word/晚报/#zh
L2-0562,晚餐,晚餐,wǎncān,N,2,3-1,3-1,,False,https://forvo.com/word/晚餐/#zh
L2-0563,晚会,晚會,wǎnhuì,N,2,3-4,3-4,,False,https://forvo.com/word/晚会/#zh
L2-0564,碗,碗,wǎn,N,2,3,3,,False,https://forvo.com/word/碗/#zh
L2-0565,万,萬,wàn,Num,2,4,4,,False,https://forvo.com/word/万/#zh
L2-0566,网,網,wǎng,N,2,3,3,,False,https://forvo.com/word/网/#zh
L2-0567,网球,網球,wǎngqiú,N,2,3-2,3-2,,False,https://forvo.com/word/网球/#zh
L2-0568,网站,網站,wǎngzhàn,N,2,3-4,3-4,,False,https://forvo.com/word/网站/#zh
L2-0569,往,往,wǎng,V/Prep,2,3,3,,False,https://forvo.com/word/往/#zh
L2-0570,为,為,wèi,Prep,2,4,4,,False,https://forvo.com/word/为/#zh
L2-0571,为什么,為什麼,wèi shénme,,2,4-2-N,4-2-N,neutral_tone,False,https://forvo.com/word/为什么/#zh
L2-0572,位,位,wèi,M,2,4,4,,False,https://forvo.com/word/位/#zh
L2-0573,味道,味道,wèidào,N,2,4-N,4-N,neutral_tone,False,https://forvo.com/word/味道/#zh
L2-0574,喂,喂,wèi,Intj,2,4,4,,False,https://forvo.com/word/喂/#zh
L2-0575,温度,溫度,wēndù,N,2,1-4,1-4,,False,https://forvo.com/word/温度/#zh
L2-0576,闻,聞,wén,V,2,2,2,,False,https://forvo.com/word/闻/#zh
L2-0577,问路,問路,wènlù,V,2,4-4,4-4,,False,https://forvo.com/word/问路/#zh
L2-0578,问题,問題,wèntí,N,2,4-2,4-2,,False,https://forvo.com/word/问题/#zh
L2-0579,午餐,午餐,wǔcān,N,2,3-1,3-1,,False,https://forvo.com/word/午餐/#zh
L2-0580,午睡,午睡,wǔshuì,N/V,2,3-4,3-4,,False,https://forvo.com/word/午睡/#zh
L2-0581,西北,西北,xīběi,N,2,1-3,1-3,,False,https://forvo.com/word/西北/#zh
L2-0582,西餐,西餐,xīcān,N,2,1-1,1-1,,False,https://forvo.com/word/西餐/#zh
L2-0583,西方,西方,xīfāng,N,2,1-1,1-1,,False,https://forvo.com/word/西方/#zh
L2-0584,西南,西南,xīnán,N,2,1-2,1-2,,False,https://forvo.com/word/西南/#zh
L2-0585,西医,西醫,xīyī,N,2,1-1,1-1,,False,https://forvo.com/word/西医/#zh
L2-0586,习惯,習慣,xíguàn,N/V,2,2-4,2-4,,False,https://forvo.com/word/习惯/#zh
L2-0587,洗衣机,洗衣機,xǐyījī,N,2,3-1-1,3-1-1,,False,https://forvo.com/word/洗衣机/#zh
L2-0588,洗澡,洗澡,xǐzǎo,,2,3-3,2-3,third_tone_sandhi,False,https://forvo.com/word/洗澡/#zh
L2-0589,下,下,xià,M,2,4,4,,False,https://forvo.com/word/下/#zh
L2-0590,下雪,下雪,xià xuě,,2,4-3,4-3,,False,https://forvo.com/word/下雪/#zh
L2-0591,下周,下週,xià zhōu,,2,4-1,4-1,,False,https://forvo.com/word/下周/#zh
L2-0592,夏天,夏天,xiàtiān,N,2,4-1,4-1,,False,https://forvo.com/word/夏天/#zh
L2-0593,相同,相同,xiāngtóng,Adj,2,1-2,1-2,,False,https://forvo.com/word/相同/#zh
L2-0594,相信,相信,xiāngxìn,V,2,1-4,1-4,,False,https://forvo.com/word/相信/#zh
L2-0595,响,響,xiǎng,Adj,2,3,3,,False,https://forvo.com/word/响/#zh
L2-0596,想到,想到,xiǎngdào,,2,3-4,3-4,,False,https://forvo.com/word/想到/#zh
L2-0597,想法,想法,xiǎngfǎ,N,2,3-3,2-3,third_tone_sandhi,False,https://forvo.com/word/想法/#zh
L2-0598,想起,想起,xiǎngqǐ,,2,3-3,2-3,third_tone_sandhi,False,https://forvo.com/word/想起/#zh
L2-0599,向,向,xiàng,Prep/V,2,4,4,,False,https://forvo.com/word/向/#zh
L2-0600,相机,相機,xiàngjī,N,2,4-1,4-1,,False,https://forvo.com/word/相机/#zh
L2-0601,像,像,xiàng,V,2,4,4,,False,https://forvo.com/word/像/#zh
L2-0602,小（小王）,小（小王）,xiǎo (Xiǎo Wáng),Prefix,2,3,3,,False,https://forvo.com/word/小（小王）/#zh
L2-0603,小声,小聲,xiǎo shēng,,2,3-1,3-1,,False,https://forvo.com/word/小声/#zh
L2-0604,小时候,小時候,xiǎoshíhou,N,2,3-2-N,3-2-N,neutral_tone,False,https://forvo.com/word/小时候/#zh
L2-0605,小说,小說,xiǎoshuō,N,2,3-1,3-1,,False,https://forvo.com/word/小说/#zh
L2-0606,小心,小心,xiǎoxīn,Adj/V,2,3-1,3-1,,False,https://forvo.com/word/小心/#zh
L2-0607,小组,小組,xiǎozǔ,N,2,3-3,2-3,third_tone_sandhi,False,https://forvo.com/word/小组/#zh
L2-0608,校园,校園,xiàoyuán,N,2,4-2,4-2,,False,https://forvo.com/word/校园/#zh
L2-0609,校长,校長,xiàozhǎng,N,2,4-3,4-3,,False,https://forvo.com/word/校长/#zh
L2-0610,笑话,笑話,xiàohua,V,2,4-N,4-N,neutral_tone,False,https://forvo.com/word/笑话/#zh
L2-0611,笑话儿,笑話兒,xiàohuar,N,2,4-N-N,4-N-N,neutral_tone,False,https://forvo.com/word/笑话儿/#zh
L2-0612,鞋,鞋,xié,N,2,2,2,,False,https://forvo.com/word/鞋/#zh
L2-0613,心里,心裡,xīnlǐ,N,2,1-N,1-N,neutral_tone,False,https://forvo.com/word/心里/#zh
L2-0614,心情,心情,xīnqíng,N,2,1-2,1-2,,False,https://forvo.com/word/心情/#zh
L2-0615,心中,心中,xīnzhōng,N,2,1-1,1-1,,False,https://forvo.com/word/心中/#zh
L2-0616,新闻,新聞,xīnwén,N,2,1-2,1-2,,False,https://forvo.com/word/新闻/#zh
L2-0617,信,信,xìn,N,2,4,4,,False,https://forvo.com/word/信/#zh
L2-0618,信号,信號,xìnhào,N,2,4-4,4-4,,False,https://forvo.com/word/信号/#zh
L2-0619,信息,信息,xìnxī,N,2,4-1,4-1,,False,https://forvo.com/word/信息/#zh
L2-0620,信心,信心,xìnxīn,N,2,4-1,4-1,,False,https://forvo.com/word/信心/#zh
L2-0621,信用卡,信用卡,xìnyòngkǎ,N,2,4-4-3,4-4-3,,False,https://forvo.com/word/信用卡/#zh
L2-0622,星星,星星,xīngxing,N,2,1-N,1-N,neutral_tone,False,https://forvo.com/word/星星/#zh
L2-0623,行动,行動,xíngdòng,V/N,2,2-4,2-4,,False,https://forvo.com/word/行动/#zh
L2-0624,行人,行人,xíngrén,N,2,2-2,2-2,,False,https://forvo.com/word/行人/#zh
L2-0625,行为,行為,xíngwéi,N,2,2-2,2-2,,False,https://forvo.com/word/行为/#zh
L2-0626,姓,姓,xìng,N/V,2,4,4,,False,https://forvo.com/word/姓/#zh
L2-0627,姓名,姓名,xìngmíng,N,2,4-2,4-2,,False,https://forvo.com/word/姓名/#zh
L2-0628,休假,休假,xiūjià,,2,1-4,1-4,,False,https://forvo.com/word/休假/#zh
L2-0629,许多,許多,xǔduō,Num,2,3-1,3-1,,False,https://forvo.com/word/许多/#zh
L2-0630,选,選,xuǎn,V,2,3,3,,False,https://forvo.com/word/选/#zh
L2-0631,学期,學期,xuéqī,N,2,2-1,2-1,,False,https://forvo.com/word/学期/#zh
L2-0632,雪,雪,xuě,N,2,3,3,,False,https://forvo.com/word/雪/#zh
L2-0633,颜色,顏色,yánsè,N,2,2-4,2-4,,False,https://forvo.com/word/颜色/#zh
L2-0634,眼,眼,yǎn,N/M,2,3,3,,False,https://forvo.com/word/眼/#zh
L2-0635,眼睛,眼睛,yǎnjing,N,2,3-N,3-N,neutral_tone,False,https://forvo.com/word/眼睛/#zh
L2-0636,养,養,yǎng,V,2,3,3,,False,https://forvo.com/word/养/#zh
L2-0637,样子,樣子,yàngzi,N,2,4-N,4-N,neutral_tone,False,https://forvo.com/word/样子/#zh
L2-0638,要求,要求,yāoqiú,V/N,2,1-2,1-2,,False,https://forvo.com/word/要求/#zh
L2-0639,药,藥,yào,N,2,4,4,,False,https://forvo.com/word/药/#zh
L2-0640,药店,藥店,yàodiàn,N,2,4-4,4-4,,False,https://forvo.com/word/药店/#zh
L2-0641,药片,藥片,yàopiàn,N,2,4-4,4-4,,False,https://forvo.com/word/药片/#zh
L2-0642,药水,藥水,yàoshuǐ,N,2,4-3,4-3,,False,https://forvo.com/word/药水/#zh
L2-0643,也许,也許,yěxǔ,Adv,2,3-3,2-3,third_tone_sandhi,False,https://forvo.com/word/也许/#zh
L2-0644,夜,夜,yè,N,2,4,4,,False,https://forvo.com/word/夜/#zh
L2-0645,夜里,夜裡,yèlǐ,N,2,4-N,4-N,neutral_tone,False,https://forvo.com/word/夜里/#zh
L2-0646,一部分,一部分,yī bùfen,,2,1-4-N,2-4-N,neutral_tone;yi_before_t4,False,https://forvo.com/word/一部分/#zh
L2-0647,一定,一定,yīdìng,Adj/Adv,2,1-4,2-4,yi_before_t4,False,https://forvo.com/word/一定/#zh
L2-0648,一共,一共,yīgòng,Adv,2,1-4,2-4,yi_before_t4,False,https://forvo.com/word/一共/#zh
L2-0649,一会儿,一會兒,yīhuìr,Adv,2,1-4-N,2-4-N,neutral_tone;yi_before_t4,False,https://forvo.com/word/一会儿/#zh
L2-0650,一路平安,一路平安,yīlù-píng'ān,,2,1-4-2-1,2-4-2-1,yi_before_t4,False,https://forvo.com/word/一路平安/#zh
L2-0651,一路顺风,一路順風,yīlù-shùnfēng,,2,1-4-4-1,2-4-4-1,yi_before_t4,False,https://forvo.com/word/一路顺风/#zh
L2-0652,已经,已經,yǐjīng,Adv,2,3-1,3-1,,False,https://forvo.com/word/已经/#zh
L2-0653,以后,以後,yǐhòu,N,2,3-4,3-4,,False,https://forvo.com/word/以后/#zh
L2-0654,以前,以前,yǐqián,N,2,3-2,3-2,,False,https://forvo.com/word/以前/#zh
L2-0655,以上,以上,yǐshàng,N,2,3-4,3-4,,False,https://forvo.com/word/以上/#zh
L2-0656,以外,以外,yǐwài,N,2,3-4,3-4,,False,https://forvo.com/word/以外/#zh
L2-0657,以为,以為,yǐwéi,V,2,3-2,3-2,,False,https://forvo.com/word/以为/#zh
L2-0658,以下,以下,yǐxià,N,2,3-4,3-4,,False,https://forvo.com/word/以下/#zh
L2-0659,椅子,椅子,yǐzi,N,2,3-N,3-N,neutral_tone,False,https://forvo.com/word/椅子/#zh
L2-0660,一般,一般,yībān,Adj,2,1-1,4-1,yi_before_non_t4,False,https://forvo.com/word/一般/#zh
L2-0661,一点点,一點點,yī diǎndiǎn,,2,1-3-3,4-2-3,third_tone_sandhi;yi_before_non_t4,False,https://forvo.com/word/一点点/#zh
L2-0662,一生,一生,yīshēng,N,2,1-1,4-1,yi_before_non_t4,False,https://forvo.com/word/一生/#zh
L2-0663,一直,一直,yīzhí,Adv,2,1-2,4-2,yi_before_non_t4,False,https://forvo.com/word/一直/#zh
L2-0664,亿,億,yì,Num,2,4,4,,False,https://forvo.com/word/亿/#zh
L2-0665,意见,意見,yìjiàn,N,2,4-4,4-4,,False,https://forvo.com/word/意见/#zh
L2-0666,意思,意思,yìsi,N,2,4-N,4-N,neutral_tone,False,https://forvo.com/word/意思/#zh
L2-0667,因为,因為,yīnwèi,Conj/Prep,2,1-4,1-4,,False,https://forvo.com/word/因为/#zh
L2-0668,阴,陰,yīn,Adj,2,1,1,,False,https://forvo.com/word/阴/#zh
L2-0669,阴天,陰天,yīntiān,N,2,1-1,1-1,,False,https://forvo.com/word/阴天/#zh
L2-0670,音节,音節,yīnjié,N,2,1-2,1-2,,False,https://forvo.com/word/音节/#zh
L2-0671,音乐,音樂,yīnyuè,N,2,1-4,1-4,,False,https://forvo.com/word/音乐/#zh
L2-0672,音乐会,音樂會,yīnyuèhuì,N,2,1-4-4,1-4-4,,False,https://forvo.com/word/音乐会/#zh
L2-0673,银行,銀行,yínháng,N,2,2-2,2-2,,False,https://forvo.com/word/银行/#zh
L2-0674,银行卡,銀行卡,yínhángkǎ,N,2,2-2-3,2-2-3,,False,https://forvo.com/word/银行卡/#zh
L2-0675,应该,應該,yīnggāi,V,2,1-1,1-1,,False,https://forvo.com/word/应该/#zh
L2-0676,英文,英文,Yīngwén,N,2,1-2,1-2,,False,https://forvo.com/word/英文/#zh
L2-0677,英语,英語,Yīngyǔ,N,2,1-3,1-3,,False,https://forvo.com/word/英语/#zh
L2-0678,影片,影片,yǐngpiàn,N,2,3-4,3-4,,False,https://forvo.com/word/影片/#zh
L2-0679,影响,影響,yǐngxiǎng,V/N,2,3-3,2-3,third_tone_sandhi,False,https://forvo.com/word/影响/#zh
L2-0680,永远,永遠,yǒngyuǎn,Adv,2,3-3,2-3,third_tone_sandhi,False,https://forvo.com/word/永远/#zh
L2-0681,油,油,yóu,N,2,2,2,,False,https://forvo.com/word/油/#zh
L2-0682,游客,遊客,yóukè,N,2,2-4,2-4,,False,https://forvo.com/word/游客/#zh
L2-0683,友好,友好,yǒuhǎo,Adj,2,3-3,2-3,third_tone_sandhi,False,https://forvo.com/word/友好/#zh
L2-0684,有空儿,有空兒,yǒukòngr,V,2,3-4-N,3-4-N,neutral_tone,False,https://forvo.com/word/有空儿/#zh
L2-0685,有人,有人,yǒu rén,,2,3-2,3-2,,False,https://forvo.com/word/有人/#zh
L2-0686,有（一）点儿,有（一）點兒,yǒu(yī)diǎnr,Adv,2,3-3-N,2-3-N,neutral_tone;third_tone_sandhi,False,https://forvo.com/word/有（一）点儿/#zh
L2-0687,有意思,有意思,yǒu yìsi,,2,3-4-N,3-4-N,neutral_tone,False,https://forvo.com/word/有意思/#zh
L2-0688,又,又,yòu,Adv,2,4,4,,False,https://forvo.com/word/又/#zh
L2-0689,鱼,魚,yú,N,2,2,2,,False,https://forvo.com/word/鱼/#zh
L2-0690,语言,語言,yǔyán,N,2,3-2,3-2,,False,https://forvo.com/word/语言/#zh
L2-0691,原来,原來,yuánlái,Adj/Adv,2,2-2,2-2,,False,https://forvo.com/word/原来/#zh
L2-0692,原因,原因,yuányīn,N,2,2-1,2-1,,False,https://forvo.com/word/原因/#zh
L2-0693,院,院,yuàn,N,2,4,4,,False,https://forvo.com/word/院/#zh
L2-0694,院长,院長,yuànzhǎng,N,2,4-3,4-3,,False,https://forvo.com/word/院长/#zh
L2-0695,院子,院子,yuànzi,N,2,4-N,4-N,neutral_tone,False,https://forvo.com/word/院子/#zh
L2-0696,愿意,願意,yuànyì,V,2,4-4,4-4,,False,https://forvo.com/word/愿意/#zh
L2-0697,月份,月份,yuèfèn,N,2,4-4,4-4,,False,https://forvo.com/word/月份/#zh
L2-0698,月亮,月亮,yuèliang,N,2,4-N,4-N,neutral_tone,False,https://forvo.com/word/月亮/#zh
L2-0699,越,越,yuè,Adv,2,4,4,,False,https://forvo.com/word/越/#zh
L2-0700,越来越,越來越,yuè lái yuè,,2,4-2-4,4-2-4,,False,https://forvo.com/word/越来越/#zh
L2-0701,云,雲,yún,N,2,2,2,,False,https://forvo.com/word/云/#zh
L2-0702,运动,運動,yùndòng,V/N,2,4-4,4-4,,False,https://forvo.com/word/运动/#zh
L2-0703,咱,咱,zán,Pron,2,2,2,,False,https://forvo.com/word/咱/#zh
L2-0704,咱们,咱們,zánmen,Pron,2,2-N,2-N,neutral_tone,False,https://forvo.com/word/咱们/#zh
L2-0705,脏,髒,zāng,Adj,2,1,1,,False,https://forvo.com/word/脏/#zh
L2-0706,早餐,早餐,zǎocān,N,2,3-1,3-1,,False,https://forvo.com/word/早餐/#zh
L2-0707,早晨,早晨,zǎochen,N,2,3-2,3-2,,False,https://forvo.com/word/早晨/#zh
L2-0708,早就,早就,zǎo jiù,,2,3-4,3-4,,False,https://forvo.com/word/早就/#zh
L2-0709,怎么办,怎麼辦,zěnme bàn,,2,3-N-4,3-N-4,neutral_tone,False,https://forvo.com/word/怎么办/#zh
L2-0710,怎么样,怎麼樣,zěnmeyàng,Pron,2,3-N-4,3-N-4,neutral_tone,False,https://forvo.com/word/怎么样/#zh
L2-0711,怎样,怎樣,zěnyàng,Pron,2,3-4,3-4,,False,https://forvo.com/word/怎样/#zh
L2-0712,占,占,zhàn,V,2,4,4,,False,https://forvo.com/word/占/#zh
L2-0713,站,站,zhàn,V,2,4,4,,False,https://forvo.com/word/站/#zh
L2-0714,站住,站住,zhànzhù,,2,4-4,4-4,,False,https://forvo.com/word/站住/#zh
L2-0715,长,長,zhǎng,V,2,3,3,,False,https://forvo.com/word/长/#zh
L2-0716,长大,長大,zhǎngdà,,2,3-4,3-4,,False,https://forvo.com/word/长大/#zh
L2-0717,找出,找出,zhǎochū,,2,3-1,3-1,,False,https://forvo.com/word/找出/#zh
L2-0718,照顾,照顧,zhàogù,V,2,4-N,4-N,neutral_tone,False,https://forvo.com/word/照顾/#zh
L2-0719,照片,照片,zhàopiàn,N,2,4-4,4-4,,False,https://forvo.com/word/照片/#zh
L2-0720,照相,照相,zhàoxiàng,,2,4-4,4-4,,False,https://forvo.com/word/照相/#zh
L2-0721,这么,這麼,zhème,Pron,2,4-N,4-N,neutral_tone,False,https://forvo.com/word/这么/#zh
L2-0722,这时候,這時候,zhè shíhou,,2,4-2,4-2,,False,https://forvo.com/word/这时候/#zh
L2-0723,这样,這樣,zhèyàng,Pron,2,4-4,4-4,,False,https://forvo.com/word/这样/#zh
L2-0724,真正,真正,zhēnzhèng,Adj,2,1-4,1-4,,False,https://forvo.com/word/真正/#zh
L2-0725,正常,正常,zhèngcháng,Adj,2,4-2,4-2,,False,https://forvo.com/word/正常/#zh
L2-0726,正好,正好,zhènghǎo,Adj/Adv,2,4-3,4-3,,False,https://forvo.com/word/正好/#zh
L2-0727,正确,正確,zhèngquè,Adj,2,4-4,4-4,,False,https://forvo.com/word/正确/#zh
L2-0728,正是,正是,zhèngshì,V,2,4-4,4-4,,False,https://forvo.com/word/正是/#zh
L2-0729,直接,直接,zhíjiē,Adj,2,2-1,2-1,,False,https://forvo.com/word/直接/#zh
L2-0730,只,只,zhǐ,Adv,2,3,3,,False,https://forvo.com/word/只/#zh
L2-0731,只能,只能,zhǐ néng,,2,3-2,3-2,,False,https://forvo.com/word/只能/#zh
L2-0732,只要,只要,zhǐyào,Conj,2,3-4,3-4,,False,https://forvo.com/word/只要/#zh
L2-0733,纸,紙,zhǐ,N,2,3,3,,False,https://forvo.com/word/纸/#zh
L2-0734,中餐,中餐,zhōngcān,N,2,1-1,1-1,,False,https://forvo.com/word/中餐/#zh
L2-0735,中级,中級,zhōngjí,Adj,2,1-2,1-2,,False,https://forvo.com/word/中级/#zh
L2-0736,中年,中年,zhōngnián,N,2,1-2,1-2,,False,https://forvo.com/word/中年/#zh
L2-0737,中小学,中小學,zhōng-xiǎoxué,,2,1-3-2,1-3-2,,False,https://forvo.com/word/中小学/#zh
L2-0738,中心,中心,zhōngxīn,N,2,1-1,1-1,,False,https://forvo.com/word/中心/#zh
L2-0739,中医,中醫,zhōngyī,N,2,1-1,1-1,,False,https://forvo.com/word/中医/#zh
L2-0740,重点,重點,zhòngdiǎn,N/Adv,2,4-3,4-3,,False,https://forvo.com/word/重点/#zh
L2-0741,重视,重視,zhòngshì,V,2,4-4,4-4,,False,https://forvo.com/word/重视/#zh
L2-0742,周,週,zhōu,M,2,1,1,,False,https://forvo.com/word/周/#zh
L2-0743,周末,週末,zhōumò,N,2,1-4,1-4,,False,https://forvo.com/word/周末/#zh
L2-0744,周年,週年,zhōunián,N,2,1-2,1-2,,False,https://forvo.com/word/周年/#zh
L2-0745,主人,主人,zhǔrén,N,2,3-2,3-2,,False,https://forvo.com/word/主人/#zh
L2-0746,主要,主要,zhǔyào,Adj,2,3-4,3-4,,False,https://forvo.com/word/主要/#zh
L2-0747,住房,住房,zhùfáng,N,2,4-2,4-2,,False,https://forvo.com/word/住房/#zh
L2-0748,住院,住院,zhùyuàn,,2,4-4,4-4,,False,https://forvo.com/word/住院/#zh
L2-0749,装,裝,zhuāng,V,2,1,1,,False,https://forvo.com/word/装/#zh
L2-0750,准确,準確,zhǔnquè,Adj,2,3-4,3-4,,False,https://forvo.com/word/准确/#zh
L2-0751,自己,自己,zìjǐ,Pron,2,4-3,4-3,,False,https://forvo.com/word/自己/#zh
L2-0752,自行车,自行車,zìxíngchē,N,2,4-2-1,4-2-1,,False,https://forvo.com/word/自行车/#zh
L2-0753,自由,自由,zìyóu,N/Adj,2,4-2,4-2,,False,https://forvo.com/word/自由/#zh
L2-0754,字典,字典,zìdiǎn,N,2,4-3,4-3,,False,https://forvo.com/word/字典/#zh
L2-0755,走过,走過,zǒuguò,,2,3-4,3-4,,False,https://forvo.com/word/走过/#zh
L2-0756,走进,走進,zǒujìn,,2,3-4,3-4,,False,https://forvo.com/word/走进/#zh
L2-0757,走开,走開,zǒukāi,,2,3-1,3-1,,False,https://forvo.com/word/走开/#zh
L2-0758,租,租,zū,V,2,1,1,,False,https://forvo.com/word/租/#zh
L2-0759,组,組,zǔ,V/N,2,3,3,,False,https://forvo.com/word/组/#zh
L2-0760,组成,組成,zǔchéng,V,2,3-2,3-2,,False,https://forvo.com/word/组成/#zh
L2-0761,组长,組長,zǔzhǎng,N,2,3-3,2-3,third_tone_sandhi,False,https://forvo.com/word/组长/#zh
L2-0762,嘴,嘴,zuǐ,N,2,3,3,,False,https://forvo.com/word/嘴/#zh
L2-0763,最近,最近,zuìjìn,N,2,4-4,4-4,,False,https://forvo.com/word/最近/#zh
L2-0764,作家,作家,zuòjiā,N,2,4-1,4-1,,False,https://forvo.com/word/作家/#zh
L2-0765,作文,作文,zuòwén,N,2,4-2,4-2,,False,https://forvo.com/word/作文/#zh
L2-0766,作业,作業,zuòyè,N,2,4-4,4-4,,False,https://forvo.com/word/作业/#zh
L2-0767,作用,作用,zuòyòng,N,2,4-4,4-4,,False,https://forvo.com/word/作用/#zh
L2-0768,座,座,zuò,M,2,4,4,,False,https://forvo.com/word/座/#zh
L2-0769,座位,座位,zuòwèi,N,2,4-4,4-4,,False,https://forvo.com/word/座位/#zh
L2-0770,做到,做到,zuòdào,,2,4-4,4-4,,False,https://forvo.com/word/做到/#zh
L2-0771,做法,做法,zuòfǎ,N,2,4-3,4-3,,False,https://forvo.com/word/做法/#zh
L2-0772,做饭,做飯,zuòfàn,,2,4-4,4-4,,False,https://forvo.com/word/做饭/#zh
L3-0001,爱心,愛心,àixīn,N,3,4-1,4-1,,False,https://forvo.com/word/爱心/#zh
L3-0002,安排,安排,ānpái,V/N,3,1-2,1-2,,False,https://forvo.com/word/安排/#zh
L3-0003,安装,安裝,ānzhuāng,V,3,1-1,1-1,,False,https://forvo.com/word/安装/#zh
L3-0004,按,按,àn,V/Prep,3,4,4,,False,https://forvo.com/word/按/#zh
L3-0005,按照,按照,ànzhào,Prep,3,4-4,4-4,,False,https://forvo.com/word/按照/#zh
L3-0006,把,把,bǎ,Prep,3,3,3,,False,https://forvo.com/word/把/#zh
L3-0007,把,把,bǎ,M,3,3,3,,False,https://forvo.com/word/把/#zh
L3-0008,把握,把握,bǎwò,V/N,3,3-4,3-4,,False,https://forvo.com/word/把握/#zh
L3-0009,白,白,bái,Adv,3,2,2,,False,https://forvo.com/word/白/#zh
L3-0010,白菜,白菜,báicài,N,3,2-4,2-4,,False,https://forvo.com/word/白菜/#zh
L3-0011,班级,班級,bānjí,N,3,1-2,1-2,,False,https://forvo.com/word/班级/#zh
L3-0012,搬,搬,bān,V,3,1,1,,False,https://forvo.com/word/搬/#zh
L3-0013,搬家,搬家,bānjiā,,3,1-1,1-1,,False,https://forvo.com/word/搬家/#zh
L3-0014,板,板,bǎn,N,3,3,3,,False,https://forvo.com/word/板/#zh
L3-0015,办理,辦理,bànlǐ,V,3,4-3,4-3,,False,https://forvo.com/word/办理/#zh
L3-0016,保,保,bǎo,V,3,3,3,,False,https://forvo.com/word/保/#zh
L3-0017,保安,保安,bǎo'ān,N,3,3-1,3-1,,False,https://forvo.com/word/保安/#zh
L3-0018,保持,保持,bǎochí,V,3,3-2,3-2,,False,https://forvo.com/word/保持/#zh
L3-0019,保存,保存,bǎocún,V,3,3-2,3-2,,False,https://forvo.com/word/保存/#zh
L3-0020,保护,保護,bǎohù,V,3,3-4,3-4,,False,https://forvo.com/word/保护/#zh
L3-0021,保留,保留,bǎoliú,V,3,3-2,3-2,,False,https://forvo.com/word/保留/#zh
L3-0022,保险,保險,bǎoxiǎn,Adj/N,3,3-3,2-3,third_tone_sandhi,False,https://forvo.com/word/保险/#zh
L3-0023,保证,保證,bǎozhèng,V/N,3,3-4,3-4,,False,https://forvo.com/word/保证/#zh
L3-0024,报,報,bào,N,3,4,4,,False,https://forvo.com/word/报/#zh
L3-0025,报到,報到,bàodào,,3,4-4,4-4,,False,https://forvo.com/word/报到/#zh
L3-0026,报道,報道,bàodào,V/N,3,4-4,4-4,,False,https://forvo.com/word/报道/#zh
L3-0027,报告,報告,bàogào,V/N,3,4-4,4-4,,False,https://forvo.com/word/报告/#zh
L3-0028,背,背,bēi,V,3,1,1,,False,https://forvo.com/word/背/#zh
L3-0029,北部,北部,běibù,N,3,3-4,3-4,,False,https://forvo.com/word/北部/#zh
L3-0030,背,背,bèi,N,3,4,4,,False,https://forvo.com/word/背/#zh
L3-0031,背后,背後,bèihòu,N,3,4-4,4-4,,False,https://forvo.com/word/背后/#zh
L3-0032,被,被,bèi,Prep,3,4,4,,False,https://forvo.com/word/被/#zh
L3-0033,被子,被子,bèizi,N,3,4-N,4-N,neutral_tone,False,https://forvo.com/word/被子/#zh
L3-0034,本来,本來,běnlái,Adj/Adv,3,3-2,3-2,,False,https://forvo.com/word/本来/#zh
L3-0035,本领,本領,běnlǐng,N,3,3-3,2-3,third_tone_sandhi,False,https://forvo.com/word/本领/#zh
L3-0036,本事,本事,běnshi,N,3,3-N,3-N,neutral_tone,False,https://forvo.com/word/本事/#zh
L3-0037,比较,比較,bǐjiào,Adv/V,3,3-4,3-4,,False,https://forvo.com/word/比较/#zh
L3-0038,比例,比例,bǐlì,N,3,3-4,3-4,,False,https://forvo.com/word/比例/#zh
L3-0039,比赛,比賽,bǐsài,V/N,3,3-4,3-4,,False,https://forvo.com/word/比赛/#zh
L3-0040,必然,必然,bìrán,Adj,3,4-2,4-2,,False,https://forvo.com/word/必然/#zh
L3-0041,必要,必要,bìyào,Adj/N,3,4-4,4-4,,False,https://forvo.com/word/必要/#zh
L3-0042,变化,變化,biànhuà,V/N,3,4-4,4-4,,False,https://forvo.com/word/变化/#zh
L3-0043,变为,變為,biànwéi,,3,4-2,4-2,,False,https://forvo.com/word/变为/#zh
L3-0044,标题,標題,biāotí,N,3,1-2,1-2,,False,https://forvo.com/word/标题/#zh
L3-0045,标准,標準,biāozhǔn,N/Adj,3,1-3,1-3,,False,https://forvo.com/word/标准/#zh
L3-0046,表达,表達,biǎodá,V,3,3-2,3-2,,False,https://forvo.com/word/表达/#zh
L3-0047,表格,表格,biǎogé,N,3,3-2,3-2,,False,https://forvo.com/word/表格/#zh
L3-0048,表面,表面,biǎomiàn,N,3,3-4,3-4,,False,https://forvo.com/word/表面/#zh
L3-0049,表明,表明,biǎomíng,V,3,3-2,3-2,,False,https://forvo.com/word/表明/#zh
L3-0050,表现,表現,biǎoxiàn,V/N,3,3-4,3-4,,False,https://forvo.com/word/表现/#zh
L3-0051,表演,表演,biǎoyǎn,V/N,3,3-3,2-3,third_tone_sandhi,False,https://forvo.com/word/表演/#zh
L3-0052,并,並,bìng,Adv/Conj,3,4,4,,False,https://forvo.com/word/并/#zh
L3-0053,并且,並且,bìngqiě,Conj,3,4-3,4-3,,False,https://forvo.com/word/并且/#zh
L3-0054,播出,播出,bōchū,,3,1-1,1-1,,False,https://forvo.com/word/播出/#zh
L3-0055,播放,播放,bōfàng,V,3,1-4,1-4,,False,https://forvo.com/word/播放/#zh
L3-0056,不必,不必,bùbì,Adv,3,4-4,2-4,bu_before_t4,False,https://forvo.com/word/不必/#zh
L3-0057,不断,不斷,bùduàn,V/Adv,3,4-4,2-4,bu_before_t4,False,https://forvo.com/word/不断/#zh
L3-0058,不论,不論,bùlùn,Conj,3,4-4,2-4,bu_before_t4,False,https://forvo.com/word/不论/#zh
L3-0059,补,補,bǔ,V,3,3,3,,False,https://forvo.com/word/补/#zh
L3-0060,补充,補充,bǔchōng,V/N,3,3-1,3-1,,False,https://forvo.com/word/补充/#zh
L3-0061,不安,不安,bù'ān,Adj,3,4-1,4-1,,False,https://forvo.com/word/不安/#zh
L3-0062,不得不,不得不,bùdébù,,3,4-2-4,4-2-4,,False,https://forvo.com/word/不得不/#zh
L3-0063,不光,不光,bùguāng,Adv/Conj,3,4-1,4-1,,False,https://forvo.com/word/不光/#zh
L3-0064,不仅,不僅,bùjǐn,Conj,3,4-3,4-3,,False,https://forvo.com/word/不仅/#zh
L3-0065,布,布,bù,N,3,4,4,,False,https://forvo.com/word/布/#zh
L3-0066,步,步,bù,N/M,3,4,4,,False,https://forvo.com/word/步/#zh
L3-0067,部,部,bù,N/M,3,4,4,,False,https://forvo.com/word/部/#zh
L3-0068,部门,部門,bùmén,N,3,4-2,4-2,,False,https://forvo.com/word/部门/#zh
L3-0069,部长,部長,bùzhǎng,N,3,4-3,4-3,,False,https://forvo.com/word/部长/#zh
L3-0070,才能,才能,cáinéng,N,3,2-2,2-2,,False,https://forvo.com/word/才能/#zh
L3-0071,采取,採取,cǎiqǔ,V,3,3-3,2-3,third_tone_sandhi,False,https://forvo.com/word/采取/#zh
L3-0072,采用,採用,cǎiyòng,V,3,3-4,3-4,,False,https://forvo.com/word/采用/#zh
L3-0073,彩色,彩色,cǎisè,N,3,3-4,3-4,,False,https://forvo.com/word/彩色/#zh
L3-0074,曾经,曾經,céngjīng,Adv,3,2-1,2-1,,False,https://forvo.com/word/曾经/#zh
L3-0075,产生,產生,chǎnshēng,V,3,3-1,3-1,,False,https://forvo.com/word/产生/#zh
L3-0076,长城,長城,Chángchéng,N,3,2-2,2-2,,False,https://forvo.com/word/长城/#zh
L3-0077,长处,長處,chángchù,N,3,2-4,2-4,,False,https://forvo.com/word/长处/#zh
L3-0078,长期,長期,chángqī,N,3,2-1,2-1,,False,https://forvo.com/word/长期/#zh
L3-0079,厂,廠,chǎng,N,3,3,3,,False,https://forvo.com/word/厂/#zh
L3-0080,场合,場合,chǎnghé,N,3,3-2,3-2,,False,https://forvo.com/word/场合/#zh
L3-0081,场所,場所,chǎngsuǒ,N,3,3-3,2-3,third_tone_sandhi,False,https://forvo.com/word/场所/#zh
L3-0082,超级,超級,chāojí,Adj,3,1-2,1-2,,False,https://forvo.com/word/超级/#zh
L3-0083,朝,朝,cháo,Prep/V,3,2,2,,False,https://forvo.com/word/朝/#zh
L3-0084,吵,吵,chǎo,Adj/V,3,3,3,,False,https://forvo.com/word/吵/#zh
L3-0085,吵架,吵架,chǎojià,,3,3-4,3-4,,False,https://forvo.com/word/吵架/#zh
L3-0086,衬衫,襯衫,chènshān,N,3,4-1,4-1,,False,https://forvo.com/word/衬衫/#zh
L3-0087,衬衣,襯衣,chènyī,N,3,4-1,4-1,,False,https://forvo.com/word/衬衣/#zh
L3-0088,称为,稱為,chēngwéi,,3,1-2,1-2,,False,https://forvo.com/word/称为/#zh
L3-0089,成功,成功,chénggōng,V/Adj,3,2-1,2-1,,False,https://forvo.com/word/成功/#zh
L3-0090,成果,成果,chéngguǒ,N,3,2-3,2-3,,False,https://forvo.com/word/成果/#zh
L3-0091,成就,成就,chéngjiù,N/V,3,2-4,2-4,,False,https://forvo.com/word/成就/#zh
L3-0092,成立,成立,chénglì,V,3,2-4,2-4,,False,https://forvo.com/word/成立/#zh
L3-0093,成熟,成熟,chéngshú,Adj,3,2-2,2-2,,False,https://forvo.com/word/成熟/#zh
L3-0094,成员,成員,chéngyuán,N,3,2-2,2-2,,False,https://forvo.com/word/成员/#zh
L3-0095,成长,成長,chéngzhǎng,V,3,2-3,2-3,,False,https://forvo.com/word/成长/#zh
L3-0096,城,城,chéng,N,3,2,2,,False,https://forvo.com/word/城/#zh
L3-0097,城市,城市,chéngshì,N,3,2-4,2-4,,False,https://forvo.com/word/城市/#zh
L3-0098,程度,程度,chéngdù,N,3,2-4,2-4,,False,https://forvo.com/word/程度/#zh
L3-0099,持续,持續,chíxù,V,3,2-4,2-4,,False,https://forvo.com/word/持续/#zh
L3-0100,充满,充滿,chōngmǎn,V,3,1-3,1-3,,False,https://forvo.com/word/充满/#zh
L3-0101,重,重,chóng,Adv,3,2,2,,False,https://forvo.com/word/重/#zh
L3-0102,初,初,chū,Adv,3,1,1,,False,https://forvo.com/word/初/#zh
L3-0103,初（初一）,初（初一）,chū (chūyī),Prefix,3,1,1,,False,https://forvo.com/word/初（初一）/#zh
L3-0104,初步,初步,chūbù,Adj,3,1-4,1-4,,False,https://forvo.com/word/初步/#zh
L3-0105,初级,初級,chūjí,Adj,3,1-2,1-2,,False,https://forvo.com/word/初级/#zh
L3-0106,初中,初中,chūzhōng,N,3,1-1,1-1,,False,https://forvo.com/word/初中/#zh
L3-0107,除了,除了,chúle,Prep,3,2-N,2-N,neutral_tone,False,https://forvo.com/word/除了/#zh
L3-0108,处理,處理,chǔlǐ,V/N,3,3-3,2-3,third_tone_sandhi,False,https://forvo.com/word/处理/#zh
L3-0109,传,傳,chuán,V,3,2,2,,False,https://forvo.com/word/传/#zh
L3-0110,传播,傳播,chuánbō,V,3,2-1,2-1,,False,https://forvo.com/word/传播/#zh
L3-0111,传来,傳來,chuánlái,,3,2-2,2-2,,False,https://forvo.com/word/传来/#zh
L3-0112,传说,傳說,chuánshuō,V/N,3,2-1,2-1,,False,https://forvo.com/word/传说/#zh
L3-0113,创新,創新,chuàngxīn,V/N,3,4-1,4-1,,False,https://forvo.com/word/创新/#zh
L3-0114,创业,創業,chuàngyè,V,3,4-4,4-4,,False,https://forvo.com/word/创业/#zh
L3-0115,创造,創造,chuàngzào,V/N,3,4-4,4-4,,False,https://forvo.com/word/创造/#zh
L3-0116,创作,創作,chuàngzuò,V/N,3,4-4,4-4,,False,https://forvo.com/word/创作/#zh
L3-0117,从来,從來,cónglái,Adv,3,2-2,2-2,,False,https://forvo.com/word/从来/#zh
L3-0118,从前,從前,cóngqián,N,3,2-2,2-2,,False,https://forvo.com/word/从前/#zh
L3-0119,从事,從事,cóngshì,V,3,2-4,2-4,,False,https://forvo.com/word/从事/#zh
L3-0120,村,村,cūn,N,3,1,1,,False,https://forvo.com/word/村/#zh
L3-0121,存,存,cún,V,3,2,2,,False,https://forvo.com/word/存/#zh
L3-0122,存在,存在,cúnzài,V,3,2-4,2-4,,False,https://forvo.com/word/存在/#zh
L3-0123,错误,錯誤,cuòwù,Adj/N,3,4-4,4-4,,False,https://forvo.com/word/错误/#zh
L3-0124,达到,達到,dádào,,3,2-4,2-4,,False,https://forvo.com/word/达到/#zh
L3-0125,打破,打破,dǎpò,,3,3-4,3-4,,False,https://forvo.com/word/打破/#zh
L3-0126,打听,打聽,dǎting,V,3,3-N,3-N,neutral_tone,False,https://forvo.com/word/打听/#zh
L3-0127,大概,大概,dàgài,Adj/Adv,3,4-4,4-4,,False,https://forvo.com/word/大概/#zh
L3-0128,大使馆,大使館,dàshǐguǎn,N,3,4-3-3,4-2-3,third_tone_sandhi,False,https://forvo.com/word/大使馆/#zh
L3-0129,大约,大約,dàyuē,Adv,3,4-1,4-1,,False,https://forvo.com/word/大约/#zh
L3-0130,大夫,大夫,dàifu,N,3,4-N,4-N,neutral_tone,False,https://forvo.com/word/大夫/#zh
L3-0131,代,代,dài,V/N,3,4,4,,False,https://forvo.com/word/代/#zh
L3-0132,代表,代表,dàibiǎo,N/V,3,4-3,4-3,,False,https://forvo.com/word/代表/#zh
L3-0133,代表团,代表團,dàibiǎotuán,N,3,4-3-2,4-3-2,,False,https://forvo.com/word/代表团/#zh
L3-0134,带动,帶動,dàidòng,V,3,4-4,4-4,,False,https://forvo.com/word/带动/#zh
L3-0135,带领,帶領,dàilǐng,V,3,4-3,4-3,,False,https://forvo.com/word/带领/#zh
L3-0136,单元,單元,dānyuán,N,3,1-2,1-2,,False,https://forvo.com/word/单元/#zh
L3-0137,当初,當初,dāngchū,N,3,1-1,1-1,,False,https://forvo.com/word/当初/#zh
L3-0138,当地,當地,dāngdì,N,3,1-4,1-4,,False,https://forvo.com/word/当地/#zh
L3-0139,当然,當然,dāngrán,Adj/Adv,3,1-2,1-2,,False,https://forvo.com/word/当然/#zh
L3-0140,当中,當中,dāngzhōng,N,3,1-1,1-1,,False,https://forvo.com/word/当中/#zh
L3-0141,刀,刀,dāo,N,3,1,1,,False,https://forvo.com/word/刀/#zh
L3-0142,导演,導演,dǎoyǎn,V/N,3,3-3,2-3,third_tone_sandhi,False,https://forvo.com/word/导演/#zh
L3-0143,到达,到達,dàodá,V,3,4-2,4-2,,False,https://forvo.com/word/到达/#zh
L3-0144,到底,到底,dàodǐ,Adv,3,4-3,4-3,,False,https://forvo.com/word/到底/#zh
L3-0145,得分,得分,défēn,V/N,3,2-1,2-1,,False,https://forvo.com/word/得分/#zh
L3-0146,等待,等待,děngdài,V,3,3-4,3-4,,False,https://forvo.com/word/等待/#zh
L3-0147,底下,底下,dǐxia,N,3,3-N,3-N,neutral_tone,False,https://forvo.com/word/底下/#zh
L3-0148,地区,地區,dìqū,N,3,4-1,4-1,,False,https://forvo.com/word/地区/#zh
L3-0149,电视剧,電視劇,diànshìjù,N,3,4-4-4,4-4-4,,False,https://forvo.com/word/电视剧/#zh
L3-0150,电视台,電視臺,diànshìtái,N,3,4-4-2,4-4-2,,False,https://forvo.com/word/电视台/#zh
L3-0151,电台,電臺,diàntái,N,3,4-2,4-2,,False,https://forvo.com/word/电台/#zh
L3-0152,电子邮件,電子郵件,diànzǐ yóujiàn,,3,4-3-2-4,4-3-2-4,,False,https://forvo.com/word/电子邮件/#zh
L3-0153,调,調,diào,V,3,4,4,,False,https://forvo.com/word/调/#zh
L3-0154,调查,調查,diàochá,V/N,3,4-2,4-2,,False,https://forvo.com/word/调查/#zh
L3-0155,订,訂,dìng,V,3,4,4,,False,https://forvo.com/word/订/#zh
L3-0156,定期,定期,dìngqī,V/Adj,3,4-1,4-1,,False,https://forvo.com/word/定期/#zh
L3-0157,东部,東部,dōngbù,N,3,1-4,1-4,,False,https://forvo.com/word/东部/#zh
L3-0158,动力,動力,dònglì,N,3,4-4,4-4,,False,https://forvo.com/word/动力/#zh
L3-0159,动人,動人,dòngrén,Adj,3,4-2,4-2,,False,https://forvo.com/word/动人/#zh
L3-0160,读者,讀者,dúzhě,N,3,2-3,2-3,,False,https://forvo.com/word/读者/#zh
L3-0161,短处,短處,duǎnchù,N,3,3-4,3-4,,False,https://forvo.com/word/短处/#zh
L3-0162,短裤,短褲,duǎnkù,N,3,3-4,3-4,,False,https://forvo.com/word/短裤/#zh
L3-0163,短期,短期,duǎnqī,N,3,3-1,3-1,,False,https://forvo.com/word/短期/#zh
L3-0164,断,斷,duàn,V,3,4,4,,False,https://forvo.com/word/断/#zh
L3-0165,队员,隊員,duìyuán,N,3,4-2,4-2,,False,https://forvo.com/word/队员/#zh
L3-0166,对待,對待,duìdài,V,3,4-4,4-4,,False,https://forvo.com/word/对待/#zh
L3-0167,对方,對方,duìfāng,N,3,4-1,4-1,,False,https://forvo.com/word/对方/#zh
L3-0168,对手,對手,duìshǒu,N,3,4-3,4-3,,False,https://forvo.com/word/对手/#zh
L3-0169,对象,對象,duìxiàng,N,3,4-4,4-4,,False,https://forvo.com/word/对象/#zh
L3-0170,顿,頓,dùn,M,3,4,4,,False,https://forvo.com/word/顿/#zh
L3-0171,发表,發表,fābiǎo,V,3,1-3,1-3,,False,https://forvo.com/word/发表/#zh
L3-0172,发出,發出,fāchū,V,3,1-1,1-1,,False,https://forvo.com/word/发出/#zh
L3-0173,发达,發達,fādá,Adj,3,1-2,1-2,,False,https://forvo.com/word/发达/#zh
L3-0174,发动,發動,fādòng,V,3,1-4,1-4,,False,https://forvo.com/word/发动/#zh
L3-0175,发明,發明,fāmíng,V/N,3,1-2,1-2,,False,https://forvo.com/word/发明/#zh
L3-0176,发生,發生,fāshēng,V,3,1-1,1-1,,False,https://forvo.com/word/发生/#zh
L3-0177,发送,發送,fāsòng,V,3,1-4,1-4,,False,https://forvo.com/word/发送/#zh
L3-0178,发言,發言,fāyán,V/N,3,1-2,1-2,,False,https://forvo.com/word/发言/#zh
L3-0179,发展,發展,fāzhǎn,V/N,3,1-3,1-3,,False,https://forvo.com/word/发展/#zh
L3-0180,反对,反對,fǎnduì,V,3,3-4,3-4,,False,https://forvo.com/word/反对/#zh
L3-0181,反复,反覆,fǎnfù,Adv/N,3,3-4,3-4,,False,https://forvo.com/word/反复/#zh
L3-0182,反应,反應,fǎnyìng,V/N,3,3-4,3-4,,False,https://forvo.com/word/反应/#zh
L3-0183,反正,反正,fǎnzhèng,Adv,3,3-4,3-4,,False,https://forvo.com/word/反正/#zh
L3-0184,范围,範圍,fànwéi,N,3,4-2,4-2,,False,https://forvo.com/word/范围/#zh
L3-0185,方式,方式,fāngshì,N,3,1-4,1-4,,False,https://forvo.com/word/方式/#zh
L3-0186,防,防,fáng,V,3,2,2,,False,https://forvo.com/word/防/#zh
L3-0187,防止,防止,fángzhǐ,V,3,2-3,2-3,,False,https://forvo.com/word/防止/#zh
L3-0188,房东,房東,fángdōng,N,3,2-1,2-1,,False,https://forvo.com/word/房东/#zh
L3-0189,房屋,房屋,fángwū,N,3,2-1,2-1,,False,https://forvo.com/word/房屋/#zh
L3-0190,房租,房租,fángzū,N,3,2-1,2-1,,False,https://forvo.com/word/房租/#zh
L3-0191,访问,訪問,fǎngwèn,V,3,3-4,3-4,,False,https://forvo.com/word/访问/#zh
L3-0192,放到,放到,fàngdào,,3,4-4,4-4,,False,https://forvo.com/word/放到/#zh
L3-0193,飞行,飛行,fēixíng,V,3,1-2,1-2,,False,https://forvo.com/word/飞行/#zh
L3-0194,费,費,fèi,V/N,3,4,4,,False,https://forvo.com/word/费/#zh
L3-0195,费用,費用,fèiyong,N,3,4-4,4-4,,False,https://forvo.com/word/费用/#zh
L3-0196,分别,分別,fēnbié,V/Adv,3,1-2,1-2,,False,https://forvo.com/word/分别/#zh
L3-0197,分配,分配,fēnpèi,V,3,1-4,1-4,,False,https://forvo.com/word/分配/#zh
L3-0198,分组,分組,fēn zǔ,,3,1-3,1-3,,False,https://forvo.com/word/分组/#zh
L3-0199,丰富,豐富,fēngfù,Adj,3,1-4,1-4,,False,https://forvo.com/word/丰富/#zh
L3-0200,风险,風險,fēngxiǎn,N,3,1-3,1-3,,False,https://forvo.com/word/风险/#zh
L3-0201,否定,否定,fǒudìng,V/Adj,3,3-4,3-4,,False,https://forvo.com/word/否定/#zh
L3-0202,否认,否認,fǒurèn,V,3,3-4,3-4,,False,https://forvo.com/word/否认/#zh
L3-0203,服装,服裝,fúzhuāng,N,3,2-1,2-1,,False,https://forvo.com/word/服装/#zh
L3-0204,福,福,fú,N,3,2,2,,False,https://forvo.com/word/福/#zh
L3-0205,父母,父母,fùmǔ,N,3,4-3,4-3,,False,https://forvo.com/word/父母/#zh
L3-0206,父亲,父親,fùqīn,N,3,4-1,4-1,,False,https://forvo.com/word/父亲/#zh
L3-0207,付,付,fù,V,3,4,4,,False,https://forvo.com/word/付/#zh
L3-0208,负责,負責,fùzé,V/Adj,3,4-2,4-2,,False,https://forvo.com/word/负责/#zh
L3-0209,复印,複印,fùyìn,V,3,4-4,4-4,,False,https://forvo.com/word/复印/#zh
L3-0210,复杂,複雜,fùzá,Adj,3,4-2,4-2,,False,https://forvo.com/word/复杂/#zh
L3-0211,富,富,fù,Adj,3,4,4,,False,https://forvo.com/word/富/#zh
L3-0212,改进,改進,gǎijìn,V,3,3-4,3-4,,False,https://forvo.com/word/改进/#zh
L3-0213,改造,改造,gǎizào,V,3,3-4,3-4,,False,https://forvo.com/word/改造/#zh
L3-0214,概念,概念,gàiniàn,N,3,4-4,4-4,,False,https://forvo.com/word/概念/#zh
L3-0215,赶,趕,gǎn,V,3,3,3,,False,https://forvo.com/word/赶/#zh
L3-0216,赶到,趕到,gǎndào,,3,3-4,3-4,,False,https://forvo.com/word/赶到/#zh
L3-0217,赶紧,趕緊,gǎnjǐn,Adv,3,3-3,2-3,third_tone_sandhi,False,https://forvo.com/word/赶紧/#zh
L3-0218,赶快,趕快,gǎnkuài,Adv,3,3-4,3-4,,False,https://forvo.com/word/赶快/#zh
L3-0219,敢,敢,gǎn,V,3,3,3,,False,https://forvo.com/word/敢/#zh
L3-0220,感冒,感冒,gǎnmào,N/V,3,3-4,3-4,,False,https://forvo.com/word/感冒/#zh
L3-0221,感情,感情,gǎnqíng,N,3,3-2,3-2,,False,https://forvo.com/word/感情/#zh
L3-0222,感受,感受,gǎnshòu,N/V,3,3-4,3-4,,False,https://forvo.com/word/感受/#zh
L3-0223,干吗,幹嗎,gànmá,Pron,3,4-2,4-2,,False,https://forvo.com/word/干吗/#zh
L3-0224,高速,高速,gāosù,Adj,3,1-4,1-4,,False,https://forvo.com/word/高速/#zh
L3-0225,高速公路,高速公路,gāosù gōnglù,,3,1-4-1-4,1-4-1-4,,False,https://forvo.com/word/高速公路/#zh
L3-0226,告别,告別,gàobié,,3,4-2,4-2,,False,https://forvo.com/word/告别/#zh
L3-0227,歌迷,歌迷,gēmí,N,3,1-2,1-2,,False,https://forvo.com/word/歌迷/#zh
L3-0228,歌声,歌聲,gēshēng,N,3,1-1,1-1,,False,https://forvo.com/word/歌声/#zh
L3-0229,歌手,歌手,gēshǒu,N,3,1-3,1-3,,False,https://forvo.com/word/歌手/#zh
L3-0230,个人,個人,gèrén,N,3,4-2,4-2,,False,https://forvo.com/word/个人/#zh
L3-0231,个性,個性,gèxìng,N,3,4-4,4-4,,False,https://forvo.com/word/个性/#zh
L3-0232,各,各,gè,Pron/Adv,3,4,4,,False,https://forvo.com/word/各/#zh
L3-0233,各地,各地,gèdì,N,3,4-4,4-4,,False,https://forvo.com/word/各地/#zh
L3-0234,各位,各位,gèwèi,Pron,3,4-4,4-4,,False,https://forvo.com/word/各位/#zh
L3-0235,各种,各種,gèzhǒng,Pron,3,4-3,4-3,,False,https://forvo.com/word/各种/#zh
L3-0236,各自,各自,gèzì,Pron,3,4-4,4-4,,False,https://forvo.com/word/各自/#zh
L3-0237,根本,根本,gēnběn,Adv/Adj/N,3,1-3,1-3,,False,https://forvo.com/word/根本/#zh
L3-0238,更加,更加,gèngjiā,Adv,3,4-1,4-1,,False,https://forvo.com/word/更加/#zh
L3-0239,工厂,工廠,gōngchǎng,N,3,1-3,1-3,,False,https://forvo.com/word/工厂/#zh
L3-0240,工程师,工程師,gōngchéngshī,N,3,1-2-1,1-2-1,,False,https://forvo.com/word/工程师/#zh
L3-0241,工夫,工夫,gōngfu,N,3,1-N,1-N,neutral_tone,False,https://forvo.com/word/工夫/#zh
L3-0242,工具,工具,gōngjù,N,3,1-4,1-4,,False,https://forvo.com/word/工具/#zh
L3-0243,工业,工業,gōngyè,N,3,1-4,1-4,,False,https://forvo.com/word/工业/#zh
L3-0244,工资,工資,gōngzī,N,3,1-1,1-1,,False,https://forvo.com/word/工资/#zh
L3-0245,公布,公佈,gōngbù,V,3,1-4,1-4,,False,https://forvo.com/word/公布/#zh
L3-0246,公共,公共,gōnggòng,Adj,3,1-4,1-4,,False,https://forvo.com/word/公共/#zh
L3-0247,公开,公開,gōngkāi,Adj/V,3,1-1,1-1,,False,https://forvo.com/word/公开/#zh
L3-0248,公民,公民,gōngmín,N,3,1-2,1-2,,False,https://forvo.com/word/公民/#zh
L3-0249,公务员,公務員,gōngwùyuán,N,3,1-4-2,1-4-2,,False,https://forvo.com/word/公务员/#zh
L3-0250,功夫,功夫,gōngfu,N,3,1-N,1-N,neutral_tone,False,https://forvo.com/word/功夫/#zh
L3-0251,功课,功課,gōngkè,N,3,1-4,1-4,,False,https://forvo.com/word/功课/#zh
L3-0252,功能,功能,gōngnéng,N,3,1-2,1-2,,False,https://forvo.com/word/功能/#zh
L3-0253,共同,共同,gòngtóng,Adj,3,4-2,4-2,,False,https://forvo.com/word/共同/#zh
L3-0254,共有,共有,gòngyǒu,V,3,4-3,4-3,,False,https://forvo.com/word/共有/#zh
L3-0255,姑娘,姑娘,gūniang,N,3,1-N,1-N,neutral_tone,False,https://forvo.com/word/姑娘/#zh
L3-0256,古,古,gǔ,Adj,3,3,3,,False,https://forvo.com/word/古/#zh
L3-0257,古代,古代,gǔdài,N,3,3-4,3-4,,False,https://forvo.com/word/古代/#zh
L3-0258,故乡,故鄉,gùxiāng,N,3,4-1,4-1,,False,https://forvo.com/word/故乡/#zh
L3-0259,挂,掛,guà,V,3,4,4,,False,https://forvo.com/word/挂/#zh
L3-0260,关系,關係,guānxì,N/V,3,1-N,1-N,neutral_tone,False,https://forvo.com/word/关系/#zh
L3-0261,关注,關注,guānzhù,V,3,1-4,1-4,,False,https://forvo.com/word/关注/#zh
L3-0262,观察,觀察,guānchá,V,3,1-2,1-2,,False,https://forvo.com/word/观察/#zh
L3-0263,观看,觀看,guānkàn,V,3,1-4,1-4,,False,https://forvo.com/word/观看/#zh
L3-0264,观念,觀念,guānniàn,N,3,1-4,1-4,,False,https://forvo.com/word/观念/#zh
L3-0265,观众,觀眾,guānzhòng,N,3,1-4,1-4,,False,https://forvo.com/word/观众/#zh
L3-0266,管,管,guǎn,V,3,3,3,,False,https://forvo.com/word/管/#zh
L3-0267,管理,管理,guǎnlǐ,V,3,3-3,2-3,third_tone_sandhi,False,https://forvo.com/word/管理/#zh
L3-0268,光,光,guāng,Adv/N/Adj,3,1,1,,False,https://forvo.com/word/光/#zh
L3-0269,光明,光明,guāngmíng,Adj/N,3,1-2,1-2,,False,https://forvo.com/word/光明/#zh
L3-0270,广播,廣播,guǎngbō,V/N,3,3-1,3-1,,False,https://forvo.com/word/广播/#zh
L3-0271,广大,廣大,guǎngdà,Adj,3,3-4,3-4,,False,https://forvo.com/word/广大/#zh
L3-0272,规定,規定,guīdìng,V/N,3,1-4,1-4,,False,https://forvo.com/word/规定/#zh
L3-0273,规范,規範,guīfàn,Adj/N/V,3,1-4,1-4,,False,https://forvo.com/word/规范/#zh
L3-0274,国内,國內,guó nèi,,3,2-4,2-4,,False,https://forvo.com/word/国内/#zh
L3-0275,国庆,國慶,guóqìng,N,3,2-4,2-4,,False,https://forvo.com/word/国庆/#zh
L3-0276,果然,果然,guǒrán,Adv,3,3-2,3-2,,False,https://forvo.com/word/果然/#zh
L3-0277,果汁,果汁,guǒzhī,N,3,3-1,3-1,,False,https://forvo.com/word/果汁/#zh
L3-0278,过程,過程,guòchéng,N,3,4-2,4-2,,False,https://forvo.com/word/过程/#zh
L3-0279,过去,過去,guòqù,N,3,4-4,4-4,,False,https://forvo.com/word/过去/#zh
L3-0280,哈哈,哈哈,hāhā,Phonetic,3,1-1,1-1,,False,https://forvo.com/word/哈哈/#zh
L3-0281,海关,海關,hǎiguān,N,3,3-1,3-1,,False,https://forvo.com/word/海关/#zh
L3-0282,害怕,害怕,hàipà,,3,4-4,4-4,,False,https://forvo.com/word/害怕/#zh
L3-0283,行,行,háng,M,3,2,2,,False,https://forvo.com/word/行/#zh
L3-0284,好好,好好,hǎohǎo,Adj/Adv,3,3-3,2-3,third_tone_sandhi,False,https://forvo.com/word/好好/#zh
L3-0285,好奇,好奇,hàoqí,Adj,3,4-2,4-2,,False,https://forvo.com/word/好奇/#zh
L3-0286,合,合,hé,V,3,2,2,,False,https://forvo.com/word/合/#zh
L3-0287,合法,合法,héfǎ,Adj,3,2-3,2-3,,False,https://forvo.com/word/合法/#zh
L3-0288,合格,合格,hégé,Adj,3,2-2,2-2,,False,https://forvo.com/word/合格/#zh
L3-0289,合理,合理,hélǐ,Adj,3,2-3,2-3,,False,https://forvo.com/word/合理/#zh
L3-0290,合作,合作,hézuò,V,3,2-4,2-4,,False,https://forvo.com/word/合作/#zh
L3-0291,和平,和平,hépíng,N,3,2-2,2-2,,False,https://forvo.com/word/和平/#zh
L3-0292,红茶,紅茶,hóngchá,N,3,2-2,2-2,,False,https://forvo.com/word/红茶/#zh
L3-0293,红酒,紅酒,hóngjiǔ,N,3,2-3,2-3,,False,https://forvo.com/word/红酒/#zh
L3-0294,后果,後果,hòuguǒ,N,3,4-3,4-3,,False,https://forvo.com/word/后果/#zh
L3-0295,后面,後面,hòumiàn,N,3,4-N,4-N,neutral_tone,False,https://forvo.com/word/后面/#zh
L3-0296,后年,後年,hòunián,N,3,4-2,4-2,,False,https://forvo.com/word/后年/#zh
L3-0297,互联网,互聯網,hùliánwǎng,N,3,4-2-3,4-2-3,,False,https://forvo.com/word/互联网/#zh
L3-0298,互相,互相,hùxiāng,Adv,3,4-1,4-1,,False,https://forvo.com/word/互相/#zh
L3-0299,划船,划船,huáchuán,V,3,2-2,2-2,,False,https://forvo.com/word/划船/#zh
L3-0300,华人,華人,huárén,N,3,2-2,2-2,,False,https://forvo.com/word/华人/#zh
L3-0301,化（现代化）,化（現代化）,huà (xiàndàihuà),Suffix,3,4,4,,False,https://forvo.com/word/化（现代化）/#zh
L3-0302,话剧,話劇,huàjù,N,3,4-4,4-4,,False,https://forvo.com/word/话剧/#zh
L3-0303,话题,話題,huàtí,N,3,4-2,4-2,,False,https://forvo.com/word/话题/#zh
L3-0304,欢乐,歡樂,huānlè,Adj,3,1-4,1-4,,False,https://forvo.com/word/欢乐/#zh
L3-0305,环,環,huán,N,3,2,2,,False,https://forvo.com/word/环/#zh
L3-0306,环保,環保,huánbǎo,N/Adj,3,2-3,2-3,,False,https://forvo.com/word/环保/#zh
L3-0307,环境,環境,huánjìng,N,3,2-4,2-4,,False,https://forvo.com/word/环境/#zh
L3-0308,会议,會議,huìyì,N,3,4-4,4-4,,False,https://forvo.com/word/会议/#zh
L3-0309,会员,會員,huìyuán,N,3,4-2,4-2,,False,https://forvo.com/word/会员/#zh
L3-0310,活,活,huó,Adj/V,3,2,2,,False,https://forvo.com/word/活/#zh
L3-0311,火,火,huǒ,N,3,3,3,,False,https://forvo.com/word/火/#zh
L3-0312,机器,機器,jīqì,N,3,1-4,1-4,,False,https://forvo.com/word/机器/#zh
L3-0313,积极,積極,jījí,Adj,3,1-2,1-2,,False,https://forvo.com/word/积极/#zh
L3-0314,基本,基本,jīběn,Adj,3,1-3,1-3,,False,https://forvo.com/word/基本/#zh
L3-0315,基本上,基本上,jīběnshàng,Adv,3,1-3-N,1-3-N,neutral_tone,False,https://forvo.com/word/基本上/#zh
L3-0316,基础,基礎,jīchǔ,N,3,1-3,1-3,,False,https://forvo.com/word/基础/#zh
L3-0317,及时,及時,jíshí,Adj,3,2-2,2-2,,False,https://forvo.com/word/及时/#zh
L3-0318,…极了,…極了,…jí le,,3,2-N,2-N,neutral_tone,False,https://forvo.com/word/…极了/#zh
L3-0319,集体,集體,jítǐ,N,3,2-3,2-3,,False,https://forvo.com/word/集体/#zh
L3-0320,集中,集中,jízhōng,V/Adj,3,2-1,2-1,,False,https://forvo.com/word/集中/#zh
L3-0321,计算,計算,jìsuàn,V,3,4-4,4-4,,False,https://forvo.com/word/计算/#zh
L3-0322,记录,記錄,jìlù,N/V,3,4-4,4-4,,False,https://forvo.com/word/记录/#zh
L3-0323,记者,記者,jìzhě,N,3,4-3,4-3,,False,https://forvo.com/word/记者/#zh
L3-0324,纪录,紀錄,jìlù,N,3,4-4,4-4,,False,https://forvo.com/word/纪录/#zh
L3-0325,纪念,紀念,jìniàn,V/N,3,4-4,4-4,,False,https://forvo.com/word/纪念/#zh
L3-0326,技术,技術,jìshù,N,3,4-4,4-4,,False,https://forvo.com/word/技术/#zh
L3-0327,继续,繼續,jìxù,V,3,4-4,4-4,,False,https://forvo.com/word/继续/#zh
L3-0328,加工,加工,jiāgōng,,3,1-1,1-1,,False,https://forvo.com/word/加工/#zh
L3-0329,加快,加快,jiākuài,V,3,1-4,1-4,,False,https://forvo.com/word/加快/#zh
L3-0330,加强,加強,jiāqiáng,V,3,1-2,1-2,,False,https://forvo.com/word/加强/#zh
L3-0331,家具,家具,jiājù,N,3,1-4,1-4,,False,https://forvo.com/word/家具/#zh
L3-0332,家属,家屬,jiāshǔ,N,3,1-3,1-3,,False,https://forvo.com/word/家属/#zh
L3-0333,家乡,家鄉,jiāxiāng,N,3,1-1,1-1,,False,https://forvo.com/word/家乡/#zh
L3-0334,价格,價格,jiàgé,N,3,4-2,4-2,,False,https://forvo.com/word/价格/#zh
L3-0335,价钱,價錢,jiàqián,N,3,4-N,4-N,neutral_tone,False,https://forvo.com/word/价钱/#zh
L3-0336,价值,價值,jiàzhí,N,3,4-2,4-2,,False,https://forvo.com/word/价值/#zh
L3-0337,架,架,jià,M/N/V,3,4,4,,False,https://forvo.com/word/架/#zh
L3-0338,坚持,堅持,jiānchí,V,3,1-2,1-2,,False,https://forvo.com/word/坚持/#zh
L3-0339,坚决,堅決,jiānjué,Adj,3,1-2,1-2,,False,https://forvo.com/word/坚决/#zh
L3-0340,坚强,堅強,jiānqiáng,Adj,3,1-2,1-2,,False,https://forvo.com/word/坚强/#zh
L3-0341,简单,簡單,jiǎndān,Adj,3,3-1,3-1,,False,https://forvo.com/word/简单/#zh
L3-0342,简直,簡直,jiǎnzhí,Adv,3,3-2,3-2,,False,https://forvo.com/word/简直/#zh
L3-0343,建,建,jiàn,V,3,4,4,,False,https://forvo.com/word/建/#zh
L3-0344,建成,建成,jiànchéng,,3,4-2,4-2,,False,https://forvo.com/word/建成/#zh
L3-0345,建立,建立,jiànlì,V,3,4-4,4-4,,False,https://forvo.com/word/建立/#zh
L3-0346,建设,建設,jiànshè,V/N,3,4-4,4-4,,False,https://forvo.com/word/建设/#zh
L3-0347,建议,建議,jiànyì,V/N,3,4-4,4-4,,False,https://forvo.com/word/建议/#zh
L3-0348,将近,將近,jiāngjìn,Adv,3,1-4,1-4,,False,https://forvo.com/word/将近/#zh
L3-0349,将来,將來,jiānglái,N,3,1-2,1-2,,False,https://forvo.com/word/将来/#zh
L3-0350,交费,交費,jiāofèi,V,3,1-4,1-4,,False,https://forvo.com/word/交费/#zh
L3-0351,交警,交警,jiāojǐng,N,3,1-3,1-3,,False,https://forvo.com/word/交警/#zh
L3-0352,交流,交流,jiāoliú,V/N,3,1-2,1-2,,False,https://forvo.com/word/交流/#zh
L3-0353,交往,交往,jiāowǎng,V,3,1-3,1-3,,False,https://forvo.com/word/交往/#zh
L3-0354,交易,交易,jiāoyì,N,3,1-4,1-4,,False,https://forvo.com/word/交易/#zh
L3-0355,叫,叫,jiào,Prep,3,4,4,,False,https://forvo.com/word/叫/#zh
L3-0356,较,較,jiào,Adv,3,4,4,,False,https://forvo.com/word/较/#zh
L3-0357,教材,教材,jiàocái,N,3,4-2,4-2,,False,https://forvo.com/word/教材/#zh
L3-0358,教练,教練,jiàoliàn,N,3,4-4,4-4,,False,https://forvo.com/word/教练/#zh
L3-0359,结实,結實,jiēshi,Adj,3,1-N,1-N,neutral_tone,False,https://forvo.com/word/结实/#zh
L3-0360,接待,接待,jiēdài,V,3,1-4,1-4,,False,https://forvo.com/word/接待/#zh
L3-0361,接近,接近,jiējìn,V,3,1-4,1-4,,False,https://forvo.com/word/接近/#zh
L3-0362,节约,節約,jiéyuē,V,3,2-1,2-1,,False,https://forvo.com/word/节约/#zh
L3-0363,结合,結合,jiéhé,V,3,2-2,2-2,,False,https://forvo.com/word/结合/#zh
L3-0364,结婚,結婚,jiéhūn,,3,2-1,2-1,,False,https://forvo.com/word/结婚/#zh
L3-0365,结束,結束,jiéshù,V,3,2-4,2-4,,False,https://forvo.com/word/结束/#zh
L3-0366,解决,解決,jiějué,V,3,3-2,3-2,,False,https://forvo.com/word/解决/#zh
L3-0367,解开,解開,jiěkāi,,3,3-1,3-1,,False,https://forvo.com/word/解开/#zh
L3-0368,金,金,jīn,N,3,1,1,,False,https://forvo.com/word/金/#zh
L3-0369,金牌,金牌,jīnpái,N,3,1-2,1-2,,False,https://forvo.com/word/金牌/#zh
L3-0370,仅,僅,jǐn,Adv,3,3,3,,False,https://forvo.com/word/仅/#zh
L3-0371,仅仅,僅僅,jǐnjǐn,Adv,3,3-3,2-3,third_tone_sandhi,False,https://forvo.com/word/仅仅/#zh
L3-0372,尽量,儘量,jǐnliàng,Adv,3,3-4,3-4,,False,https://forvo.com/word/尽量/#zh
L3-0373,紧,緊,jǐn,Adj,3,3,3,,False,https://forvo.com/word/紧/#zh
L3-0374,紧急,緊急,jǐnjí,Adj,3,3-2,3-2,,False,https://forvo.com/word/紧急/#zh
L3-0375,紧张,緊張,jǐnzhāng,Adj,3,3-1,3-1,,False,https://forvo.com/word/紧张/#zh
L3-0376,进步,進步,jìnbù,V/Adj,3,4-4,4-4,,False,https://forvo.com/word/进步/#zh
L3-0377,进一步,進一步,jìnyībù,Adv,3,4-1-4,4-2-4,yi_before_t4,False,https://forvo.com/word/进一步/#zh
L3-0378,进展,進展,jìnzhǎn,V,3,4-3,4-3,,False,https://forvo.com/word/进展/#zh
L3-0379,近期,近期,jìnqī,N,3,4-1,4-1,,False,https://forvo.com/word/近期/#zh
L3-0380,京剧,京劇,jīngjù,N,3,1-4,1-4,,False,https://forvo.com/word/京剧/#zh
L3-0381,经济,經濟,jīngjì,N/Adj,3,1-4,1-4,,False,https://forvo.com/word/经济/#zh
L3-0382,经历,經歷,jīnglì,V/N,3,1-4,1-4,,False,https://forvo.com/word/经历/#zh
L3-0383,经验,經驗,jīngyàn,N,3,1-4,1-4,,False,https://forvo.com/word/经验/#zh
L3-0384,经营,經營,jīngyíng,V,3,1-2,1-2,,False,https://forvo.com/word/经营/#zh
L3-0385,精彩,精彩,jīngcǎi,Adj,3,1-3,1-3,,False,https://forvo.com/word/精彩/#zh
L3-0386,精神,精神,jīngshén,N,3,1-2,1-2,,False,https://forvo.com/word/精神/#zh
L3-0387,精神,精神,jīngshen,Adj/N,3,1-N,1-N,neutral_tone,False,https://forvo.com/word/精神/#zh
L3-0388,景色,景色,jǐngsè,N,3,3-4,3-4,,False,https://forvo.com/word/景色/#zh
L3-0389,警察,警察,jǐngchá,N,3,3-2,3-2,,False,https://forvo.com/word/警察/#zh
L3-0390,静,靜,jìng,Adj/V,3,4,4,,False,https://forvo.com/word/静/#zh
L3-0391,久,久,jiǔ,Adj,3,3,3,,False,https://forvo.com/word/久/#zh
L3-0392,旧,舊,jiù,Adj,3,4,4,,False,https://forvo.com/word/旧/#zh
L3-0393,救,救,jiù,V,3,4,4,,False,https://forvo.com/word/救/#zh
L3-0394,就是,就是,jiùshì,Conj,3,4-4,4-4,,False,https://forvo.com/word/就是/#zh
L3-0395,就业,就業,jiùyè,,3,4-4,4-4,,False,https://forvo.com/word/就业/#zh
L3-0396,举办,舉辦,jǔbàn,V,3,3-4,3-4,,False,https://forvo.com/word/举办/#zh
L3-0397,具体,具體,jùtǐ,Adj,3,4-3,4-3,,False,https://forvo.com/word/具体/#zh
L3-0398,具有,具有,jùyǒu,V,3,4-3,4-3,,False,https://forvo.com/word/具有/#zh
L3-0399,剧场,劇場,jùchǎng,N,3,4-3,4-3,,False,https://forvo.com/word/剧场/#zh
L3-0400,据说,據說,jùshuō,V,3,4-1,4-1,,False,https://forvo.com/word/据说/#zh
L3-0401,决定,決定,juédìng,V/N,3,2-4,2-4,,False,https://forvo.com/word/决定/#zh
L3-0402,决赛,決賽,juésài,V/N,3,2-4,2-4,,False,https://forvo.com/word/决赛/#zh
L3-0403,决心,決心,juéxīn,N/V,3,2-1,2-1,,False,https://forvo.com/word/决心/#zh
L3-0404,绝对,絕對,juéduì,Adv,3,2-4,2-4,,False,https://forvo.com/word/绝对/#zh
L3-0405,咖啡,咖啡,kāfēi,N,3,1-1,1-1,,False,https://forvo.com/word/咖啡/#zh
L3-0406,开发,開發,kāifā,V,3,1-1,1-1,,False,https://forvo.com/word/开发/#zh
L3-0407,开放,開放,kāifàng,V,3,1-4,1-4,,False,https://forvo.com/word/开放/#zh
L3-0408,开始,開始,kāishǐ,V/N,3,1-3,1-3,,False,https://forvo.com/word/开始/#zh
L3-0409,开业,開業,kāiyè,,3,1-4,1-4,,False,https://forvo.com/word/开业/#zh
L3-0410,开展,開展,kāizhǎn,V,3,1-3,1-3,,False,https://forvo.com/word/开展/#zh
L3-0411,看起来,看起來,kàn qǐlái,,3,4-3-N,4-3-N,neutral_tone,False,https://forvo.com/word/看起来/#zh
L3-0412,看上去,看上去,kàn shàngqù,,3,4-N-N,4-N-N,neutral_tone,False,https://forvo.com/word/看上去/#zh
L3-0413,考验,考驗,kǎoyàn,V,3,3-4,3-4,,False,https://forvo.com/word/考验/#zh
L3-0414,科技,科技,kējì,N,3,1-4,1-4,,False,https://forvo.com/word/科技/#zh
L3-0415,可靠,可靠,kěkào,Adj,3,3-4,3-4,,False,https://forvo.com/word/可靠/#zh
L3-0416,可乐,可樂,kělè,N,3,3-4,3-4,,False,https://forvo.com/word/可乐/#zh
L3-0417,克服,克服,kèfú,V,3,4-2,4-2,,False,https://forvo.com/word/克服/#zh
L3-0418,客观,客觀,kèguān,Adj,3,4-1,4-1,,False,https://forvo.com/word/客观/#zh
L3-0419,课程,課程,kèchéng,N,3,4-2,4-2,,False,https://forvo.com/word/课程/#zh
L3-0420,空,空,kōng,Adj/Adv,3,1,1,,False,https://forvo.com/word/空/#zh
L3-0421,空调,空調,kōngtiáo,N,3,1-2,1-2,,False,https://forvo.com/word/空调/#zh
L3-0422,恐怕,恐怕,kǒngpà,Adv,3,3-4,3-4,,False,https://forvo.com/word/恐怕/#zh
L3-0423,空儿,空兒,kòngr,N,3,4-N,4-N,neutral_tone,False,https://forvo.com/word/空儿/#zh
L3-0424,裤子,褲子,kùzi,N,3,4-N,4-N,neutral_tone,False,https://forvo.com/word/裤子/#zh
L3-0425,快速,快速,kuàisù,Adj,3,4-4,4-4,,False,https://forvo.com/word/快速/#zh
L3-0426,困,困,kùn,Adj/V,3,4,4,,False,https://forvo.com/word/困/#zh
L3-0427,困难,困難,kùnnan,N/Adj,3,4-N,4-N,neutral_tone,False,https://forvo.com/word/困难/#zh
L3-0428,浪费,浪費,làngfèi,V,3,4-4,4-4,,False,https://forvo.com/word/浪费/#zh
L3-0429,老百姓,老百姓,lǎobǎixìng,N,3,3-3-4,2-3-4,third_tone_sandhi,False,https://forvo.com/word/老百姓/#zh
L3-0430,老板,老闆,lǎobǎn,N,3,3-3,2-3,third_tone_sandhi,False,https://forvo.com/word/老板/#zh
L3-0431,老太太,老太太,lǎotàitai,N,3,3-4-N,3-4-N,neutral_tone,False,https://forvo.com/word/老太太/#zh
L3-0432,老头儿,老頭兒,lǎotóur,N,3,3-2-N,3-2-N,neutral_tone,False,https://forvo.com/word/老头儿/#zh
L3-0433,乐,樂,lè,V,3,4,4,,False,https://forvo.com/word/乐/#zh
L3-0434,乐观,樂觀,lèguān,Adj,3,4-1,4-1,,False,https://forvo.com/word/乐观/#zh
L3-0435,类,類,lèi,N/M,3,4,4,,False,https://forvo.com/word/类/#zh
L3-0436,类似,類似,lèisì,V/Adj,3,4-4,4-4,,False,https://forvo.com/word/类似/#zh
L3-0437,离婚,離婚,líhūn,,3,2-1,2-1,,False,https://forvo.com/word/离婚/#zh
L3-0438,里面,裡面,lǐmiàn,N,3,3-4,3-4,,False,https://forvo.com/word/里面/#zh
L3-0439,理发,理髮,lǐfà,,3,3-4,3-4,,False,https://forvo.com/word/理发/#zh
L3-0440,理解,理解,lǐjiě,V,3,3-3,2-3,third_tone_sandhi,False,https://forvo.com/word/理解/#zh
L3-0441,理论,理論,lǐlùn,N,3,3-4,3-4,,False,https://forvo.com/word/理论/#zh
L3-0442,理由,理由,lǐyóu,N,3,3-2,3-2,,False,https://forvo.com/word/理由/#zh
L3-0443,力,力,lì,N,3,4,4,,False,https://forvo.com/word/力/#zh
L3-0444,力量,力量,lìliàng,N,3,4-N,4-N,neutral_tone,False,https://forvo.com/word/力量/#zh
L3-0445,立刻,立刻,lìkè,Adv,3,4-4,4-4,,False,https://forvo.com/word/立刻/#zh
L3-0446,利用,利用,lìyòng,V,3,4-4,4-4,,False,https://forvo.com/word/利用/#zh
L3-0447,连,連,lián,V/Adv,3,2,2,,False,https://forvo.com/word/连/#zh
L3-0448,连忙,連忙,liánmáng,Adv,3,2-2,2-2,,False,https://forvo.com/word/连忙/#zh
L3-0449,连续,連續,liánxù,V,3,2-4,2-4,,False,https://forvo.com/word/连续/#zh
L3-0450,连续剧,連續劇,liánxùjù,N,3,2-4-4,2-4-4,,False,https://forvo.com/word/连续剧/#zh
L3-0451,联合,聯合,liánhé,V,3,2-2,2-2,,False,https://forvo.com/word/联合/#zh
L3-0452,联合国,聯合國,Liánhéguó,N,3,2-2-2,2-2-2,,False,https://forvo.com/word/联合国/#zh
L3-0453,联系,聯繫,liánxì,V/N,3,2-4,2-4,,False,https://forvo.com/word/联系/#zh
L3-0454,凉水,涼水,liángshuǐ,N,3,2-3,2-3,,False,https://forvo.com/word/凉水/#zh
L3-0455,了,了,liǎo,V,3,3,3,,False,https://forvo.com/word/了/#zh
L3-0456,领,領,lǐng,V,3,3,3,,False,https://forvo.com/word/领/#zh
L3-0457,领导,領導,lǐngdǎo,V/N,3,3-3,2-3,third_tone_sandhi,False,https://forvo.com/word/领导/#zh
L3-0458,领先,領先,lǐngxiān,,3,3-1,3-1,,False,https://forvo.com/word/领先/#zh
L3-0459,另外,另外,lìngwài,Pron/Adv/Conj,3,4-4,4-4,,False,https://forvo.com/word/另外/#zh
L3-0460,另一方面,另一方面,lìng yīfāngmiàn,,3,4-1-1-4,4-4-1-4,yi_before_non_t4,False,https://forvo.com/word/另一方面/#zh
L3-0461,留学,留學,liúxué,,3,2-2,2-2,,False,https://forvo.com/word/留学/#zh
L3-0462,龙,龍,lóng,N,3,2,2,,False,https://forvo.com/word/龙/#zh
L3-0463,录,錄,lù,V,3,4,4,,False,https://forvo.com/word/录/#zh
L3-0464,录音,錄音,lùyīn,V/N,3,4-1,4-1,,False,https://forvo.com/word/录音/#zh
L3-0465,路线,路線,lùxiàn,N,3,4-4,4-4,,False,https://forvo.com/word/路线/#zh
L3-0466,旅馆,旅館,lǚguǎn,N,3,3-3,2-3,third_tone_sandhi,False,https://forvo.com/word/旅馆/#zh
L3-0467,旅行社,旅行社,lǚxíngshè,N,3,3-2-4,3-2-4,,False,https://forvo.com/word/旅行社/#zh
L3-0468,绿茶,綠茶,lǜchá,N,3,4-2,4-2,,False,https://forvo.com/word/绿茶/#zh
L3-0469,乱,亂,luàn,Adj,3,4,4,,False,https://forvo.com/word/乱/#zh
L3-0470,落后,落後,luòhòu,,3,4-4,4-4,,False,https://forvo.com/word/落后/#zh
L3-0471,麻烦,麻煩,máfan,V/Adj,3,2-N,2-N,neutral_tone,False,https://forvo.com/word/麻烦/#zh
L3-0472,马,馬,mǎ,N,3,3,3,,False,https://forvo.com/word/马/#zh
L3-0473,满足,滿足,mǎnzú,V,3,3-2,3-2,,False,https://forvo.com/word/满足/#zh
L3-0474,慢慢,慢慢,mànmàn,,3,4-4,4-4,,False,https://forvo.com/word/慢慢/#zh
L3-0475,毛,毛,máo,N,3,2,2,,False,https://forvo.com/word/毛/#zh
L3-0476,毛病,毛病,máobìng,N,3,2-4,2-4,,False,https://forvo.com/word/毛病/#zh
L3-0477,没用,沒用,méiyòng,V,3,2-4,2-4,,False,https://forvo.com/word/没用/#zh
L3-0478,媒体,媒體,méitǐ,N,3,2-3,2-3,,False,https://forvo.com/word/媒体/#zh
L3-0479,每,每,měi,Pron/Adv,3,3,3,,False,https://forvo.com/word/每/#zh
L3-0480,美,美,měi,Adj,3,3,3,,False,https://forvo.com/word/美/#zh
L3-0481,美好,美好,měihǎo,Adj,3,3-3,2-3,third_tone_sandhi,False,https://forvo.com/word/美好/#zh
L3-0482,美丽,美麗,měilì,Adj,3,3-4,3-4,,False,https://forvo.com/word/美丽/#zh
L3-0483,美食,美食,měishí,N,3,3-2,3-2,,False,https://forvo.com/word/美食/#zh
L3-0484,美术,美術,měishù,N,3,3-4,3-4,,False,https://forvo.com/word/美术/#zh
L3-0485,美元,美元,měiyuán,N,3,3-2,3-2,,False,https://forvo.com/word/美元/#zh
L3-0486,迷,迷,mí,V,3,2,2,,False,https://forvo.com/word/迷/#zh
L3-0487,米,米,mǐ,N,3,3,3,,False,https://forvo.com/word/米/#zh
L3-0488,面对,面對,miànduì,V,3,4-4,4-4,,False,https://forvo.com/word/面对/#zh
L3-0489,面积,面積,miànjī,N,3,4-1,4-1,,False,https://forvo.com/word/面积/#zh
L3-0490,民间,民間,mínjiān,N,3,2-1,2-1,,False,https://forvo.com/word/民间/#zh
L3-0491,民族,民族,mínzú,N,3,2-2,2-2,,False,https://forvo.com/word/民族/#zh
L3-0492,明确,明確,míngquè,Adj/V,3,2-4,2-4,,False,https://forvo.com/word/明确/#zh
L3-0493,明显,明顯,míngxiǎn,Adj,3,2-3,2-3,,False,https://forvo.com/word/明显/#zh
L3-0494,命运,命運,mìngyùn,N,3,4-4,4-4,,False,https://forvo.com/word/命运/#zh
L3-0495,某,某,mǒu,Pron,3,3,3,,False,https://forvo.com/word/某/#zh
L3-0496,母亲,母親,mǔqīn,N,3,3-1,3-1,,False,https://forvo.com/word/母亲/#zh
L3-0497,木头,木頭,mùtou,N,3,4-N,4-N,neutral_tone,False,https://forvo.com/word/木头/#zh
L3-0498,目标,目標,mùbiāo,N,3,4-1,4-1,,False,https://forvo.com/word/目标/#zh
L3-0499,目前,目前,mùqián,N,3,4-2,4-2,,False,https://forvo.com/word/目前/#zh
L3-0500,奶茶,奶茶,nǎichá,N,3,3-2,3-2,,False,https://forvo.com/word/奶茶/#zh
L3-0501,男子,男子,nánzǐ,N,3,2-3,2-3,,False,https://forvo.com/word/男子/#zh
L3-0502,南部,南部,nánbù,N,3,2-4,2-4,,False,https://forvo.com/word/南部/#zh
L3-0503,难道,難道,nándào,Adv,3,2-4,2-4,,False,https://forvo.com/word/难道/#zh
L3-0504,难度,難度,nándù,N,3,2-4,2-4,,False,https://forvo.com/word/难度/#zh
L3-0505,内,內,nèi,N,3,4,4,,False,https://forvo.com/word/内/#zh
L3-0506,内容,內容,nèiróng,N,3,4-2,4-2,,False,https://forvo.com/word/内容/#zh
L3-0507,内心,內心,nèixīn,N,3,4-1,4-1,,False,https://forvo.com/word/内心/#zh
L3-0508,能不能,能不能,néng bu néng,,3,2-N-2,2-N-2,bu_a_not_a;neutral_tone,False,https://forvo.com/word/能不能/#zh
L3-0509,能力,能力,nénglì,N,3,2-4,2-4,,False,https://forvo.com/word/能力/#zh
L3-0510,年初,年初,niánchū,N,3,2-1,2-1,,False,https://forvo.com/word/年初/#zh
L3-0511,年代,年代,niándài,N,3,2-4,2-4,,False,https://forvo.com/word/年代/#zh
L3-0512,年底,年底,niándǐ,N,3,2-3,2-3,,False,https://forvo.com/word/年底/#zh
L3-0513,年纪,年紀,niánjì,N,3,2-4,2-4,,False,https://forvo.com/word/年纪/#zh
L3-0514,念,念,niàn,V,3,4,4,,False,https://forvo.com/word/念/#zh
L3-0515,牛,牛,niú,N,3,2,2,,False,https://forvo.com/word/牛/#zh
L3-0516,农村,農村,nóngcūn,N,3,2-1,2-1,,False,https://forvo.com/word/农村/#zh
L3-0517,农民,農民,nóngmín,N,3,2-2,2-2,,False,https://forvo.com/word/农民/#zh
L3-0518,农业,農業,nóngyè,N,3,2-4,2-4,,False,https://forvo.com/word/农业/#zh
L3-0519,女子,女子,nǚzǐ,N,3,3-3,2-3,third_tone_sandhi,False,https://forvo.com/word/女子/#zh
L3-0520,暖和,暖和,nuǎnhuo,Adj,3,3-N,3-N,neutral_tone,False,https://forvo.com/word/暖和/#zh
L3-0521,怕,怕,pà,Adv,3,4,4,,False,https://forvo.com/word/怕/#zh
L3-0522,拍,拍,pāi,V,3,1,1,,False,https://forvo.com/word/拍/#zh
L3-0523,排,排,pái,V,3,2,2,,False,https://forvo.com/word/排/#zh
L3-0524,排名,排名,páimíng,,3,2-2,2-2,,False,https://forvo.com/word/排名/#zh
L3-0525,牌子,牌子,páizi,N,3,2-N,2-N,neutral_tone,False,https://forvo.com/word/牌子/#zh
L3-0526,派,派,pài,V/N,3,4,4,,False,https://forvo.com/word/派/#zh
L3-0527,判断,判斷,pànduàn,V/N,3,4-4,4-4,,False,https://forvo.com/word/判断/#zh
L3-0528,胖,胖,pàng,Adj,3,4,4,,False,https://forvo.com/word/胖/#zh
L3-0529,跑步,跑步,pǎobù,,3,3-4,3-4,,False,https://forvo.com/word/跑步/#zh
L3-0530,配,配,pèi,V,3,4,4,,False,https://forvo.com/word/配/#zh
L3-0531,配合,配合,pèihé,V,3,4-2,4-2,,False,https://forvo.com/word/配合/#zh
L3-0532,批评,批評,pīpíng,V,3,1-2,1-2,,False,https://forvo.com/word/批评/#zh
L3-0533,批准,批准,pīzhǔn,V,3,1-3,1-3,,False,https://forvo.com/word/批准/#zh
L3-0534,皮,皮,pí,N,3,2,2,,False,https://forvo.com/word/皮/#zh
L3-0535,皮包,皮包,píbāo,N,3,2-1,2-1,,False,https://forvo.com/word/皮包/#zh
L3-0536,啤酒,啤酒,píjiǔ,N,3,2-3,2-3,,False,https://forvo.com/word/啤酒/#zh
L3-0537,票价,票價,piàojià,N,3,4-4,4-4,,False,https://forvo.com/word/票价/#zh
L3-0538,评价,評價,píngjià,V/N,3,2-4,2-4,,False,https://forvo.com/word/评价/#zh
L3-0539,苹果,蘋果,píngguǒ,N,3,2-3,2-3,,False,https://forvo.com/word/苹果/#zh
L3-0540,破,破,pò,Adj/V,3,4,4,,False,https://forvo.com/word/破/#zh
L3-0541,破坏,破壞,pòhuài,V,3,4-4,4-4,,False,https://forvo.com/word/破坏/#zh
L3-0542,普遍,普遍,pǔbiàn,Adj,3,3-4,3-4,,False,https://forvo.com/word/普遍/#zh
L3-0543,普及,普及,pǔjí,V/Adj,3,3-2,3-2,,False,https://forvo.com/word/普及/#zh
L3-0544,期,期,qī,M,3,1,1,,False,https://forvo.com/word/期/#zh
L3-0545,齐,齊,qí,Adj/V,3,2,2,,False,https://forvo.com/word/齐/#zh
L3-0546,其次,其次,qícì,Pron,3,2-4,2-4,,False,https://forvo.com/word/其次/#zh
L3-0547,其实,其實,qíshí,Adv,3,2-2,2-2,,False,https://forvo.com/word/其实/#zh
L3-0548,奇怪,奇怪,qíguài,Adj,3,2-4,2-4,,False,https://forvo.com/word/奇怪/#zh
L3-0549,气候,氣候,qìhòu,N,3,4-4,4-4,,False,https://forvo.com/word/气候/#zh
L3-0550,千万,千萬,qiānwàn,Adv,3,1-4,1-4,,False,https://forvo.com/word/千万/#zh
L3-0551,前后,前後,qiánhòu,N,3,2-4,2-4,,False,https://forvo.com/word/前后/#zh
L3-0552,前进,前進,qiánjìn,V,3,2-4,2-4,,False,https://forvo.com/word/前进/#zh
L3-0553,前面,前面,qiánmiàn,N,3,2-4,2-4,,False,https://forvo.com/word/前面/#zh
L3-0554,前往,前往,qiánwǎng,V,3,2-3,2-3,,False,https://forvo.com/word/前往/#zh
L3-0555,强,強,qiáng,Adj,3,2,2,,False,https://forvo.com/word/强/#zh
L3-0556,强大,強大,qiángdà,Adj,3,2-4,2-4,,False,https://forvo.com/word/强大/#zh
L3-0557,强调,強調,qiángdiào,V,3,2-4,2-4,,False,https://forvo.com/word/强调/#zh
L3-0558,强烈,強烈,qiángliè,Adj,3,2-4,2-4,,False,https://forvo.com/word/强烈/#zh
L3-0559,桥,橋,qiáo,N,3,2,2,,False,https://forvo.com/word/桥/#zh
L3-0560,巧,巧,qiǎo,Adj,3,3,3,,False,https://forvo.com/word/巧/#zh
L3-0561,亲,親,qīn,Adj,3,1,1,,False,https://forvo.com/word/亲/#zh
L3-0562,亲切,親切,qīnqiè,Adj,3,1-4,1-4,,False,https://forvo.com/word/亲切/#zh
L3-0563,亲人,親人,qīnrén,N,3,1-2,1-2,,False,https://forvo.com/word/亲人/#zh
L3-0564,亲自,親自,qīnzì,Adv,3,1-4,1-4,,False,https://forvo.com/word/亲自/#zh
L3-0565,情感,情感,qínggǎn,N,3,2-3,2-3,,False,https://forvo.com/word/情感/#zh
L3-0566,情况,情況,qíngkuàng,N,3,2-4,2-4,,False,https://forvo.com/word/情况/#zh
L3-0567,请教,請教,qǐngjiào,V,3,3-4,3-4,,False,https://forvo.com/word/请教/#zh
L3-0568,庆祝,慶祝,qìngzhù,V,3,4-4,4-4,,False,https://forvo.com/word/庆祝/#zh
L3-0569,球迷,球迷,qiúmí,N,3,2-2,2-2,,False,https://forvo.com/word/球迷/#zh
L3-0570,区,區,qū,N,3,1,1,,False,https://forvo.com/word/区/#zh
L3-0571,区别,區別,qūbié,N/V,3,1-2,1-2,,False,https://forvo.com/word/区别/#zh
L3-0572,取消,取消,qǔxiāo,V,3,3-1,3-1,,False,https://forvo.com/word/取消/#zh
L3-0573,去世,去世,qùshì,V,3,4-4,4-4,,False,https://forvo.com/word/去世/#zh
L3-0574,全场,全場,quánchǎng,N,3,2-3,2-3,,False,https://forvo.com/word/全场/#zh
L3-0575,全面,全面,quánmiàn,Adj,3,2-4,2-4,,False,https://forvo.com/word/全面/#zh
L3-0576,全球,全球,quánqiú,N,3,2-2,2-2,,False,https://forvo.com/word/全球/#zh
L3-0577,缺,缺,quē,V,3,1,1,,False,https://forvo.com/word/缺/#zh
L3-0578,缺点,缺點,quēdiǎn,N,3,1-3,1-3,,False,https://forvo.com/word/缺点/#zh
L3-0579,缺少,缺少,quēshǎo,V,3,1-3,1-3,,False,https://forvo.com/word/缺少/#zh
L3-0580,确保,確保,quèbǎo,V,3,4-3,4-3,,False,https://forvo.com/word/确保/#zh
L3-0581,确定,確定,quèdìng,Adj/V,3,4-4,4-4,,False,https://forvo.com/word/确定/#zh
L3-0582,确实,確實,quèshí,Adj/Adv,3,4-2,4-2,,False,https://forvo.com/word/确实/#zh
L3-0583,裙子,裙子,qúnzi,N,3,2-N,2-N,neutral_tone,False,https://forvo.com/word/裙子/#zh
L3-0584,群,群,qún,M,3,2,2,,False,https://forvo.com/word/群/#zh
L3-0585,热爱,熱愛,rè'ài,V,3,4-4,4-4,,False,https://forvo.com/word/热爱/#zh
L3-0586,热烈,熱烈,rèliè,Adj,3,4-4,4-4,,False,https://forvo.com/word/热烈/#zh
L3-0587,人才,人才,réncái,N,3,2-2,2-2,,False,https://forvo.com/word/人才/#zh
L3-0588,人工,人工,réngōng,N/Adj,3,2-1,2-1,,False,https://forvo.com/word/人工/#zh
L3-0589,人类,人類,rénlèi,N,3,2-4,2-4,,False,https://forvo.com/word/人类/#zh
L3-0590,人民,人民,rénmín,N,3,2-2,2-2,,False,https://forvo.com/word/人民/#zh
L3-0591,人民币,人民幣,rénmínbì,N,3,2-2-4,2-2-4,,False,https://forvo.com/word/人民币/#zh
L3-0592,人群,人群,rénqún,N,3,2-2,2-2,,False,https://forvo.com/word/人群/#zh
L3-0593,人生,人生,rénshēng,N,3,2-1,2-1,,False,https://forvo.com/word/人生/#zh
L3-0594,人员,人員,rényuán,N,3,2-2,2-2,,False,https://forvo.com/word/人员/#zh
L3-0595,认出,認出,rènchū,,3,4-1,4-1,,False,https://forvo.com/word/认出/#zh
L3-0596,认得,認得,rènde,V,3,4-N,4-N,neutral_tone,False,https://forvo.com/word/认得/#zh
L3-0597,认可,認可,rènkě,V,3,4-3,4-3,,False,https://forvo.com/word/认可/#zh
L3-0598,任,任,rèn,V,3,4,4,,False,https://forvo.com/word/任/#zh
L3-0599,任,任,rèn,Conj,3,4,4,,False,https://forvo.com/word/任/#zh
L3-0600,任何,任何,rènhé,Pron,3,4-2,4-2,,False,https://forvo.com/word/任何/#zh
L3-0601,任务,任務,rènwu,N,3,4-N,4-N,neutral_tone,False,https://forvo.com/word/任务/#zh
L3-0602,仍,仍,réng,Adv,3,2,2,,False,https://forvo.com/word/仍/#zh
L3-0603,仍然,仍然,réngrán,Adv,3,2-2,2-2,,False,https://forvo.com/word/仍然/#zh
L3-0604,日常,日常,rìcháng,Adj,3,4-2,4-2,,False,https://forvo.com/word/日常/#zh
L3-0605,容易,容易,róngyì,Adj,3,2-4,2-4,,False,https://forvo.com/word/容易/#zh
L3-0606,如何,如何,rúhé,Pron,3,2-2,2-2,,False,https://forvo.com/word/如何/#zh
L3-0607,散步,散步,sànbù,,3,4-4,4-4,,False,https://forvo.com/word/散步/#zh
L3-0608,沙发,沙發,shāfā,N,3,1-1,1-1,,False,https://forvo.com/word/沙发/#zh
L3-0609,沙子,沙子,shāzi,N,3,1-N,1-N,neutral_tone,False,https://forvo.com/word/沙子/#zh
L3-0610,伤,傷,shāng,V/N,3,1,1,,False,https://forvo.com/word/伤/#zh
L3-0611,伤心,傷心,shāngxīn,,3,1-1,1-1,,False,https://forvo.com/word/伤心/#zh
L3-0612,商品,商品,shāngpǐn,N,3,1-3,1-3,,False,https://forvo.com/word/商品/#zh
L3-0613,商业,商業,shāngyè,N,3,1-4,1-4,,False,https://forvo.com/word/商业/#zh
L3-0614,上来,上來,shànglái,,3,4-2,4-2,,False,https://forvo.com/word/上来/#zh
L3-0615,上面,上面,shàngmiàn,N,3,4-4,4-4,,False,https://forvo.com/word/上面/#zh
L3-0616,上去,上去,shàngqù,,3,4-4,4-4,,False,https://forvo.com/word/上去/#zh
L3-0617,上升,上升,shàngshēng,V,3,4-1,4-1,,False,https://forvo.com/word/上升/#zh
L3-0618,上衣,上衣,shàngyī,N,3,4-1,4-1,,False,https://forvo.com/word/上衣/#zh
L3-0619,设备,設備,shèbèi,N,3,4-4,4-4,,False,https://forvo.com/word/设备/#zh
L3-0620,设计,設計,shèjì,V/N,3,4-4,4-4,,False,https://forvo.com/word/设计/#zh
L3-0621,设立,設立,shèlì,V,3,4-4,4-4,,False,https://forvo.com/word/设立/#zh
L3-0622,社会,社會,shèhuì,N,3,4-4,4-4,,False,https://forvo.com/word/社会/#zh
L3-0623,身份证,身份證,shēnfènzhèng,N,3,1-4-4,1-4-4,,False,https://forvo.com/word/身份证/#zh
L3-0624,深,深,shēn,Adj,3,1,1,,False,https://forvo.com/word/深/#zh
L3-0625,深刻,深刻,shēnkè,Adj,3,1-4,1-4,,False,https://forvo.com/word/深刻/#zh
L3-0626,深入,深入,shēnrù,V/Adj,3,1-4,1-4,,False,https://forvo.com/word/深入/#zh
L3-0627,升,升,shēng,V,3,1,1,,False,https://forvo.com/word/升/#zh
L3-0628,生,生,shēng,Adj,3,1,1,,False,https://forvo.com/word/生/#zh
L3-0629,生产,生產,shēngchǎn,V,3,1-3,1-3,,False,https://forvo.com/word/生产/#zh
L3-0630,生存,生存,shēngcún,V,3,1-2,1-2,,False,https://forvo.com/word/生存/#zh
L3-0631,生动,生動,shēngdòng,Adj,3,1-4,1-4,,False,https://forvo.com/word/生动/#zh
L3-0632,生命,生命,shēngmìng,N,3,1-4,1-4,,False,https://forvo.com/word/生命/#zh
L3-0633,生意,生意,shēngyi,N,3,1-N,1-N,neutral_tone,False,https://forvo.com/word/生意/#zh
L3-0634,生长,生長,shēngzhǎng,V,3,1-3,1-3,,False,https://forvo.com/word/生长/#zh
L3-0635,声明,聲明,shēngmíng,V/N,3,1-2,1-2,,False,https://forvo.com/word/声明/#zh
L3-0636,胜,勝,shèng,V,3,4,4,,False,https://forvo.com/word/胜/#zh
L3-0637,胜利,勝利,shènglì,V/N,3,4-4,4-4,,False,https://forvo.com/word/胜利/#zh
L3-0638,失去,失去,shīqù,V,3,1-4,1-4,,False,https://forvo.com/word/失去/#zh
L3-0639,石头,石頭,shítou,N,3,2-N,2-N,neutral_tone,False,https://forvo.com/word/石头/#zh
L3-0640,石油,石油,shíyóu,N,3,2-2,2-2,,False,https://forvo.com/word/石油/#zh
L3-0641,时,時,shí,N,3,2,2,,False,https://forvo.com/word/时/#zh
L3-0642,时代,時代,shídài,N,3,2-4,2-4,,False,https://forvo.com/word/时代/#zh
L3-0643,时刻,時刻,shíkè,N/Adv,3,2-4,2-4,,False,https://forvo.com/word/时刻/#zh
L3-0644,实际上,實際上,shíjìshàng,Adv,3,2-4-4,2-4-4,,False,https://forvo.com/word/实际上/#zh
L3-0645,实力,實力,shílì,N,3,2-4,2-4,,False,https://forvo.com/word/实力/#zh
L3-0646,实行,實行,shíxíng,V,3,2-2,2-2,,False,https://forvo.com/word/实行/#zh
L3-0647,实验,實驗,shíyàn,V/N,3,2-4,2-4,,False,https://forvo.com/word/实验/#zh
L3-0648,实验室,實驗室,shíyànshì,N,3,2-4-4,2-4-4,,False,https://forvo.com/word/实验室/#zh
L3-0649,食品,食品,shípǐn,N,3,2-3,2-3,,False,https://forvo.com/word/食品/#zh
L3-0650,使,使,shǐ,V,3,3,3,,False,https://forvo.com/word/使/#zh
L3-0651,始终,始終,shǐzhōng,Adv,3,3-1,3-1,,False,https://forvo.com/word/始终/#zh
L3-0652,世纪,世紀,shìjì,N,3,4-4,4-4,,False,https://forvo.com/word/世纪/#zh
L3-0653,世界,世界,shìjiè,N,3,4-4,4-4,,False,https://forvo.com/word/世界/#zh
L3-0654,世界杯,世界杯,shìjièbēi,N,3,4-4-1,4-4-1,,False,https://forvo.com/word/世界杯/#zh
L3-0655,市场,市場,shìchǎng,N,3,4-3,4-3,,False,https://forvo.com/word/市场/#zh
L3-0656,事故,事故,shìgù,N,3,4-4,4-4,,False,https://forvo.com/word/事故/#zh
L3-0657,事件,事件,shìjiàn,N,3,4-4,4-4,,False,https://forvo.com/word/事件/#zh
L3-0658,事实,事實,shìshí,N,3,4-2,4-2,,False,https://forvo.com/word/事实/#zh
L3-0659,事实上,事實上,shìshíshang,,3,4-2-4,4-2-4,,False,https://forvo.com/word/事实上/#zh
L3-0660,事业,事業,shìyè,N,3,4-4,4-4,,False,https://forvo.com/word/事业/#zh
L3-0661,试题,試題,shìtí,N,3,4-2,4-2,,False,https://forvo.com/word/试题/#zh
L3-0662,试验,試驗,shìyàn,V,3,4-4,4-4,,False,https://forvo.com/word/试验/#zh
L3-0663,适合,適合,shìhé,V,3,4-2,4-2,,False,https://forvo.com/word/适合/#zh
L3-0664,适应,適應,shìyìng,V,3,4-4,4-4,,False,https://forvo.com/word/适应/#zh
L3-0665,适用,適用,shìyòng,Adj,3,4-4,4-4,,False,https://forvo.com/word/适用/#zh
L3-0666,室,室,shì,N,3,4,4,,False,https://forvo.com/word/室/#zh
L3-0667,收费,收費,shōufèi,V,3,1-4,1-4,,False,https://forvo.com/word/收费/#zh
L3-0668,收看,收看,shōukàn,V,3,1-4,1-4,,False,https://forvo.com/word/收看/#zh
L3-0669,收听,收聽,shōutīng,V,3,1-1,1-1,,False,https://forvo.com/word/收听/#zh
L3-0670,收音机,收音機,shōuyīnjī,N,3,1-1-1,1-1-1,,False,https://forvo.com/word/收音机/#zh
L3-0671,手续,手續,shǒuxù,N,3,3-4,3-4,,False,https://forvo.com/word/手续/#zh
L3-0672,手指,手指,shǒuzhǐ,N,3,3-3,2-3,third_tone_sandhi,False,https://forvo.com/word/手指/#zh
L3-0673,首都,首都,shǒudū,N,3,3-1,3-1,,False,https://forvo.com/word/首都/#zh
L3-0674,首先,首先,shǒuxiān,Adv,3,3-1,3-1,,False,https://forvo.com/word/首先/#zh
L3-0675,受,受,shòu,V,3,4,4,,False,https://forvo.com/word/受/#zh
L3-0676,受伤,受傷,shòushāng,,3,4-1,4-1,,False,https://forvo.com/word/受伤/#zh
L3-0677,书架,書架,shūjià,N,3,1-4,1-4,,False,https://forvo.com/word/书架/#zh
L3-0678,输,輸,shū,V,3,1,1,,False,https://forvo.com/word/输/#zh
L3-0679,输入,輸入,shūrù,V,3,1-4,1-4,,False,https://forvo.com/word/输入/#zh
L3-0680,熟人,熟人,shúrén,N,3,2-2,2-2,,False,https://forvo.com/word/熟人/#zh
L3-0681,属,屬,shǔ,V,3,3,3,,False,https://forvo.com/word/属/#zh
L3-0682,属于,屬於,shǔyú,V,3,3-2,3-2,,False,https://forvo.com/word/属于/#zh
L3-0683,束,束,shù,M,3,4,4,,False,https://forvo.com/word/束/#zh
L3-0684,数量,數量,shùliàng,N,3,4-4,4-4,,False,https://forvo.com/word/数量/#zh
L3-0685,双,雙,shuāng,M/Adj,3,1,1,,False,https://forvo.com/word/双/#zh
L3-0686,双方,雙方,shuāngfāng,N,3,1-1,1-1,,False,https://forvo.com/word/双方/#zh
L3-0687,思想,思想,sīxiǎng,N,3,1-3,1-3,,False,https://forvo.com/word/思想/#zh
L3-0688,死,死,sǐ,V/Adj,3,3,3,,False,https://forvo.com/word/死/#zh
L3-0689,速度,速度,sùdù,N,3,4-4,4-4,,False,https://forvo.com/word/速度/#zh
L3-0690,随,隨,suí,V,3,2,2,,False,https://forvo.com/word/随/#zh
L3-0691,所,所,suǒ,N/M,3,3,3,,False,https://forvo.com/word/所/#zh
L3-0692,所长,所長,suǒzhǎng,N,3,3-3,2-3,third_tone_sandhi,False,https://forvo.com/word/所长/#zh
L3-0693,台,台,tái,N/M,3,2,2,,False,https://forvo.com/word/台/#zh
L3-0694,谈,談,tán,V,3,2,2,,False,https://forvo.com/word/谈/#zh
L3-0695,谈话,談話,tánhuà,,3,2-4,2-4,,False,https://forvo.com/word/谈话/#zh
L3-0696,谈判,談判,tánpàn,V/N,3,2-4,2-4,,False,https://forvo.com/word/谈判/#zh
L3-0697,汤,湯,tāng,N,3,1,1,,False,https://forvo.com/word/汤/#zh
L3-0698,糖,糖,táng,N,3,2,2,,False,https://forvo.com/word/糖/#zh
L3-0699,特色,特色,tèsè,N,3,4-4,4-4,,False,https://forvo.com/word/特色/#zh
L3-0700,提前,提前,tíqián,V,3,2-2,2-2,,False,https://forvo.com/word/提前/#zh
L3-0701,提问,提問,tíwèn,V,3,2-4,2-4,,False,https://forvo.com/word/提问/#zh
L3-0702,题目,題目,tímù,N,3,2-4,2-4,,False,https://forvo.com/word/题目/#zh
L3-0703,体会,體會,tǐhuì,V/N,3,3-4,3-4,,False,https://forvo.com/word/体会/#zh
L3-0704,体现,體現,tǐxiàn,V,3,3-4,3-4,,False,https://forvo.com/word/体现/#zh
L3-0705,体验,體驗,tǐyàn,V,3,3-4,3-4,,False,https://forvo.com/word/体验/#zh
L3-0706,天空,天空,tiānkōng,N,3,1-1,1-1,,False,https://forvo.com/word/天空/#zh
L3-0707,甜,甜,tián,Adj,3,2,2,,False,https://forvo.com/word/甜/#zh
L3-0708,调,調,tiáo,V,3,2,2,,False,https://forvo.com/word/调/#zh
L3-0709,调整,調整,tiáozhěng,V,3,2-3,2-3,,False,https://forvo.com/word/调整/#zh
L3-0710,跳,跳,tiào,V,3,4,4,,False,https://forvo.com/word/跳/#zh
L3-0711,跳高,跳高,tiàogāo,V,3,4-1,4-1,,False,https://forvo.com/word/跳高/#zh
L3-0712,跳舞,跳舞,tiàowǔ,,3,4-3,4-3,,False,https://forvo.com/word/跳舞/#zh
L3-0713,跳远,跳遠,tiàoyuǎn,V,3,4-3,4-3,,False,https://forvo.com/word/跳远/#zh
L3-0714,铁,鐵,tiě,N,3,3,3,,False,https://forvo.com/word/铁/#zh
L3-0715,铁路,鐵路,tiělù,N,3,3-4,3-4,,False,https://forvo.com/word/铁路/#zh
L3-0716,听力,聽力,tīnglì,N,3,1-4,1-4,,False,https://forvo.com/word/听力/#zh
L3-0717,听众,聽眾,tīngzhòng,N,3,1-4,1-4,,False,https://forvo.com/word/听众/#zh
L3-0718,停止,停止,tíngzhǐ,V,3,2-3,2-3,,False,https://forvo.com/word/停止/#zh
L3-0719,通常,通常,tōngcháng,Adj,3,1-2,1-2,,False,https://forvo.com/word/通常/#zh
L3-0720,通信,通信,tōngxìn,,3,1-4,1-4,,False,https://forvo.com/word/通信/#zh
L3-0721,同意,同意,tóngyì,V,3,2-4,2-4,,False,https://forvo.com/word/同意/#zh
L3-0722,痛,痛,tòng,Adj,3,4,4,,False,https://forvo.com/word/痛/#zh
L3-0723,痛苦,痛苦,tòngkǔ,Adj,3,4-3,4-3,,False,https://forvo.com/word/痛苦/#zh
L3-0724,头,頭,tóu,Adj,3,2,2,,False,https://forvo.com/word/头/#zh
L3-0725,头脑,頭腦,tóunǎo,N,3,2-3,2-3,,False,https://forvo.com/word/头脑/#zh
L3-0726,突出,突出,tūchū,Adj/V,3,1-1,1-1,,False,https://forvo.com/word/突出/#zh
L3-0727,突然,突然,tūrán,Adj,3,1-2,1-2,,False,https://forvo.com/word/突然/#zh
L3-0728,图,圖,tú,N,3,2,2,,False,https://forvo.com/word/图/#zh
L3-0729,图画,圖畫,túhuà,N,3,2-4,2-4,,False,https://forvo.com/word/图画/#zh
L3-0730,土,土,tǔ,N,3,3,3,,False,https://forvo.com/word/土/#zh
L3-0731,团,團,tuán,N/M,3,2,2,,False,https://forvo.com/word/团/#zh
L3-0732,团结,團結,tuánjié,V,3,2-2,2-2,,False,https://forvo.com/word/团结/#zh
L3-0733,团体,團體,tuántǐ,N,3,2-3,2-3,,False,https://forvo.com/word/团体/#zh
L3-0734,推动,推動,tuīdòng,,3,1-4,1-4,,False,https://forvo.com/word/推动/#zh
L3-0735,推广,推廣,tuīguǎng,V,3,1-3,1-3,,False,https://forvo.com/word/推广/#zh
L3-0736,推进,推進,tuījìn,V,3,1-4,1-4,,False,https://forvo.com/word/推进/#zh
L3-0737,推开,推開,tuīkāi,,3,1-1,1-1,,False,https://forvo.com/word/推开/#zh
L3-0738,退,退,tuì,V,3,4,4,,False,https://forvo.com/word/退/#zh
L3-0739,退出,退出,tuìchū,V,3,4-1,4-1,,False,https://forvo.com/word/退出/#zh
L3-0740,退休,退休,tuìxiū,,3,4-1,4-1,,False,https://forvo.com/word/退休/#zh
L3-0741,外交,外交,wàijiāo,N,3,4-1,4-1,,False,https://forvo.com/word/外交/#zh
L3-0742,外面,外面,wàimiàn,N,3,4-4,4-4,,False,https://forvo.com/word/外面/#zh
L3-0743,外文,外文,wàiwén,N,3,4-2,4-2,,False,https://forvo.com/word/外文/#zh
L3-0744,完美,完美,wánměi,Adj,3,2-3,2-3,,False,https://forvo.com/word/完美/#zh
L3-0745,完善,完善,wánshàn,Adj/V,3,2-4,2-4,,False,https://forvo.com/word/完善/#zh
L3-0746,完整,完整,wánzhěng,Adj,3,2-3,2-3,,False,https://forvo.com/word/完整/#zh
L3-0747,玩具,玩具,wánjù,N,3,2-4,2-4,,False,https://forvo.com/word/玩具/#zh
L3-0748,往往,往往,wǎngwǎng,Adv,3,3-3,2-3,third_tone_sandhi,False,https://forvo.com/word/往往/#zh
L3-0749,危害,危害,wēihài,V/N,3,1-4,1-4,,False,https://forvo.com/word/危害/#zh
L3-0750,危险,危險,wēixiǎn,Adj/N,3,1-3,1-3,,False,https://forvo.com/word/危险/#zh
L3-0751,为,為,wéi,V,3,2,2,,False,https://forvo.com/word/为/#zh
L3-0752,为,為,wéi,Prep,3,2,2,,False,https://forvo.com/word/为/#zh
L3-0753,围,圍,wéi,V,3,2,2,,False,https://forvo.com/word/围/#zh
L3-0754,伟大,偉大,wěidà,Adj,3,3-4,3-4,,False,https://forvo.com/word/伟大/#zh
L3-0755,卫生,衛生,wèishēng,Adj/N,3,4-1,4-1,,False,https://forvo.com/word/卫生/#zh
L3-0756,卫生间,衛生間,wèishēngjiān,N,3,4-1-1,4-1-1,,False,https://forvo.com/word/卫生间/#zh
L3-0757,为了,為了,wèile,Prep,3,4-N,4-N,neutral_tone,False,https://forvo.com/word/为了/#zh
L3-0758,温暖,溫暖,wēnnuǎn,Adj/V,3,1-3,1-3,,False,https://forvo.com/word/温暖/#zh
L3-0759,文化,文化,wénhuà,N,3,2-4,2-4,,False,https://forvo.com/word/文化/#zh
L3-0760,文件,文件,wénjiàn,N,3,2-4,2-4,,False,https://forvo.com/word/文件/#zh
L3-0761,文明,文明,wénmíng,N/Adj,3,2-2,2-2,,False,https://forvo.com/word/文明/#zh
L3-0762,文学,文學,wénxué,N,3,2-2,2-2,,False,https://forvo.com/word/文学/#zh
L3-0763,文章,文章,wénzhāng,N,3,2-1,2-1,,False,https://forvo.com/word/文章/#zh
L3-0764,文字,文字,wénzì,N,3,2-4,2-4,,False,https://forvo.com/word/文字/#zh
L3-0765,握手,握手,wòshǒu,,3,4-3,4-3,,False,https://forvo.com/word/握手/#zh
L3-0766,屋子,屋子,wūzi,N,3,1-N,1-N,neutral_tone,False,https://forvo.com/word/屋子/#zh
L3-0767,武器,武器,wǔqì,N,3,3-4,3-4,,False,https://forvo.com/word/武器/#zh
L3-0768,武术,武術,wǔshù,N,3,3-4,3-4,,False,https://forvo.com/word/武术/#zh
L3-0769,舞台,舞臺,wǔtái,N,3,3-2,3-2,,False,https://forvo.com/word/舞台/#zh
L3-0770,西部,西部,xībù,N,3,1-4,1-4,,False,https://forvo.com/word/西部/#zh
L3-0771,希望,希望,xīwàng,V/N,3,1-4,1-4,,False,https://forvo.com/word/希望/#zh
L3-0772,系,系,xì,N,3,4,4,,False,https://forvo.com/word/系/#zh
L3-0773,下来,下來,xiàlái,,3,4-N,4-N,neutral_tone,False,https://forvo.com/word/下来/#zh
L3-0774,下面,下面,xiàmiàn,N,3,4-4,4-4,,False,https://forvo.com/word/下面/#zh
L3-0775,下去,下去,xiàqù,,3,4-4,4-4,,False,https://forvo.com/word/下去/#zh
L3-0776,先进,先進,xiānjìn,Adj/N,3,1-4,1-4,,False,https://forvo.com/word/先进/#zh
L3-0777,显得,顯得,xiǎnde,V,3,3-N,3-N,neutral_tone,False,https://forvo.com/word/显得/#zh
L3-0778,显然,顯然,xiǎnrán,Adj,3,3-2,3-2,,False,https://forvo.com/word/显然/#zh
L3-0779,显示,顯示,xiǎnshì,V,3,3-4,3-4,,False,https://forvo.com/word/显示/#zh
L3-0780,现场,現場,xiànchǎng,N,3,4-3,4-3,,False,https://forvo.com/word/现场/#zh
L3-0781,现代,現代,xiàndài,N,3,4-4,4-4,,False,https://forvo.com/word/现代/#zh
L3-0782,现金,現金,xiànjīn,N,3,4-1,4-1,,False,https://forvo.com/word/现金/#zh
L3-0783,现实,現實,xiànshí,N,3,4-2,4-2,,False,https://forvo.com/word/现实/#zh
L3-0784,现象,現象,xiànxiàng,N,3,4-4,4-4,,False,https://forvo.com/word/现象/#zh
L3-0785,线,線,xiàn,N,3,4,4,,False,https://forvo.com/word/线/#zh
L3-0786,相比,相比,xiāngbǐ,V,3,1-3,1-3,,False,https://forvo.com/word/相比/#zh
L3-0787,相当,相當,xiāngdāng,Adv/V,3,1-1,1-1,,False,https://forvo.com/word/相当/#zh
L3-0788,相关,相關,xiāngguān,V,3,1-1,1-1,,False,https://forvo.com/word/相关/#zh
L3-0789,相互,相互,xiānghù,Adv,3,1-4,1-4,,False,https://forvo.com/word/相互/#zh
L3-0790,相似,相似,xiāngsì,Adj,3,1-4,1-4,,False,https://forvo.com/word/相似/#zh
L3-0791,香,香,xiāng,Adj,3,1,1,,False,https://forvo.com/word/香/#zh
L3-0792,香蕉,香蕉,xiāngjiāo,N,3,1-1,1-1,,False,https://forvo.com/word/香蕉/#zh
L3-0793,消费,消費,xiāofèi,V,3,1-4,1-4,,False,https://forvo.com/word/消费/#zh
L3-0794,消失,消失,xiāoshī,V,3,1-1,1-1,,False,https://forvo.com/word/消失/#zh
L3-0795,消息,消息,xiāoxi,N,3,1-N,1-N,neutral_tone,False,https://forvo.com/word/消息/#zh
L3-0796,效果,效果,xiàoguǒ,N,3,4-3,4-3,,False,https://forvo.com/word/效果/#zh
L3-0797,写作,寫作,xiězuò,V,3,3-4,3-4,,False,https://forvo.com/word/写作/#zh
L3-0798,血,血,xiě,N,3,4,4,,False,https://forvo.com/word/血/#zh
L3-0799,心,心,xīn,N,3,1,1,,False,https://forvo.com/word/心/#zh
L3-0800,信,信,xìn,V,3,4,4,,False,https://forvo.com/word/信/#zh
L3-0801,信封,信封,xìnfēng,N,3,4-1,4-1,,False,https://forvo.com/word/信封/#zh
L3-0802,信任,信任,xìnrèn,V,3,4-4,4-4,,False,https://forvo.com/word/信任/#zh
L3-0803,行李,行李,xíngli,N,3,2-N,2-N,neutral_tone,False,https://forvo.com/word/行李/#zh
L3-0804,形成,形成,xíngchéng,V,3,2-2,2-2,,False,https://forvo.com/word/形成/#zh
L3-0805,形式,形式,xíngshì,N,3,2-4,2-4,,False,https://forvo.com/word/形式/#zh
L3-0806,形象,形象,xíngxiàng,N/Adj,3,2-4,2-4,,False,https://forvo.com/word/形象/#zh
L3-0807,形状,形狀,xíngzhuàng,N,3,2-4,2-4,,False,https://forvo.com/word/形状/#zh
L3-0808,幸福,幸福,xìngfú,Adj/N,3,4-2,4-2,,False,https://forvo.com/word/幸福/#zh
L3-0809,幸运,幸運,xìngyùn,Adj,3,4-4,4-4,,False,https://forvo.com/word/幸运/#zh
L3-0810,性（积极性）,性（積極性）,xìng(jījíxìng),Suffix,3,4,4,,False,https://forvo.com/word/性（积极性）/#zh
L3-0811,性别,性別,xìngbié,N,3,4-2,4-2,,False,https://forvo.com/word/性别/#zh
L3-0812,性格,性格,xìnggé,N,3,4-2,4-2,,False,https://forvo.com/word/性格/#zh
L3-0813,修,修,xiū,V,3,1,1,,False,https://forvo.com/word/修/#zh
L3-0814,修改,修改,xiūgǎi,V,3,1-3,1-3,,False,https://forvo.com/word/修改/#zh
L3-0815,需求,需求,xūqiú,N,3,1-2,1-2,,False,https://forvo.com/word/需求/#zh
L3-0816,需要,需要,xūyào,V/N,3,1-4,1-4,,False,https://forvo.com/word/需要/#zh
L3-0817,宣布,宣布,xuānbù,V,3,1-4,1-4,,False,https://forvo.com/word/宣布/#zh
L3-0818,宣传,宣傳,xuānchuán,V/N,3,1-2,1-2,,False,https://forvo.com/word/宣传/#zh
L3-0819,选手,選手,xuǎnshǒu,N,3,3-3,2-3,third_tone_sandhi,False,https://forvo.com/word/选手/#zh
L3-0820,学费,學費,xuéfèi,N,3,2-4,2-4,,False,https://forvo.com/word/学费/#zh
L3-0821,训练,訓練,xùnliàn,V/N,3,4-4,4-4,,False,https://forvo.com/word/训练/#zh
L3-0822,压,壓,yā,V,3,1,1,,False,https://forvo.com/word/压/#zh
L3-0823,压力,壓力,yālì,N,3,1-4,1-4,,False,https://forvo.com/word/压力/#zh
L3-0824,烟,煙,yān,N,3,1,1,,False,https://forvo.com/word/烟/#zh
L3-0825,眼前,眼前,yǎnqián,N,3,3-2,3-2,,False,https://forvo.com/word/眼前/#zh
L3-0826,演,演,yǎn,V,3,3,3,,False,https://forvo.com/word/演/#zh
L3-0827,演唱,演唱,yǎnchàng,V,3,3-4,3-4,,False,https://forvo.com/word/演唱/#zh
L3-0828,演唱会,演唱會,yǎnchànghuì,N,3,3-4-4,3-4-4,,False,https://forvo.com/word/演唱会/#zh
L3-0829,演出,演出,yǎnchū,V/N,3,3-1,3-1,,False,https://forvo.com/word/演出/#zh
L3-0830,演员,演員,yǎnyuán,N,3,3-2,3-2,,False,https://forvo.com/word/演员/#zh
L3-0831,羊,羊,yáng,N,3,2,2,,False,https://forvo.com/word/羊/#zh
L3-0832,阳光,陽光,yángguāng,N,3,2-1,2-1,,False,https://forvo.com/word/阳光/#zh
L3-0833,要是,要是,yàoshi,Conj,3,4-N,4-N,neutral_tone,False,https://forvo.com/word/要是/#zh
L3-0834,衣架,衣架,yījià,N,3,1-4,1-4,,False,https://forvo.com/word/衣架/#zh
L3-0835,一切,一切,yīqiè,Pron,3,1-4,2-4,yi_before_t4,False,https://forvo.com/word/一切/#zh
L3-0836,已,已,yǐ,Adv,3,3,3,,False,https://forvo.com/word/已/#zh
L3-0837,以来,以來,yǐlái,N,3,3-2,3-2,,False,https://forvo.com/word/以来/#zh
L3-0838,一方面,一方面,yīfāngmiàn,N,3,1-1-4,4-1-4,yi_before_non_t4,False,https://forvo.com/word/一方面/#zh
L3-0839,艺术,藝術,yìshù,N,3,4-4,4-4,,False,https://forvo.com/word/艺术/#zh
L3-0840,意外,意外,yìwài,Adj/N,3,4-4,4-4,,False,https://forvo.com/word/意外/#zh
L3-0841,意义,意義,yìyì,N,3,4-4,4-4,,False,https://forvo.com/word/意义/#zh
L3-0842,因此,因此,yīncǐ,Conj,3,1-3,1-3,,False,https://forvo.com/word/因此/#zh
L3-0843,银,銀,yín,N,3,2,2,,False,https://forvo.com/word/银/#zh
L3-0844,银牌,銀牌,yínpái,N,3,2-2,2-2,,False,https://forvo.com/word/银牌/#zh
L3-0845,印象,印象,yìnxiàng,N,3,4-4,4-4,,False,https://forvo.com/word/印象/#zh
L3-0846,应当,應當,yīngdāng,V,3,1-1,1-1,,False,https://forvo.com/word/应当/#zh
L3-0847,迎接,迎接,yíngjiē,V,3,2-1,2-1,,False,https://forvo.com/word/迎接/#zh
L3-0848,营养,營養,yíngyǎng,N,3,2-3,2-3,,False,https://forvo.com/word/营养/#zh
L3-0849,赢,贏,yíng,V,3,2,2,,False,https://forvo.com/word/赢/#zh
L3-0850,影视,影視,yǐngshì,N,3,3-4,3-4,,False,https://forvo.com/word/影视/#zh
L3-0851,应用,應用,yìngyòng,V,3,4-4,4-4,,False,https://forvo.com/word/应用/#zh
L3-0852,优点,優點,yōudiǎn,N,3,1-3,1-3,,False,https://forvo.com/word/优点/#zh
L3-0853,优势,優勢,yōushì,N,3,1-4,1-4,,False,https://forvo.com/word/优势/#zh
L3-0854,由,由,yóu,Prep,3,2,2,,False,https://forvo.com/word/由/#zh
L3-0855,由于,由於,yóuyú,Prep/Conj,3,2-2,2-2,,False,https://forvo.com/word/由于/#zh
L3-0856,邮件,郵件,yóujiàn,N,3,2-4,2-4,,False,https://forvo.com/word/邮件/#zh
L3-0857,邮票,郵票,yóupiào,N,3,2-4,2-4,,False,https://forvo.com/word/邮票/#zh
L3-0858,邮箱,郵箱,yóuxiāng,N,3,2-1,2-1,,False,https://forvo.com/word/邮箱/#zh
L3-0859,游,游,yóu,V,3,2,2,,False,https://forvo.com/word/游/#zh
L3-0860,游戏,遊戲,yóuxì,N,3,2-4,2-4,,False,https://forvo.com/word/游戏/#zh
L3-0861,游泳,游泳,yóuyǒng,N/V,3,2-3,2-3,,False,https://forvo.com/word/游泳/#zh
L3-0862,有的是,有的是,yǒudeshì,,3,3-N-4,3-N-4,neutral_tone,False,https://forvo.com/word/有的是/#zh
L3-0863,有利,有利,yǒulì,Adj,3,3-4,3-4,,False,https://forvo.com/word/有利/#zh
L3-0864,有效,有效,yǒuxiào,V,3,3-4,3-4,,False,https://forvo.com/word/有效/#zh
L3-0865,预报,預報,yùbào,V/N,3,4-4,4-4,,False,https://forvo.com/word/预报/#zh
L3-0866,预防,預防,yùfáng,V,3,4-2,4-2,,False,https://forvo.com/word/预防/#zh
L3-0867,预计,預計,yùjì,V,3,4-4,4-4,,False,https://forvo.com/word/预计/#zh
L3-0868,预习,預習,yùxí,V,3,4-2,4-2,,False,https://forvo.com/word/预习/#zh
L3-0869,员（服务员）,員（服務員）,yuán (fúwùyuán),Suffix,3,2,2,,False,https://forvo.com/word/员（服务员）/#zh
L3-0870,员工,員工,yuángōng,N,3,2-1,2-1,,False,https://forvo.com/word/员工/#zh
L3-0871,愿望,願望,yuànwàng,N,3,4-4,4-4,,False,https://forvo.com/word/愿望/#zh
L3-0872,约,約,yuē,V,3,1,1,,False,https://forvo.com/word/约/#zh
L3-0873,乐队,樂隊,yuèduì,N,3,4-4,4-4,,False,https://forvo.com/word/乐队/#zh
L3-0874,运输,運輸,yùnshū,V,3,4-1,4-1,,False,https://forvo.com/word/运输/#zh
L3-0875,杂志,雜誌,zázhì,N,3,2-4,2-4,,False,https://forvo.com/word/杂志/#zh
L3-0876,早已,早已,zǎoyǐ,Adv,3,3-3,2-3,third_tone_sandhi,False,https://forvo.com/word/早已/#zh
L3-0877,造,造,zào,V,3,4,4,,False,https://forvo.com/word/造/#zh
L3-0878,造成,造成,zàochéng,V,3,4-2,4-2,,False,https://forvo.com/word/造成/#zh
L3-0879,责任,責任,zérèn,N,3,2-4,2-4,,False,https://forvo.com/word/责任/#zh
L3-0880,增加,增加,zēngjiā,V,3,1-1,1-1,,False,https://forvo.com/word/增加/#zh
L3-0881,增长,增長,zēngzhǎng,V,3,1-3,1-3,,False,https://forvo.com/word/增长/#zh
L3-0882,展开,展開,zhǎnkāi,,3,3-1,3-1,,False,https://forvo.com/word/展开/#zh
L3-0883,张,張,zhāng,M/V,3,1,1,,False,https://forvo.com/word/张/#zh
L3-0884,照,照,zhào,V/Prep,3,4,4,,False,https://forvo.com/word/照/#zh
L3-0885,者（志愿者）,者（志願者）,zhě (zhìyuànzhě),Suffix,3,3,3,,False,https://forvo.com/word/者（志愿者）/#zh
L3-0886,真实,真實,zhēnshí,Adj,3,1-2,1-2,,False,https://forvo.com/word/真实/#zh
L3-0887,争,爭,zhēng,V,3,1,1,,False,https://forvo.com/word/争/#zh
L3-0888,争取,爭取,zhēngqǔ,V,3,1-3,1-3,,False,https://forvo.com/word/争取/#zh
L3-0889,整,整,zhěng,Adj/V,3,3,3,,False,https://forvo.com/word/整/#zh
L3-0890,整个,整個,zhěnggè,Adj,3,3-4,3-4,,False,https://forvo.com/word/整个/#zh
L3-0891,整理,整理,zhěnglǐ,V,3,3-3,2-3,third_tone_sandhi,False,https://forvo.com/word/整理/#zh
L3-0892,整齐,整齊,zhěngqí,Adj,3,3-2,3-2,,False,https://forvo.com/word/整齐/#zh
L3-0893,整体,整體,zhěngtǐ,N,3,3-3,2-3,third_tone_sandhi,False,https://forvo.com/word/整体/#zh
L3-0894,整天,整天,zhěngtiān,N,3,3-1,3-1,,False,https://forvo.com/word/整天/#zh
L3-0895,整整,整整,zhěngzhěng,Adv,3,3-3,2-3,third_tone_sandhi,False,https://forvo.com/word/整整/#zh
L3-0896,正,正,zhèng,Adj,3,4,4,,False,https://forvo.com/word/正/#zh
L3-0897,正式,正式,zhèngshì,Adj,3,4-4,4-4,,False,https://forvo.com/word/正式/#zh
L3-0898,证,證,zhèng,N,3,4,4,,False,https://forvo.com/word/证/#zh
L3-0899,证件,證件,zhèngjiàn,N,3,4-4,4-4,,False,https://forvo.com/word/证件/#zh
L3-0900,证据,證據,zhèngjù,N,3,4-4,4-4,,False,https://forvo.com/word/证据/#zh
L3-0901,证明,證明,zhèngmíng,V/N,3,4-2,4-2,,False,https://forvo.com/word/证明/#zh
L3-0902,支,支,zhī,M,3,1,1,,False,https://forvo.com/word/支/#zh
L3-0903,支持,支持,zhīchí,V,3,1-2,1-2,,False,https://forvo.com/word/支持/#zh
L3-0904,支付,支付,zhīfù,V,3,1-4,1-4,,False,https://forvo.com/word/支付/#zh
L3-0905,只,隻,zhī,M,3,1,1,,False,https://forvo.com/word/只/#zh
L3-0906,直,直,zhí,Adj/V/Adv,3,2,2,,False,https://forvo.com/word/直/#zh
L3-0907,直播,直播,zhíbō,V,3,2-1,2-1,,False,https://forvo.com/word/直播/#zh
L3-0908,直到,直到,zhídào,V,3,2-4,2-4,,False,https://forvo.com/word/直到/#zh
L3-0909,值,值,zhí,V,3,2,2,,False,https://forvo.com/word/值/#zh
L3-0910,值得,值得,zhídé,,3,2-N,2-N,neutral_tone,False,https://forvo.com/word/值得/#zh
L3-0911,职工,職工,zhígōng,N,3,2-1,2-1,,False,https://forvo.com/word/职工/#zh
L3-0912,职业,職業,zhíyè,N,3,2-4,2-4,,False,https://forvo.com/word/职业/#zh
L3-0913,只好,只好,zhǐhǎo,Adv,3,3-3,2-3,third_tone_sandhi,False,https://forvo.com/word/只好/#zh
L3-0914,只是,只是,zhǐshì,Adv/Conj,3,3-4,3-4,,False,https://forvo.com/word/只是/#zh
L3-0915,只有,只有,zhǐyǒu,Conj,3,3-3,2-3,third_tone_sandhi,False,https://forvo.com/word/只有/#zh
L3-0916,指,指,zhǐ,V,3,3,3,,False,https://forvo.com/word/指/#zh
L3-0917,指出,指出,zhǐchū,,3,3-1,3-1,,False,https://forvo.com/word/指出/#zh
L3-0918,指导,指導,zhǐdǎo,V,3,3-3,2-3,third_tone_sandhi,False,https://forvo.com/word/指导/#zh
L3-0919,至今,至今,zhìjīn,Adv,3,4-1,4-1,,False,https://forvo.com/word/至今/#zh
L3-0920,至少,至少,zhìshǎo,Adv,3,4-3,4-3,,False,https://forvo.com/word/至少/#zh
L3-0921,志愿,志願,zhìyuàn,N,3,4-4,4-4,,False,https://forvo.com/word/志愿/#zh
L3-0922,志愿者,志願者,zhìyuànzhě,N,3,4-4-3,4-4-3,,False,https://forvo.com/word/志愿者/#zh
L3-0923,制定,制定,zhìdìng,V,3,4-4,4-4,,False,https://forvo.com/word/制定/#zh
L3-0924,制度,制度,zhìdù,N,3,4-4,4-4,,False,https://forvo.com/word/制度/#zh
L3-0925,制造,製造,zhìzào,V,3,4-4,4-4,,False,https://forvo.com/word/制造/#zh
L3-0926,制作,製作,zhìzuò,V,3,4-4,4-4,,False,https://forvo.com/word/制作/#zh
L3-0927,中部,中部,zhōngbù,N,3,1-4,1-4,,False,https://forvo.com/word/中部/#zh
L3-0928,中华民族,中華民族,Zhōnghuá Mínzú,,3,1-2-2-2,1-2-2-2,,False,https://forvo.com/word/中华民族/#zh
L3-0929,终于,終於,zhōngyú,Adv,3,1-2,1-2,,False,https://forvo.com/word/终于/#zh
L3-0930,钟,鐘,zhōng,N,3,1,1,,False,https://forvo.com/word/钟/#zh
L3-0931,种,種,zhǒng,M,3,3,3,,False,https://forvo.com/word/种/#zh
L3-0932,种子,種子,zhǒngzi,N,3,3-N,3-N,neutral_tone,False,https://forvo.com/word/种子/#zh
L3-0933,重大,重大,zhòngdà,Adj,3,4-4,4-4,,False,https://forvo.com/word/重大/#zh
L3-0934,周围,周圍,zhōuwéi,N,3,1-2,1-2,,False,https://forvo.com/word/周围/#zh
L3-0935,猪,豬,zhū,N,3,1,1,,False,https://forvo.com/word/猪/#zh
L3-0936,主持,主持,zhǔchí,V,3,3-2,3-2,,False,https://forvo.com/word/主持/#zh
L3-0937,主动,主動,zhǔdòng,Adj,3,3-4,3-4,,False,https://forvo.com/word/主动/#zh
L3-0938,主任,主任,zhǔrèn,N,3,3-4,3-4,,False,https://forvo.com/word/主任/#zh
L3-0939,主意,主意,zhǔyi,N,3,3-N,3-N,neutral_tone,False,https://forvo.com/word/主意/#zh
L3-0940,主张,主張,zhǔzhāng,V/N,3,3-1,3-1,,False,https://forvo.com/word/主张/#zh
L3-0941,注意,注意,zhùyì,,3,4-4,4-4,,False,https://forvo.com/word/注意/#zh
L3-0942,祝,祝,zhù,V,3,4,4,,False,https://forvo.com/word/祝/#zh
L3-0943,抓,抓,zhuā,V,3,1,1,,False,https://forvo.com/word/抓/#zh
L3-0944,抓住,抓住,zhuāzhù,,3,1-4,1-4,,False,https://forvo.com/word/抓住/#zh
L3-0945,专家,專家,zhuānjiā,N,3,1-1,1-1,,False,https://forvo.com/word/专家/#zh
L3-0946,专门,專門,zhuānmén,Adv,3,1-2,1-2,,False,https://forvo.com/word/专门/#zh
L3-0947,专题,專題,zhuāntí,N,3,1-2,1-2,,False,https://forvo.com/word/专题/#zh
L3-0948,专业,專業,zhuānyè,N,3,1-4,1-4,,False,https://forvo.com/word/专业/#zh
L3-0949,转,轉,zhuǎn,V,3,3,3,,False,https://forvo.com/word/转/#zh
L3-0950,转变,轉變,zhuǎnbiàn,V,3,3-4,3-4,,False,https://forvo.com/word/转变/#zh
L3-0951,状况,狀況,zhuàngkuàng,N,3,4-4,4-4,,False,https://forvo.com/word/状况/#zh
L3-0952,状态,狀態,zhuàngtài,N,3,4-4,4-4,,False,https://forvo.com/word/状态/#zh
L3-0953,追,追,zhuī,V,3,1,1,,False,https://forvo.com/word/追/#zh
L3-0954,准,準,zhǔn,Adj/Adv,3,3,3,,False,https://forvo.com/word/准/#zh
L3-0955,资格,資格,zīgé,N,3,1-2,1-2,,False,https://forvo.com/word/资格/#zh
L3-0956,资金,資金,zījīn,N,3,1-1,1-1,,False,https://forvo.com/word/资金/#zh
L3-0957,子女,子女,zǐnǚ,N,3,3-3,2-3,third_tone_sandhi,False,https://forvo.com/word/子女/#zh
L3-0958,自从,自從,zìcóng,Prep,3,4-2,4-2,,False,https://forvo.com/word/自从/#zh
L3-0959,自动,自動,zìdòng,Adj/Adv,3,4-4,4-4,,False,https://forvo.com/word/自动/#zh
L3-0960,自觉,自覺,zìjué,Adj,3,4-2,4-2,,False,https://forvo.com/word/自觉/#zh
L3-0961,自然,自然,zìrán,N/Adj/Adv,3,4-2,4-2,,False,https://forvo.com/word/自然/#zh
L3-0962,自身,自身,zìshēn,N,3,4-1,4-1,,False,https://forvo.com/word/自身/#zh
L3-0963,自主,自主,zìzhǔ,V,3,4-3,4-3,,False,https://forvo.com/word/自主/#zh
L3-0964,总,總,zǒng,Adv,3,3,3,,False,https://forvo.com/word/总/#zh
L3-0965,总结,總結,zǒngjié,V/N,3,3-2,3-2,,False,https://forvo.com/word/总结/#zh
L3-0966,总是,總是,zǒngshì,Adv,3,3-4,3-4,,False,https://forvo.com/word/总是/#zh
L3-0967,足够,足夠,zúgòu,V,3,2-4,2-4,,False,https://forvo.com/word/足够/#zh
L3-0968,足球,足球,zúqiú,N,3,2-2,2-2,,False,https://forvo.com/word/足球/#zh
L3-0969,组合,組合,zǔhé,V,3,3-2,3-2,,False,https://forvo.com/word/组合/#zh
L3-0970,左右,左右,zuǒyòu,N/V,3,3-4,3-4,,False,https://forvo.com/word/左右/#zh
L3-0971,作品,作品,zuòpǐn,N,3,4-3,4-3,,False,https://forvo.com/word/作品/#zh
L3-0972,作者,作者,zuòzhě,N,3,4-3,4-3,,False,https://forvo.com/word/作者/#zh
L3-0973,做客,做客,zuòkè,,3,4-4,4-4,,False,https://forvo.com/word/做客/#zh
L4-0001,阿姨,阿姨,āyí,N,4,1-2,1-2,,False,https://forvo.com/word/阿姨/#zh
L4-0002,啊,啊,ā,Intj,4,1,1,,False,https://forvo.com/word/啊/#zh
L4-0003,矮,矮,ǎi,Adj,4,3,3,,False,https://forvo.com/word/矮/#zh
L4-0004,矮小,矮小,ǎixiǎo,Adj,4,3-3,2-3,third_tone_sandhi,False,https://forvo.com/word/矮小/#zh
L4-0005,爱国,愛國,àiguó,,4,4-2,4-2,,False,https://forvo.com/word/爱国/#zh
L4-0006,爱护,愛護,àihù,V,4,4-4,4-4,,False,https://forvo.com/word/爱护/#zh
L4-0007,安,安,ān,V/Adj,4,1,1,,False,https://forvo.com/word/安/#zh
L4-0008,安置,安置,ānzhì,V,4,1-4,1-4,,False,https://forvo.com/word/安置/#zh
L4-0009,按时,按時,ànshí,Adv,4,4-2,4-2,,False,https://forvo.com/word/按时/#zh
L4-0010,暗,暗,àn,Adj,4,4,4,,False,https://forvo.com/word/暗/#zh
L4-0011,暗示,暗示,ànshì,V,4,4-4,4-4,,False,https://forvo.com/word/暗示/#zh
L4-0012,巴士,巴士,bāshì,N,4,1-4,1-4,,False,https://forvo.com/word/巴士/#zh
L4-0013,百货,百貨,bǎihuò,N,4,3-4,3-4,,False,https://forvo.com/word/百货/#zh
L4-0014,摆,擺,bǎi,V,4,3,3,,False,https://forvo.com/word/摆/#zh
L4-0015,摆动,擺動,bǎidòng,V,4,3-4,3-4,,False,https://forvo.com/word/摆动/#zh
L4-0016,摆脱,擺脫,bǎituō,V,4,3-1,3-1,,False,https://forvo.com/word/摆脱/#zh
L4-0017,败,敗,bài,V,4,4,4,,False,https://forvo.com/word/败/#zh
L4-0018,办事,辦事,bànshì,,4,4-4,4-4,,False,https://forvo.com/word/办事/#zh
L4-0019,包裹,包裹,bāoguǒ,N/V,4,1-3,1-3,,False,https://forvo.com/word/包裹/#zh
L4-0020,包含,包含,bāohán,V,4,1-2,1-2,,False,https://forvo.com/word/包含/#zh
L4-0021,包括,包括,bāokuò,V,4,1-4,1-4,,False,https://forvo.com/word/包括/#zh
L4-0022,薄,薄,báo,Adj,4,2,2,,False,https://forvo.com/word/薄/#zh
L4-0023,宝,寶,bǎo,N,4,3,3,,False,https://forvo.com/word/宝/#zh
L4-0024,宝宝,寶寶,bǎobao,N,4,3-N,3-N,neutral_tone,False,https://forvo.com/word/宝宝/#zh
L4-0025,宝贝,寶貝,bǎobèi,N,4,3-4,3-4,,False,https://forvo.com/word/宝贝/#zh
L4-0026,宝贵,寶貴,bǎoguì,Adj,4,3-4,3-4,,False,https://forvo.com/word/宝贵/#zh
L4-0027,宝石,寶石,bǎoshí,N,4,3-2,3-2,,False,https://forvo.com/word/宝石/#zh
L4-0028,保密,保密,bǎomì,,4,3-4,3-4,,False,https://forvo.com/word/保密/#zh
L4-0029,保守,保守,bǎoshǒu,V/Adj,4,3-3,2-3,third_tone_sandhi,False,https://forvo.com/word/保守/#zh
L4-0030,抱,抱,bào,V,4,4,4,,False,https://forvo.com/word/抱/#zh
L4-0031,背景,背景,bèijǐng,N,4,4-3,4-3,,False,https://forvo.com/word/背景/#zh
L4-0032,倍,倍,bèi,M,4,4,4,,False,https://forvo.com/word/倍/#zh
L4-0033,被迫,被迫,bèipò,V,4,4-4,4-4,,False,https://forvo.com/word/被迫/#zh
L4-0034,本科,本科,běnkē,N,4,3-1,3-1,,False,https://forvo.com/word/本科/#zh
L4-0035,笨,笨,bèn,Adj,4,4,4,,False,https://forvo.com/word/笨/#zh
L4-0036,比分,比分,bǐfēn,N,4,3-1,3-1,,False,https://forvo.com/word/比分/#zh
L4-0037,毕业,畢業,bìyè,,4,4-4,4-4,,False,https://forvo.com/word/毕业/#zh
L4-0038,毕业生,畢業生,bìyèshēng,N,4,4-4-1,4-4-1,,False,https://forvo.com/word/毕业生/#zh
L4-0039,避,避,bì,V,4,4,4,,False,https://forvo.com/word/避/#zh
L4-0040,避免,避免,bìmiǎn,V,4,4-3,4-3,,False,https://forvo.com/word/避免/#zh
L4-0041,编,編,biān,V,4,1,1,,False,https://forvo.com/word/编/#zh
L4-0042,辩论,辯論,biànlùn,V/N,4,4-4,4-4,,False,https://forvo.com/word/辩论/#zh
L4-0043,标志,標誌,biāozhì,V/N,4,1-4,1-4,,False,https://forvo.com/word/标志/#zh
L4-0044,表情,表情,biǎoqíng,N,4,3-2,3-2,,False,https://forvo.com/word/表情/#zh
L4-0045,表扬,表揚,biǎoyáng,V,4,3-2,3-2,,False,https://forvo.com/word/表扬/#zh
L4-0046,别,別,bié,V,4,2,2,,False,https://forvo.com/word/别/#zh
L4-0047,冰,冰,bīng,N,4,1,1,,False,https://forvo.com/word/冰/#zh
L4-0048,冰箱,冰箱,bīngxiāng,N,4,1-1,1-1,,False,https://forvo.com/word/冰箱/#zh
L4-0049,冰雪,冰雪,bīngxuě,N/Adj,4,1-3,1-3,,False,https://forvo.com/word/冰雪/#zh
L4-0050,兵,兵,bīng,N,4,1,1,,False,https://forvo.com/word/兵/#zh
L4-0051,并,並,bìng,V,4,4,4,,False,https://forvo.com/word/并/#zh
L4-0052,不要紧,不要緊,bùyàojǐn,Adj,4,4-4-3,2-4-3,bu_before_t4,False,https://forvo.com/word/不要紧/#zh
L4-0053,不在乎,不在乎,bùzàihu,V,4,4-4-N,2-4-N,bu_before_t4;neutral_tone,False,https://forvo.com/word/不在乎/#zh
L4-0054,不管,不管,bùguǎn,Conj,4,4-3,4-3,,False,https://forvo.com/word/不管/#zh
L4-0055,不然,不然,bùrán,Conj,4,4-2,4-2,,False,https://forvo.com/word/不然/#zh
L4-0056,布置,佈置,bùzhì,V,4,4-4,4-4,,False,https://forvo.com/word/布置/#zh
L4-0057,步行,步行,bùxíng,V,4,4-2,4-2,,False,https://forvo.com/word/步行/#zh
L4-0058,擦,擦,cā,V,4,1,1,,False,https://forvo.com/word/擦/#zh
L4-0059,才,才,cái,N,4,2,2,,False,https://forvo.com/word/才/#zh
L4-0060,材料,材料,cáiliào,N,4,2-4,2-4,,False,https://forvo.com/word/材料/#zh
L4-0061,财产,財產,cáichǎn,N,4,2-3,2-3,,False,https://forvo.com/word/财产/#zh
L4-0062,财富,財富,cáifù,N,4,2-4,2-4,,False,https://forvo.com/word/财富/#zh
L4-0063,采访,採訪,cǎifǎng,V/N,4,3-3,2-3,third_tone_sandhi,False,https://forvo.com/word/采访/#zh
L4-0064,参考,參考,cānkǎo,V,4,1-3,1-3,,False,https://forvo.com/word/参考/#zh
L4-0065,参与,參與,cānyù,V,4,1-4,1-4,,False,https://forvo.com/word/参与/#zh
L4-0066,操场,操場,cāochǎng,N,4,1-3,1-3,,False,https://forvo.com/word/操场/#zh
L4-0067,操作,操作,cāozuò,V,4,1-4,1-4,,False,https://forvo.com/word/操作/#zh
L4-0068,测,測,cè,V,4,4,4,,False,https://forvo.com/word/测/#zh
L4-0069,测量,測量,cèliáng,V,4,4-2,4-2,,False,https://forvo.com/word/测量/#zh
L4-0070,测试,測試,cèshì,V/N,4,4-4,4-4,,False,https://forvo.com/word/测试/#zh
L4-0071,曾,曾,céng,Adv,4,2,2,,False,https://forvo.com/word/曾/#zh
L4-0072,茶叶,茶葉,cháyè,N,4,2-4,2-4,,False,https://forvo.com/word/茶叶/#zh
L4-0073,产品,產品,chǎnpǐn,N,4,3-3,2-3,third_tone_sandhi,False,https://forvo.com/word/产品/#zh
L4-0074,长途,長途,chángtú,Adj/N,4,2-2,2-2,,False,https://forvo.com/word/长途/#zh
L4-0075,常识,常識,chángshí,N,4,2-2,2-2,,False,https://forvo.com/word/常识/#zh
L4-0076,唱片,唱片,chàngpiàn,N,4,4-4,4-4,,False,https://forvo.com/word/唱片/#zh
L4-0077,抄,抄,chāo,V,4,1,1,,False,https://forvo.com/word/抄/#zh
L4-0078,抄写,抄寫,chāoxiě,V,4,1-3,1-3,,False,https://forvo.com/word/抄写/#zh
L4-0079,潮,潮,cháo,N/Adj,4,2,2,,False,https://forvo.com/word/潮/#zh
L4-0080,潮流,潮流,cháoliú,N,4,2-2,2-2,,False,https://forvo.com/word/潮流/#zh
L4-0081,潮湿,潮濕,cháoshī,Adj,4,2-1,2-1,,False,https://forvo.com/word/潮湿/#zh
L4-0082,彻底,徹底,chèdǐ,Adj,4,4-3,4-3,,False,https://forvo.com/word/彻底/#zh
L4-0083,沉,沉,chén,V/Adj,4,2,2,,False,https://forvo.com/word/沉/#zh
L4-0084,沉默,沉默,chénmò,Adj/V,4,2-4,2-4,,False,https://forvo.com/word/沉默/#zh
L4-0085,沉重,沉重,chénzhòng,Adj,4,2-4,2-4,,False,https://forvo.com/word/沉重/#zh
L4-0086,称赞,稱讚,chēngzàn,V,4,1-4,1-4,,False,https://forvo.com/word/称赞/#zh
L4-0087,成人,成人,chéngrén,N,4,2-2,2-2,,False,https://forvo.com/word/成人/#zh
L4-0088,诚实,誠實,chéngshí,Adj,4,2-2,2-2,,False,https://forvo.com/word/诚实/#zh
L4-0089,诚信,誠信,chéngxìn,Adj,4,2-4,2-4,,False,https://forvo.com/word/诚信/#zh
L4-0090,承担,承擔,chéngdān,V,4,2-1,2-1,,False,https://forvo.com/word/承担/#zh
L4-0091,承认,承認,chéngrèn,V,4,2-4,2-4,,False,https://forvo.com/word/承认/#zh
L4-0092,承受,承受,chéngshòu,V,4,2-4,2-4,,False,https://forvo.com/word/承受/#zh
L4-0093,程序,程序,chéngxù,N,4,2-4,2-4,,False,https://forvo.com/word/程序/#zh
L4-0094,吃惊,吃驚,chījīng,,4,1-1,1-1,,False,https://forvo.com/word/吃惊/#zh
L4-0095,迟到,遲到,chídào,V,4,2-4,2-4,,False,https://forvo.com/word/迟到/#zh
L4-0096,尺,尺,chǐ,N/M,4,3,3,,False,https://forvo.com/word/尺/#zh
L4-0097,尺寸,尺寸,chǐcùn,N,4,3-N,3-N,neutral_tone,False,https://forvo.com/word/尺寸/#zh
L4-0098,尺子,尺子,chǐzi,N,4,3-N,3-N,neutral_tone,False,https://forvo.com/word/尺子/#zh
L4-0099,冲,衝,chōng,V,4,1,1,,False,https://forvo.com/word/冲/#zh
L4-0100,充电,充電,chōngdiàn,,4,1-4,1-4,,False,https://forvo.com/word/充电/#zh
L4-0101,充电器,充電器,chōngdiànqì,N,4,1-4-4,1-4-4,,False,https://forvo.com/word/充电器/#zh
L4-0102,充分,充分,chōngfèn,Adj,4,1-4,1-4,,False,https://forvo.com/word/充分/#zh
L4-0103,虫子,蟲子,chóngzi,N,4,2-N,2-N,neutral_tone,False,https://forvo.com/word/虫子/#zh
L4-0104,抽,抽,chōu,V,4,1,1,,False,https://forvo.com/word/抽/#zh
L4-0105,抽奖,抽獎,chōujiǎng,,4,1-3,1-3,,False,https://forvo.com/word/抽奖/#zh
L4-0106,抽烟,抽煙,chōuyān,V,4,1-1,1-1,,False,https://forvo.com/word/抽烟/#zh
L4-0107,出口,出口,chūkǒu,,4,1-3,1-3,,False,https://forvo.com/word/出口/#zh
L4-0108,出色,出色,chūsè,Adj,4,1-4,1-4,,False,https://forvo.com/word/出色/#zh
L4-0109,出售,出售,chūshòu,V,4,1-4,1-4,,False,https://forvo.com/word/出售/#zh
L4-0110,出席,出席,chūxí,V,4,1-2,1-2,,False,https://forvo.com/word/出席/#zh
L4-0111,处于,處於,chǔyú,V,4,3-2,3-2,,False,https://forvo.com/word/处于/#zh
L4-0112,处,處,chù,N,4,4,4,,False,https://forvo.com/word/处/#zh
L4-0113,穿上,穿上,chuānshang,,4,1-N,1-N,neutral_tone,False,https://forvo.com/word/穿上/#zh
L4-0114,传统,傳統,chuántǒng,N/Adj,4,2-3,2-3,,False,https://forvo.com/word/传统/#zh
L4-0115,窗户,窗戶,chuānghu,N,4,1-N,1-N,neutral_tone,False,https://forvo.com/word/窗户/#zh
L4-0116,窗台,窗臺,chuāngtái,N,4,1-2,1-2,,False,https://forvo.com/word/窗台/#zh
L4-0117,窗子,窗子,chuāngzi,N,4,1-N,1-N,neutral_tone,False,https://forvo.com/word/窗子/#zh
L4-0118,春季,春季,chūnjì,N,4,1-4,1-4,,False,https://forvo.com/word/春季/#zh
L4-0119,纯,純,chún,Adj,4,2,2,,False,https://forvo.com/word/纯/#zh
L4-0120,纯净水,純淨水,chúnjìngshuǐ,N,4,2-4-3,2-4-3,,False,https://forvo.com/word/纯净水/#zh
L4-0121,词汇,詞彙,cíhuì,N,4,2-4,2-4,,False,https://forvo.com/word/词汇/#zh
L4-0122,此,此,cǐ,Pron,4,3,3,,False,https://forvo.com/word/此/#zh
L4-0123,此外,此外,cǐwài,Conj,4,3-4,3-4,,False,https://forvo.com/word/此外/#zh
L4-0124,次,次,cì,Adj,4,4,4,,False,https://forvo.com/word/次/#zh
L4-0125,刺,刺,cì,V/N,4,4,4,,False,https://forvo.com/word/刺/#zh
L4-0126,刺激,刺激,cìjī,V/N,4,4-1,4-1,,False,https://forvo.com/word/刺激/#zh
L4-0127,从此,從此,cóngcǐ,Adv,4,2-3,2-3,,False,https://forvo.com/word/从此/#zh
L4-0128,粗,粗,cū,Adj,4,1,1,,False,https://forvo.com/word/粗/#zh
L4-0129,粗心,粗心,cūxīn,Adj,4,1-1,1-1,,False,https://forvo.com/word/粗心/#zh
L4-0130,促进,促進,cùjìn,V,4,4-4,4-4,,False,https://forvo.com/word/促进/#zh
L4-0131,促使,促使,cùshǐ,V,4,4-3,4-3,,False,https://forvo.com/word/促使/#zh
L4-0132,促销,促銷,cùxiāo,V,4,4-1,4-1,,False,https://forvo.com/word/促销/#zh
L4-0133,措施,措施,cuòshī,N,4,4-1,4-1,,False,https://forvo.com/word/措施/#zh
L4-0134,打,打,dá,M,4,2,2,,False,https://forvo.com/word/打/#zh
L4-0135,答案,答案,dá'àn,N,4,2-4,2-4,,False,https://forvo.com/word/答案/#zh
L4-0136,打败,打敗,dǎbài,V,4,3-4,3-4,,False,https://forvo.com/word/打败/#zh
L4-0137,打雷,打雷,dǎléi,,4,3-2,3-2,,False,https://forvo.com/word/打雷/#zh
L4-0138,打扫,打掃,dǎsǎo,V,4,3-3,2-3,third_tone_sandhi,False,https://forvo.com/word/打扫/#zh
L4-0139,打折,打折,dǎzhé,,4,3-2,3-2,,False,https://forvo.com/word/打折/#zh
L4-0140,打针,打針,dǎzhēn,,4,3-1,3-1,,False,https://forvo.com/word/打针/#zh
L4-0141,大巴,大巴,dàbā,N,4,4-1,4-1,,False,https://forvo.com/word/大巴/#zh
L4-0142,大多,大多,dàduō,Adv,4,4-1,4-1,,False,https://forvo.com/word/大多/#zh
L4-0143,大方,大方,dàfang,Adj,4,4-N,4-N,neutral_tone,False,https://forvo.com/word/大方/#zh
L4-0144,大哥,大哥,dàgē,N,4,4-1,4-1,,False,https://forvo.com/word/大哥/#zh
L4-0145,大规模,大規模,dà guīmó,,4,4-1-2,4-1-2,,False,https://forvo.com/word/大规模/#zh
L4-0146,大会,大會,dàhuì,N,4,4-4,4-4,,False,https://forvo.com/word/大会/#zh
L4-0147,大姐,大姐,dàjiě,N,4,4-3,4-3,,False,https://forvo.com/word/大姐/#zh
L4-0148,大楼,大樓,dà lóu,,4,4-2,4-2,,False,https://forvo.com/word/大楼/#zh
L4-0149,大陆,大陸,dàlù,N,4,4-4,4-4,,False,https://forvo.com/word/大陆/#zh
L4-0150,大妈,大媽,dàmā,N,4,4-1,4-1,,False,https://forvo.com/word/大妈/#zh
L4-0151,大型,大型,dàxíng,Adj,4,4-2,4-2,,False,https://forvo.com/word/大型/#zh
L4-0152,大爷,大爺,dàye,N,4,4-N,4-N,neutral_tone,False,https://forvo.com/word/大爷/#zh
L4-0153,大众,大眾,dàzhòng,N,4,4-4,4-4,,False,https://forvo.com/word/大众/#zh
L4-0154,代替,代替,dàitì,V,4,4-4,4-4,,False,https://forvo.com/word/代替/#zh
L4-0155,待遇,待遇,dàiyù,N,4,4-4,4-4,,False,https://forvo.com/word/待遇/#zh
L4-0156,袋,袋,dài,N/M,4,4,4,,False,https://forvo.com/word/袋/#zh
L4-0157,戴,戴,dài,V,4,4,4,,False,https://forvo.com/word/戴/#zh
L4-0158,担保,擔保,dānbǎo,V/N,4,1-3,1-3,,False,https://forvo.com/word/担保/#zh
L4-0159,担任,擔任,dānrèn,V,4,1-4,1-4,,False,https://forvo.com/word/担任/#zh
L4-0160,担心,擔心,dānxīn,,4,1-1,1-1,,False,https://forvo.com/word/担心/#zh
L4-0161,单,單,dān,Adj/Adv,4,1,1,,False,https://forvo.com/word/单/#zh
L4-0162,单纯,單純,dānchún,Adj,4,1-2,1-2,,False,https://forvo.com/word/单纯/#zh
L4-0163,单调,單調,dāndiào,Adj,4,1-4,1-4,,False,https://forvo.com/word/单调/#zh
L4-0164,单独,單獨,dāndú,Adv,4,1-2,1-2,,False,https://forvo.com/word/单独/#zh
L4-0165,淡,淡,dàn,Adj,4,4,4,,False,https://forvo.com/word/淡/#zh
L4-0166,导游,導遊,dǎoyóu,V/N,4,3-2,3-2,,False,https://forvo.com/word/导游/#zh
L4-0167,导致,導致,dǎozhì,V,4,3-4,3-4,,False,https://forvo.com/word/导致/#zh
L4-0168,倒闭,倒閉,dǎobì,V,4,3-4,3-4,,False,https://forvo.com/word/倒闭/#zh
L4-0169,倒车,倒車,dǎochē,,4,3-1,3-1,,False,https://forvo.com/word/倒车/#zh
L4-0170,倒车,倒車,dàochē,,4,4-1,4-1,,False,https://forvo.com/word/倒车/#zh
L4-0171,得意,得意,déyì,Adj,4,2-4,2-4,,False,https://forvo.com/word/得意/#zh
L4-0172,得,得,děi,V,4,3,3,,False,https://forvo.com/word/得/#zh
L4-0173,灯光,燈光,dēngguāng,N,4,1-1,1-1,,False,https://forvo.com/word/灯光/#zh
L4-0174,登,登,dēng,V,4,1,1,,False,https://forvo.com/word/登/#zh
L4-0175,登记,登記,dēngjì,,4,1-4,1-4,,False,https://forvo.com/word/登记/#zh
L4-0176,登录,登錄,dēnglù,V,4,1-4,1-4,,False,https://forvo.com/word/登录/#zh
L4-0177,登山,登山,dēngshān,,4,1-1,1-1,,False,https://forvo.com/word/登山/#zh
L4-0178,的确,的確,díquè,Adv,4,2-4,2-4,,False,https://forvo.com/word/的确/#zh
L4-0179,敌人,敵人,dírén,N,4,2-2,2-2,,False,https://forvo.com/word/敌人/#zh
L4-0180,底,底,dǐ,N,4,3,3,,False,https://forvo.com/word/底/#zh
L4-0181,地方,地方,dìfāng,N,4,4-1,4-1,,False,https://forvo.com/word/地方/#zh
L4-0182,地面,地面,dìmiàn,N,4,4-4,4-4,,False,https://forvo.com/word/地面/#zh
L4-0183,地位,地位,dìwèi,N,4,4-4,4-4,,False,https://forvo.com/word/地位/#zh
L4-0184,地下,地下,dìxià,N,4,4-4,4-4,,False,https://forvo.com/word/地下/#zh
L4-0185,地址,地址,dìzhǐ,N,4,4-3,4-3,,False,https://forvo.com/word/地址/#zh
L4-0186,典型,典型,diǎnxíng,N/Adj,4,3-2,3-2,,False,https://forvo.com/word/典型/#zh
L4-0187,点名,點名,diǎnmíng,,4,3-2,3-2,,False,https://forvo.com/word/点名/#zh
L4-0188,电灯,電燈,diàndēng,N,4,4-1,4-1,,False,https://forvo.com/word/电灯/#zh
L4-0189,电动车,電動車,diàndòngchē,N,4,4-4-1,4-4-1,,False,https://forvo.com/word/电动车/#zh
L4-0190,电梯,電梯,diàntī,N,4,4-1,4-1,,False,https://forvo.com/word/电梯/#zh
L4-0191,电源,電源,diànyuán,N,4,4-2,4-2,,False,https://forvo.com/word/电源/#zh
L4-0192,顶,頂,dǐng,N/V/M,4,3,3,,False,https://forvo.com/word/顶/#zh
L4-0193,定,定,dìng,V,4,4,4,,False,https://forvo.com/word/定/#zh
L4-0194,冬季,冬季,dōngjì,N,4,1-4,1-4,,False,https://forvo.com/word/冬季/#zh
L4-0195,动画片,動畫片,dònghuàpiàn,N,4,4-4-4,4-4-4,,False,https://forvo.com/word/动画片/#zh
L4-0196,动摇,動搖,dòngyáo,V,4,4-2,4-2,,False,https://forvo.com/word/动摇/#zh
L4-0197,豆腐,豆腐,dòufu,N,4,4-N,4-N,neutral_tone,False,https://forvo.com/word/豆腐/#zh
L4-0198,独立,獨立,dúlì,V,4,2-4,2-4,,False,https://forvo.com/word/独立/#zh
L4-0199,独特,獨特,dútè,Adj,4,2-4,2-4,,False,https://forvo.com/word/独特/#zh
L4-0200,独自,獨自,dúzì,Adv,4,2-4,2-4,,False,https://forvo.com/word/独自/#zh
L4-0201,堵,堵,dǔ,V,4,3,3,,False,https://forvo.com/word/堵/#zh
L4-0202,堵车,堵車,dǔchē,,4,3-1,3-1,,False,https://forvo.com/word/堵车/#zh
L4-0203,肚子,肚子,dùzi,N,4,4-N,4-N,neutral_tone,False,https://forvo.com/word/肚子/#zh
L4-0204,度过,度過,dùguò,V,4,4-4,4-4,,False,https://forvo.com/word/度过/#zh
L4-0205,锻炼,鍛鍊,duànliàn,V,4,4-4,4-4,,False,https://forvo.com/word/锻炼/#zh
L4-0206,对比,對比,duìbǐ,V/N,4,4-3,4-3,,False,https://forvo.com/word/对比/#zh
L4-0207,对付,對付,duìfu,V,4,4-N,4-N,neutral_tone,False,https://forvo.com/word/对付/#zh
L4-0208,对于,對於,duìyú,Prep,4,4-2,4-2,,False,https://forvo.com/word/对于/#zh
L4-0209,多次,多次,duō cì,,4,1-4,1-4,,False,https://forvo.com/word/多次/#zh
L4-0210,多年,多年,duō nián,,4,1-2,1-2,,False,https://forvo.com/word/多年/#zh
L4-0211,多样,多樣,duōyàng,Adj,4,1-4,1-4,,False,https://forvo.com/word/多样/#zh
L4-0212,多种,多種,duō zhǒng,,4,1-3,1-3,,False,https://forvo.com/word/多种/#zh
L4-0213,恶心,噁心,ěxin,Adj/V,4,3-1,3-1,,False,https://forvo.com/word/恶心/#zh
L4-0214,儿童,兒童,értóng,N,4,2-2,2-2,,False,https://forvo.com/word/儿童/#zh
L4-0215,而,而,ér,Conj,4,2,2,,False,https://forvo.com/word/而/#zh
L4-0216,而是,而是,ér shì,,4,2-4,2-4,,False,https://forvo.com/word/而是/#zh
L4-0217,耳机,耳機,ěrjī,N,4,3-1,3-1,,False,https://forvo.com/word/耳机/#zh
L4-0218,二手,二手,èrshǒu,Adj,4,4-3,4-3,,False,https://forvo.com/word/二手/#zh
L4-0219,发挥,發揮,fāhuī,V,4,1-1,1-1,,False,https://forvo.com/word/发挥/#zh
L4-0220,发票,發票,fāpiào,N,4,1-4,1-4,,False,https://forvo.com/word/发票/#zh
L4-0221,发烧,發燒,fāshāo,,4,1-1,1-1,,False,https://forvo.com/word/发烧/#zh
L4-0222,法,法,fǎ,N,4,3,3,,False,https://forvo.com/word/法/#zh
L4-0223,法官,法官,fǎguān,N,4,3-1,3-1,,False,https://forvo.com/word/法官/#zh
L4-0224,法律,法律,fǎlǜ,N,4,3-4,3-4,,False,https://forvo.com/word/法律/#zh
L4-0225,法院,法院,fǎyuàn,N,4,3-4,3-4,,False,https://forvo.com/word/法院/#zh
L4-0226,翻,翻,fān,V,4,1,1,,False,https://forvo.com/word/翻/#zh
L4-0227,翻译,翻譯,fānyì,V/N,4,1-4,1-4,,False,https://forvo.com/word/翻译/#zh
L4-0228,烦,煩,fán,Adj/V,4,2,2,,False,https://forvo.com/word/烦/#zh
L4-0229,反,反,fǎn,Adj/V/Adv,4,3,3,,False,https://forvo.com/word/反/#zh
L4-0230,反而,反而,fǎn'ér,Adv,4,3-2,3-2,,False,https://forvo.com/word/反而/#zh
L4-0231,反映,反映,fǎnyìng,V/N,4,3-4,3-4,,False,https://forvo.com/word/反映/#zh
L4-0232,方,方,fāng,Adj/N,4,1,1,,False,https://forvo.com/word/方/#zh
L4-0233,方案,方案,fāng'àn,N,4,1-4,1-4,,False,https://forvo.com/word/方案/#zh
L4-0234,方针,方針,fāngzhēn,N,4,1-1,1-1,,False,https://forvo.com/word/方针/#zh
L4-0235,放松,放鬆,fàngsōng,V,4,4-1,4-1,,False,https://forvo.com/word/放松/#zh
L4-0236,非,非,fēi,Adv,4,1,1,,False,https://forvo.com/word/非/#zh
L4-0237,肥,肥,féi,Adj,4,2,2,,False,https://forvo.com/word/肥/#zh
L4-0238,分布,分佈,fēnbù,V,4,1-4,1-4,,False,https://forvo.com/word/分布/#zh
L4-0239,分散,分散,fēnsàn,V/Adj,4,1-4,1-4,,False,https://forvo.com/word/分散/#zh
L4-0240,分手,分手,fēnshǒu,,4,1-3,1-3,,False,https://forvo.com/word/分手/#zh
L4-0241,分为,分為,fēnwéi,,4,1-2,1-2,,False,https://forvo.com/word/分为/#zh
L4-0242,…分之…,…分之…,…fēn zhī…,,4,1-1,1-1,,False,https://forvo.com/word/…分之…/#zh
L4-0243,纷纷,紛紛,fēnfēn,Adv,4,1-1,1-1,,False,https://forvo.com/word/纷纷/#zh
L4-0244,奋斗,奮鬥,fèndòu,V,4,4-4,4-4,,False,https://forvo.com/word/奋斗/#zh
L4-0245,风格,風格,fēnggé,N,4,1-2,1-2,,False,https://forvo.com/word/风格/#zh
L4-0246,风景,風景,fēngjǐng,N,4,1-3,1-3,,False,https://forvo.com/word/风景/#zh
L4-0247,风俗,風俗,fēngsú,N,4,1-2,1-2,,False,https://forvo.com/word/风俗/#zh
L4-0248,封闭,封閉,fēngbì,V/Adj,4,1-4,1-4,,False,https://forvo.com/word/封闭/#zh
L4-0249,否则,否則,fǒuzé,Conj,4,3-2,3-2,,False,https://forvo.com/word/否则/#zh
L4-0250,夫妇,夫婦,fūfù,N,4,1-4,1-4,,False,https://forvo.com/word/夫妇/#zh
L4-0251,夫妻,夫妻,fūqī,N,4,1-1,1-1,,False,https://forvo.com/word/夫妻/#zh
L4-0252,夫人,夫人,fūrén,N,4,1-N,1-N,neutral_tone,False,https://forvo.com/word/夫人/#zh
L4-0253,符号,符號,fúhào,N,4,2-4,2-4,,False,https://forvo.com/word/符号/#zh
L4-0254,符合,符合,fúhé,V,4,2-2,2-2,,False,https://forvo.com/word/符合/#zh
L4-0255,付出,付出,fùchū,V,4,4-1,4-1,,False,https://forvo.com/word/付出/#zh
L4-0256,负担,負擔,fùdān,V/N,4,4-1,4-1,,False,https://forvo.com/word/负担/#zh
L4-0257,附近,附近,fùjìn,N,4,4-4,4-4,,False,https://forvo.com/word/附近/#zh
L4-0258,复制,複製,fùzhì,V,4,4-4,4-4,,False,https://forvo.com/word/复制/#zh
L4-0259,改善,改善,gǎishàn,V,4,3-4,3-4,,False,https://forvo.com/word/改善/#zh
L4-0260,改正,改正,gǎizhèng,V,4,3-4,3-4,,False,https://forvo.com/word/改正/#zh
L4-0261,盖,蓋,gài,V,4,4,4,,False,https://forvo.com/word/盖/#zh
L4-0262,概括,概括,gàikuò,V/Adj,4,4-4,4-4,,False,https://forvo.com/word/概括/#zh
L4-0263,感兴趣,感興趣,gǎn xìngqù,,4,3-4-4,3-4-4,,False,https://forvo.com/word/感兴趣/#zh
L4-0264,高潮,高潮,gāocháo,N,4,1-2,1-2,,False,https://forvo.com/word/高潮/#zh
L4-0265,高价,高價,gāojià,N,4,1-4,1-4,,False,https://forvo.com/word/高价/#zh
L4-0266,高尚,高尚,gāoshàng,Adj,4,1-4,1-4,,False,https://forvo.com/word/高尚/#zh
L4-0267,高铁,高鐵,gāotiě,N,4,1-3,1-3,,False,https://forvo.com/word/高铁/#zh
L4-0268,格外,格外,géwài,Adv,4,2-4,2-4,,False,https://forvo.com/word/格外/#zh
L4-0269,隔,隔,gé,V,4,2,2,,False,https://forvo.com/word/隔/#zh
L4-0270,隔开,隔開,gékāi,V,4,2-1,2-1,,False,https://forvo.com/word/隔开/#zh
L4-0271,个别,個別,gèbié,Adj,4,4-2,4-2,,False,https://forvo.com/word/个别/#zh
L4-0272,个体,個體,gètǐ,N,4,4-3,4-3,,False,https://forvo.com/word/个体/#zh
L4-0273,各个,各個,gègè,Pron/Adv,4,4-4,4-4,,False,https://forvo.com/word/各个/#zh
L4-0274,根,根,gēn,M/N,4,1,1,,False,https://forvo.com/word/根/#zh
L4-0275,根据,根據,gēnjù,V/Prep/N,4,1-4,1-4,,False,https://forvo.com/word/根据/#zh
L4-0276,工程,工程,gōngchéng,N,4,1-2,1-2,,False,https://forvo.com/word/工程/#zh
L4-0277,公元,公元,gōngyuán,N,4,1-2,1-2,,False,https://forvo.com/word/公元/#zh
L4-0278,供应,供應,gōngyìng,V,4,1-4,1-4,,False,https://forvo.com/word/供应/#zh
L4-0279,共,共,gòng,Adv,4,4,4,,False,https://forvo.com/word/共/#zh
L4-0280,构成,構成,gòuchéng,V,4,4-2,4-2,,False,https://forvo.com/word/构成/#zh
L4-0281,构造,構造,gòuzào,N,4,4-4,4-4,,False,https://forvo.com/word/构造/#zh
L4-0282,购买,購買,gòumǎi,V,4,4-3,4-3,,False,https://forvo.com/word/购买/#zh
L4-0283,购物,購物,gòuwù,V,4,4-4,4-4,,False,https://forvo.com/word/购物/#zh
L4-0284,骨头,骨頭,gǔtou,N,4,3-N,3-N,neutral_tone,False,https://forvo.com/word/骨头/#zh
L4-0285,固定,固定,gùdìng,Adj/V,4,4-4,4-4,,False,https://forvo.com/word/固定/#zh
L4-0286,瓜,瓜,guā,N,4,1,1,,False,https://forvo.com/word/瓜/#zh
L4-0287,怪,怪,guài,Adj/Adv,4,4,4,,False,https://forvo.com/word/怪/#zh
L4-0288,关,關,guān,N,4,1,1,,False,https://forvo.com/word/关/#zh
L4-0289,关闭,關閉,guānbì,V,4,1-4,1-4,,False,https://forvo.com/word/关闭/#zh
L4-0290,关于,關於,guānyú,Prep,4,1-2,1-2,,False,https://forvo.com/word/关于/#zh
L4-0291,官,官,guān,N,4,1,1,,False,https://forvo.com/word/官/#zh
L4-0292,官方,官方,guānfāng,N,4,1-1,1-1,,False,https://forvo.com/word/官方/#zh
L4-0293,光临,光臨,guānglín,V,4,1-2,1-2,,False,https://forvo.com/word/光临/#zh
L4-0294,光盘,光盤,guāngpán,N,4,1-2,1-2,,False,https://forvo.com/word/光盘/#zh
L4-0295,逛,逛,guàng,V,4,4,4,,False,https://forvo.com/word/逛/#zh
L4-0296,归,歸,guī,V,4,1,1,,False,https://forvo.com/word/归/#zh
L4-0297,规律,規律,guīlǜ,N,4,1-4,1-4,,False,https://forvo.com/word/规律/#zh
L4-0298,规模,規模,guīmó,N,4,1-2,1-2,,False,https://forvo.com/word/规模/#zh
L4-0299,规则,規則,guīzé,N/Adj,4,1-2,1-2,,False,https://forvo.com/word/规则/#zh
L4-0300,果实,果實,guǒshí,N,4,3-2,3-2,,False,https://forvo.com/word/果实/#zh
L4-0301,过分,過分,guòfèn,,4,4-4,4-4,,False,https://forvo.com/word/过分/#zh
L4-0302,海水,海水,hǎishuǐ,N,4,3-3,2-3,third_tone_sandhi,False,https://forvo.com/word/海水/#zh
L4-0303,海鲜,海鮮,hǎixiān,N,4,3-1,3-1,,False,https://forvo.com/word/海鲜/#zh
L4-0304,含,含,hán,V,4,2,2,,False,https://forvo.com/word/含/#zh
L4-0305,含量,含量,hánliàng,N,4,2-4,2-4,,False,https://forvo.com/word/含量/#zh
L4-0306,含义,含義,hányì,N,4,2-4,2-4,,False,https://forvo.com/word/含义/#zh
L4-0307,含有,含有,hányǒu,V,4,2-3,2-3,,False,https://forvo.com/word/含有/#zh
L4-0308,寒假,寒假,hánjià,N,4,2-4,2-4,,False,https://forvo.com/word/寒假/#zh
L4-0309,寒冷,寒冷,hánlěng,Adj,4,2-3,2-3,,False,https://forvo.com/word/寒冷/#zh
L4-0310,行业,行業,hángyè,N,4,2-4,2-4,,False,https://forvo.com/word/行业/#zh
L4-0311,航班,航班,hángbān,N,4,2-1,2-1,,False,https://forvo.com/word/航班/#zh
L4-0312,航空,航空,hángkōng,V,4,2-1,2-1,,False,https://forvo.com/word/航空/#zh
L4-0313,毫米,毫米,háomǐ,M,4,2-3,2-3,,False,https://forvo.com/word/毫米/#zh
L4-0314,毫升,毫升,háoshēng,M,4,2-1,2-1,,False,https://forvo.com/word/毫升/#zh
L4-0315,好友,好友,hǎoyǒu,N,4,3-3,2-3,third_tone_sandhi,False,https://forvo.com/word/好友/#zh
L4-0316,号码,號碼,hàomǎ,N,4,4-3,4-3,,False,https://forvo.com/word/号码/#zh
L4-0317,好,好,hào,V,4,4,4,,False,https://forvo.com/word/好/#zh
L4-0318,合同,合同,hétóng,N,4,2-N,2-N,neutral_tone,False,https://forvo.com/word/合同/#zh
L4-0319,黑暗,黑暗,hēi'àn,Adj,4,1-4,1-4,,False,https://forvo.com/word/黑暗/#zh
L4-0320,红包,紅包,hóngbāo,N,4,2-1,2-1,,False,https://forvo.com/word/红包/#zh
L4-0321,后头,後頭,hòutou,N,4,4-N,4-N,neutral_tone,False,https://forvo.com/word/后头/#zh
L4-0322,厚,厚,hòu,Adj,4,4,4,,False,https://forvo.com/word/厚/#zh
L4-0323,呼吸,呼吸,hūxī,V,4,1-1,1-1,,False,https://forvo.com/word/呼吸/#zh
L4-0324,忽视,忽視,hūshì,V,4,1-4,1-4,,False,https://forvo.com/word/忽视/#zh
L4-0325,户,戶,hù,M,4,4,4,,False,https://forvo.com/word/户/#zh
L4-0326,护士,護士,hùshi,N,4,4-N,4-N,neutral_tone,False,https://forvo.com/word/护士/#zh
L4-0327,花,花,huā,Adj,4,1,1,,False,https://forvo.com/word/花/#zh
L4-0328,划,划,huá,V,4,2,2,,False,https://forvo.com/word/划/#zh
L4-0329,划,劃,huà,V,4,4,4,,False,https://forvo.com/word/划/#zh
L4-0330,怀念,懷念,huáiniàn,V,4,2-4,2-4,,False,https://forvo.com/word/怀念/#zh
L4-0331,怀疑,懷疑,huáiyí,V,4,2-2,2-2,,False,https://forvo.com/word/怀疑/#zh
L4-0332,缓解,緩解,huǎnjiě,V,4,3-3,2-3,third_tone_sandhi,False,https://forvo.com/word/缓解/#zh
L4-0333,黄瓜,黃瓜,huángguā,N,4,2-1,2-1,,False,https://forvo.com/word/黄瓜/#zh
L4-0334,黄金,黃金,huángjīn,N,4,2-1,2-1,,False,https://forvo.com/word/黄金/#zh
L4-0335,回复,回復,huífù,V,4,2-4,2-4,,False,https://forvo.com/word/回复/#zh
L4-0336,汇,匯,huì,V,4,4,4,,False,https://forvo.com/word/汇/#zh
L4-0337,汇报,匯報,huìbào,V/N,4,4-4,4-4,,False,https://forvo.com/word/汇报/#zh
L4-0338,汇率,匯率,huìlǜ,N,4,4-4,4-4,,False,https://forvo.com/word/汇率/#zh
L4-0339,婚礼,婚禮,hūnlǐ,N,4,1-3,1-3,,False,https://forvo.com/word/婚礼/#zh
L4-0340,火,火,huǒ,Adj,4,3,3,,False,https://forvo.com/word/火/#zh
L4-0341,伙,夥,huǒ,M,4,3,3,,False,https://forvo.com/word/伙/#zh
L4-0342,伙伴,伙伴,huǒbàn,N,4,3-4,3-4,,False,https://forvo.com/word/伙伴/#zh
L4-0343,或许,或許,huòxǔ,Adv,4,4-3,4-3,,False,https://forvo.com/word/或许/#zh
L4-0344,货,貨,huò,N,4,4,4,,False,https://forvo.com/word/货/#zh
L4-0345,获,獲,huò,V,4,4,4,,False,https://forvo.com/word/获/#zh
L4-0346,获得,獲得,huòdé,V,4,4-2,4-2,,False,https://forvo.com/word/获得/#zh
L4-0347,获奖,獲獎,huòjiǎng,V,4,4-3,4-3,,False,https://forvo.com/word/获奖/#zh
L4-0348,获取,獲取,huòqǔ,V,4,4-3,4-3,,False,https://forvo.com/word/获取/#zh
L4-0349,几乎,幾乎,jīhū,Adv,4,1-1,1-1,,False,https://forvo.com/word/几乎/#zh
L4-0350,机构,機構,jīgòu,N,4,1-4,1-4,,False,https://forvo.com/word/机构/#zh
L4-0351,机遇,機遇,jīyù,N,4,1-4,1-4,,False,https://forvo.com/word/机遇/#zh
L4-0352,积累,積累,jīlěi,V,4,1-3,1-3,,False,https://forvo.com/word/积累/#zh
L4-0353,激动,激動,jīdòng,Adj/V,4,1-4,1-4,,False,https://forvo.com/word/激动/#zh
L4-0354,激烈,激烈,jīliè,Adj,4,1-4,1-4,,False,https://forvo.com/word/激烈/#zh
L4-0355,及格,及格,jígé,,4,2-2,2-2,,False,https://forvo.com/word/及格/#zh
L4-0356,极,極,jí,Adv,4,2,2,,False,https://forvo.com/word/极/#zh
L4-0357,极其,極其,jíqí,Adv,4,2-2,2-2,,False,https://forvo.com/word/极其/#zh
L4-0358,即将,即將,jíjiāng,Adv,4,2-1,2-1,,False,https://forvo.com/word/即将/#zh
L4-0359,急忙,急忙,jímáng,Adv,4,2-2,2-2,,False,https://forvo.com/word/急忙/#zh
L4-0360,集合,集合,jíhé,V,4,2-2,2-2,,False,https://forvo.com/word/集合/#zh
L4-0361,记载,記載,jìzǎi,V,4,4-3,4-3,,False,https://forvo.com/word/记载/#zh
L4-0362,纪律,紀律,jìlǜ,N,4,4-4,4-4,,False,https://forvo.com/word/纪律/#zh
L4-0363,技巧,技巧,jìqiǎo,N,4,4-3,4-3,,False,https://forvo.com/word/技巧/#zh
L4-0364,系,繫,jì,V,4,4,4,,False,https://forvo.com/word/系/#zh
L4-0365,季,季,jì,N,4,4,4,,False,https://forvo.com/word/季/#zh
L4-0366,季度,季度,jìdù,N,4,4-4,4-4,,False,https://forvo.com/word/季度/#zh
L4-0367,季节,季節,jìjié,N,4,4-2,4-2,,False,https://forvo.com/word/季节/#zh
L4-0368,既,既,jì,Adv/Conj,4,4,4,,False,https://forvo.com/word/既/#zh
L4-0369,既然,既然,jìrán,Conj,4,4-2,4-2,,False,https://forvo.com/word/既然/#zh
L4-0370,寄,寄,jì,V,4,4,4,,False,https://forvo.com/word/寄/#zh
L4-0371,加班,加班,jiābān,,4,1-1,1-1,,False,https://forvo.com/word/加班/#zh
L4-0372,加入,加入,jiārù,V,4,1-4,1-4,,False,https://forvo.com/word/加入/#zh
L4-0373,加油站,加油站,jiāyóuzhàn,N,4,1-2-4,1-2-4,,False,https://forvo.com/word/加油站/#zh
L4-0374,家务,家務,jiāwù,N,4,1-4,1-4,,False,https://forvo.com/word/家务/#zh
L4-0375,假如,假如,jiǎrú,Conj,4,3-2,3-2,,False,https://forvo.com/word/假如/#zh
L4-0376,坚固,堅固,jiāngù,Adj,4,1-4,1-4,,False,https://forvo.com/word/坚固/#zh
L4-0377,检测,檢測,jiǎncè,V,4,3-4,3-4,,False,https://forvo.com/word/检测/#zh
L4-0378,减,減,jiǎn,V,4,3,3,,False,https://forvo.com/word/减/#zh
L4-0379,减肥,減肥,jiǎnféi,,4,3-2,3-2,,False,https://forvo.com/word/减肥/#zh
L4-0380,减少,減少,jiǎnshǎo,V,4,3-3,2-3,third_tone_sandhi,False,https://forvo.com/word/减少/#zh
L4-0381,简历,簡歷,jiǎnlì,N,4,3-4,3-4,,False,https://forvo.com/word/简历/#zh
L4-0382,健身,健身,jiànshēn,V,4,4-1,4-1,,False,https://forvo.com/word/健身/#zh
L4-0383,渐渐,漸漸,jiànjiàn,Adv,4,4-4,4-4,,False,https://forvo.com/word/渐渐/#zh
L4-0384,江,江,jiāng,N,4,1,1,,False,https://forvo.com/word/江/#zh
L4-0385,讲究,講究,jiǎngjiu,V/Adj,4,3-N,3-N,neutral_tone,False,https://forvo.com/word/讲究/#zh
L4-0386,讲座,講座,jiǎngzuò,N,4,3-4,3-4,,False,https://forvo.com/word/讲座/#zh
L4-0387,奖,獎,jiǎng,V/N,4,3,3,,False,https://forvo.com/word/奖/#zh
L4-0388,奖金,獎金,jiǎngjīn,N,4,3-1,3-1,,False,https://forvo.com/word/奖金/#zh
L4-0389,奖学金,獎學金,jiǎngxuéjīn,N,4,3-2-1,3-2-1,,False,https://forvo.com/word/奖学金/#zh
L4-0390,降,降,jiàng,V,4,4,4,,False,https://forvo.com/word/降/#zh
L4-0391,降低,降低,jiàngdī,V,4,4-1,4-1,,False,https://forvo.com/word/降低/#zh
L4-0392,降价,降價,jiàngjià,,4,4-4,4-4,,False,https://forvo.com/word/降价/#zh
L4-0393,降落,降落,jiàngluò,V,4,4-4,4-4,,False,https://forvo.com/word/降落/#zh
L4-0394,降温,降溫,jiàngwēn,,4,4-1,4-1,,False,https://forvo.com/word/降温/#zh
L4-0395,交换,交換,jiāohuàn,V,4,1-4,1-4,,False,https://forvo.com/word/交换/#zh
L4-0396,交际,交際,jiāojì,V,4,1-4,1-4,,False,https://forvo.com/word/交际/#zh
L4-0397,教授,教授,jiàoshòu,N,4,4-4,4-4,,False,https://forvo.com/word/教授/#zh
L4-0398,教训,教訓,jiàoxùn,V/N,4,4-N,4-N,neutral_tone,False,https://forvo.com/word/教训/#zh
L4-0399,阶段,階段,jiēduàn,N,4,1-4,1-4,,False,https://forvo.com/word/阶段/#zh
L4-0400,街道,街道,jiēdào,N,4,1-4,1-4,,False,https://forvo.com/word/街道/#zh
L4-0401,节省,節省,jiéshěng,V,4,2-3,2-3,,False,https://forvo.com/word/节省/#zh
L4-0402,结,結,jié,V/N,4,2,2,,False,https://forvo.com/word/结/#zh
L4-0403,结构,結構,jiégòu,N,4,2-4,2-4,,False,https://forvo.com/word/结构/#zh
L4-0404,结论,結論,jiélùn,N,4,2-4,2-4,,False,https://forvo.com/word/结论/#zh
L4-0405,姐妹,姐妹,jiěmèi,N,4,3-4,3-4,,False,https://forvo.com/word/姐妹/#zh
L4-0406,解释,解釋,jiěshì,V,4,3-4,3-4,,False,https://forvo.com/word/解释/#zh
L4-0407,尽快,儘快,jǐnkuài,Adv,4,3-4,3-4,,False,https://forvo.com/word/尽快/#zh
L4-0408,紧密,緊密,jǐnmì,Adj,4,3-4,3-4,,False,https://forvo.com/word/紧密/#zh
L4-0409,尽力,盡力,jìnlì,,4,4-4,4-4,,False,https://forvo.com/word/尽力/#zh
L4-0410,进口,進口,jìnkǒu,V/N,4,4-3,4-3,,False,https://forvo.com/word/进口/#zh
L4-0411,近代,近代,jìndài,N,4,4-4,4-4,,False,https://forvo.com/word/近代/#zh
L4-0412,禁止,禁止,jìnzhǐ,V,4,4-3,4-3,,False,https://forvo.com/word/禁止/#zh
L4-0413,经典,經典,jīngdiǎn,N,4,1-3,1-3,,False,https://forvo.com/word/经典/#zh
L4-0414,精力,精力,jīnglì,N,4,1-4,1-4,,False,https://forvo.com/word/精力/#zh
L4-0415,竟然,竟然,jìngrán,Adv,4,4-2,4-2,,False,https://forvo.com/word/竟然/#zh
L4-0416,镜头,鏡頭,jìngtóu,N,4,4-2,4-2,,False,https://forvo.com/word/镜头/#zh
L4-0417,镜子,鏡子,jìngzi,N,4,4-N,4-N,neutral_tone,False,https://forvo.com/word/镜子/#zh
L4-0418,究竟,究竟,jiūjìng,Adv,4,1-4,1-4,,False,https://forvo.com/word/究竟/#zh
L4-0419,酒吧,酒吧,jiǔbā,N,4,3-1,3-1,,False,https://forvo.com/word/酒吧/#zh
L4-0420,居民,居民,jūmín,N,4,1-2,1-2,,False,https://forvo.com/word/居民/#zh
L4-0421,居住,居住,jūzhù,V,4,1-4,1-4,,False,https://forvo.com/word/居住/#zh
L4-0422,局,局,jú,N,4,2,2,,False,https://forvo.com/word/局/#zh
L4-0423,巨大,巨大,jùdà,Adj,4,4-4,4-4,,False,https://forvo.com/word/巨大/#zh
L4-0424,具备,具備,jùbèi,V,4,4-4,4-4,,False,https://forvo.com/word/具备/#zh
L4-0425,距离,距離,jùlí,V/N,4,4-2,4-2,,False,https://forvo.com/word/距离/#zh
L4-0426,聚,聚,jù,V,4,4,4,,False,https://forvo.com/word/聚/#zh
L4-0427,聚会,聚會,jùhuì,V/N,4,4-4,4-4,,False,https://forvo.com/word/聚会/#zh
L4-0428,卷,卷,juǎn,V,4,3,3,,False,https://forvo.com/word/卷/#zh
L4-0429,卷,卷,juàn,M,4,4,4,,False,https://forvo.com/word/卷/#zh
L4-0430,角色,角色,juésè,N,4,2-4,2-4,,False,https://forvo.com/word/角色/#zh
L4-0431,开花,開花,kāihuā,,4,1-1,1-1,,False,https://forvo.com/word/开花/#zh
L4-0432,开水,開水,kāishuǐ,N,4,1-3,1-3,,False,https://forvo.com/word/开水/#zh
L4-0433,看不起,看不起,kànbuqǐ,V,4,4-N-3,4-N-3,neutral_tone,False,https://forvo.com/word/看不起/#zh
L4-0434,看来,看來,kànlái,,4,4-N,4-N,neutral_tone,False,https://forvo.com/word/看来/#zh
L4-0435,看望,看望,kànwàng,V,4,4-4,4-4,,False,https://forvo.com/word/看望/#zh
L4-0436,考察,考察,kǎochá,V/N,4,3-2,3-2,,False,https://forvo.com/word/考察/#zh
L4-0437,考虑,考慮,kǎolǜ,V,4,3-4,3-4,,False,https://forvo.com/word/考虑/#zh
L4-0438,棵,棵,kē,M,4,1,1,,False,https://forvo.com/word/棵/#zh
L4-0439,可见,可見,kějiàn,Conj,4,3-4,3-4,,False,https://forvo.com/word/可见/#zh
L4-0440,空间,空間,kōngjiān,N,4,1-1,1-1,,False,https://forvo.com/word/空间/#zh
L4-0441,空,空,kòng,V/Adj,4,4,4,,False,https://forvo.com/word/空/#zh
L4-0442,口袋,口袋,kǒudai,N,4,3-4,3-4,,False,https://forvo.com/word/口袋/#zh
L4-0443,口语,口語,kǒuyǔ,N,4,3-3,2-3,third_tone_sandhi,False,https://forvo.com/word/口语/#zh
L4-0444,苦,苦,kǔ,Adj,4,3,3,,False,https://forvo.com/word/苦/#zh
L4-0445,会计,會計,kuàijì,N,4,4-4,4-4,,False,https://forvo.com/word/会计/#zh
L4-0446,快递,快遞,kuàidì,N,4,4-4,4-4,,False,https://forvo.com/word/快递/#zh
L4-0447,宽,寬,kuān,Adj,4,1,1,,False,https://forvo.com/word/宽/#zh
L4-0448,宽广,寬廣,kuānguǎng,Adj,4,1-3,1-3,,False,https://forvo.com/word/宽广/#zh
L4-0449,矿泉水,礦泉水,kuàngquánshuǐ,N,4,4-2-3,4-2-3,,False,https://forvo.com/word/矿泉水/#zh
L4-0450,扩大,擴大,kuòdà,V,4,4-4,4-4,,False,https://forvo.com/word/扩大/#zh
L4-0451,扩展,擴展,kuòzhǎn,V,4,4-3,4-3,,False,https://forvo.com/word/扩展/#zh
L4-0452,括号,括號,kuòhào,N,4,4-4,4-4,,False,https://forvo.com/word/括号/#zh
L4-0453,垃圾,垃圾,lājī,N,4,1-1,1-1,,False,https://forvo.com/word/垃圾/#zh
L4-0454,拉开,拉開,lākāi,,4,1-1,1-1,,False,https://forvo.com/word/拉开/#zh
L4-0455,辣,辣,là,Adj,4,4,4,,False,https://forvo.com/word/辣/#zh
L4-0456,来不及,來不及,láibují,V,4,2-N-2,2-N-2,neutral_tone,False,https://forvo.com/word/来不及/#zh
L4-0457,来得及,來得及,láidejí,V,4,2-N-2,2-N-2,neutral_tone,False,https://forvo.com/word/来得及/#zh
L4-0458,来源,來源,láiyuán,N,4,2-2,2-2,,False,https://forvo.com/word/来源/#zh
L4-0459,老公,老公,lǎogōng,N,4,3-1,3-1,,False,https://forvo.com/word/老公/#zh
L4-0460,老家,老家,lǎojiā,N,4,3-1,3-1,,False,https://forvo.com/word/老家/#zh
L4-0461,老婆,老婆,lǎopo,N,4,3-2,3-2,,False,https://forvo.com/word/老婆/#zh
L4-0462,老实,老實,lǎoshi,Adj,4,3-N,3-N,neutral_tone,False,https://forvo.com/word/老实/#zh
L4-0463,乐趣,樂趣,lèqù,N,4,4-4,4-4,,False,https://forvo.com/word/乐趣/#zh
L4-0464,泪,淚,lèi,N,4,4,4,,False,https://forvo.com/word/泪/#zh
L4-0465,泪水,淚水,lèishuǐ,N,4,4-3,4-3,,False,https://forvo.com/word/泪水/#zh
L4-0466,类型,類型,lèixíng,N,4,4-2,4-2,,False,https://forvo.com/word/类型/#zh
L4-0467,冷静,冷靜,lěngjìng,Adj,4,3-4,3-4,,False,https://forvo.com/word/冷静/#zh
L4-0468,厘米,釐米,límǐ,M,4,2-3,2-3,,False,https://forvo.com/word/厘米/#zh
L4-0469,离不开,離不開,lí bu kāi,,4,2-N-1,2-N-1,neutral_tone,False,https://forvo.com/word/离不开/#zh
L4-0470,力气,力氣,lìqi,N,4,4-N,4-N,neutral_tone,False,https://forvo.com/word/力气/#zh
L4-0471,历史,歷史,lìshǐ,N,4,4-3,4-3,,False,https://forvo.com/word/历史/#zh
L4-0472,立即,立即,lìjí,Adv,4,4-2,4-2,,False,https://forvo.com/word/立即/#zh
L4-0473,利息,利息,lìxī,N,4,4-1,4-1,,False,https://forvo.com/word/利息/#zh
L4-0474,利益,利益,lìyì,N,4,4-4,4-4,,False,https://forvo.com/word/利益/#zh
L4-0475,俩,倆,liǎ,,4,3,3,,False,https://forvo.com/word/俩/#zh
L4-0476,良好,良好,liánghǎo,Adj,4,2-3,2-3,,False,https://forvo.com/word/良好/#zh
L4-0477,量,量,liáng,V,4,2,2,,False,https://forvo.com/word/量/#zh
L4-0478,粮食,糧食,liángshi,N,4,2-N,2-N,neutral_tone,False,https://forvo.com/word/粮食/#zh
L4-0479,两边,兩邊,liǎngbiān,N,4,3-1,3-1,,False,https://forvo.com/word/两边/#zh
L4-0480,疗养,療養,liáoyǎng,V,4,2-3,2-3,,False,https://forvo.com/word/疗养/#zh
L4-0481,了不起,了不起,liǎobuqǐ,Adj,4,3-N-3,3-N-3,neutral_tone,False,https://forvo.com/word/了不起/#zh
L4-0482,了解,了解,liǎojiě,V,4,3-3,2-3,third_tone_sandhi,False,https://forvo.com/word/了解/#zh
L4-0483,列,列,liè,V/M,4,4,4,,False,https://forvo.com/word/列/#zh
L4-0484,列车,列車,lièchē,N,4,4-1,4-1,,False,https://forvo.com/word/列车/#zh
L4-0485,列入,列入,lièrù,V,4,4-4,4-4,,False,https://forvo.com/word/列入/#zh
L4-0486,列为,列為,lièwéi,,4,4-2,4-2,,False,https://forvo.com/word/列为/#zh
L4-0487,临时,臨時,línshí,Adj/Adv,4,2-2,2-2,,False,https://forvo.com/word/临时/#zh
L4-0488,零食,零食,língshí,N,4,2-2,2-2,,False,https://forvo.com/word/零食/#zh
L4-0489,流传,流傳,liúchuán,V,4,2-2,2-2,,False,https://forvo.com/word/流传/#zh
L4-0490,楼梯,樓梯,lóutī,N,4,2-1,2-1,,False,https://forvo.com/word/楼梯/#zh
L4-0491,陆地,陸地,lùdì,N,4,4-4,4-4,,False,https://forvo.com/word/陆地/#zh
L4-0492,陆续,陸續,lùxù,Adv,4,4-4,4-4,,False,https://forvo.com/word/陆续/#zh
L4-0493,录取,錄取,lùqǔ,V,4,4-3,4-3,,False,https://forvo.com/word/录取/#zh
L4-0494,律师,律師,lǜshī,N,4,4-1,4-1,,False,https://forvo.com/word/律师/#zh
L4-0495,轮,輪,lún,N/V/M,4,2,2,,False,https://forvo.com/word/轮/#zh
L4-0496,轮船,輪船,lúnchuán,N,4,2-2,2-2,,False,https://forvo.com/word/轮船/#zh
L4-0497,轮椅,輪椅,lúnyǐ,N,4,2-3,2-3,,False,https://forvo.com/word/轮椅/#zh
L4-0498,轮子,輪子,lúnzi,N,4,2-N,2-N,neutral_tone,False,https://forvo.com/word/轮子/#zh
L4-0499,论文,論文,lùnwén,N,4,4-2,4-2,,False,https://forvo.com/word/论文/#zh
L4-0500,落,落,luò,V,4,4,4,,False,https://forvo.com/word/落/#zh
L4-0501,毛巾,毛巾,máojīn,N,4,2-1,2-1,,False,https://forvo.com/word/毛巾/#zh
L4-0502,毛衣,毛衣,máoyī,N,4,2-1,2-1,,False,https://forvo.com/word/毛衣/#zh
L4-0503,帽子,帽子,màozi,N,4,4-N,4-N,neutral_tone,False,https://forvo.com/word/帽子/#zh
L4-0504,没错,沒錯,méi cuò,,4,2-4,2-4,,False,https://forvo.com/word/没错/#zh
L4-0505,没法儿,沒法兒,méifǎr,V,4,2-3-N,2-3-N,neutral_tone,False,https://forvo.com/word/没法儿/#zh
L4-0506,没想到,沒想到,méi xiǎngdào,,4,2-3-4,2-3-4,,False,https://forvo.com/word/没想到/#zh
L4-0507,美金,美金,měijīn,N,4,3-1,3-1,,False,https://forvo.com/word/美金/#zh
L4-0508,美女,美女,měinǚ,N,4,3-3,2-3,third_tone_sandhi,False,https://forvo.com/word/美女/#zh
L4-0509,梦,夢,mèng,N/V,4,4,4,,False,https://forvo.com/word/梦/#zh
L4-0510,梦见,夢見,mèngjiàn,,4,4-4,4-4,,False,https://forvo.com/word/梦见/#zh
L4-0511,梦想,夢想,mèngxiǎng,V/N,4,4-3,4-3,,False,https://forvo.com/word/梦想/#zh
L4-0512,秘密,秘密,mìmì,Adj/N,4,4-4,4-4,,False,https://forvo.com/word/秘密/#zh
L4-0513,秘书,秘書,mìshū,N,4,4-1,4-1,,False,https://forvo.com/word/秘书/#zh
L4-0514,密,密,mì,Adj,4,4,4,,False,https://forvo.com/word/密/#zh
L4-0515,密码,密碼,mìmǎ,N,4,4-3,4-3,,False,https://forvo.com/word/密码/#zh
L4-0516,密切,密切,mìqiè,Adj/V,4,4-4,4-4,,False,https://forvo.com/word/密切/#zh
L4-0517,免费,免費,miǎnfèi,,4,3-4,3-4,,False,https://forvo.com/word/免费/#zh
L4-0518,面临,面臨,miànlín,V,4,4-2,4-2,,False,https://forvo.com/word/面临/#zh
L4-0519,面试,面試,miànshì,V,4,4-4,4-4,,False,https://forvo.com/word/面试/#zh
L4-0520,描述,描述,miáoshù,V,4,2-4,2-4,,False,https://forvo.com/word/描述/#zh
L4-0521,描写,描寫,miáoxiě,V,4,2-3,2-3,,False,https://forvo.com/word/描写/#zh
L4-0522,名牌儿,名牌兒,míngpáir,N,4,2-2-N,2-2-N,neutral_tone,False,https://forvo.com/word/名牌儿/#zh
L4-0523,名片,名片,míngpiàn,N,4,2-4,2-4,,False,https://forvo.com/word/名片/#zh
L4-0524,名人,名人,míngrén,N,4,2-2,2-2,,False,https://forvo.com/word/名人/#zh
L4-0525,摸,摸,mō,V,4,1,1,,False,https://forvo.com/word/摸/#zh
L4-0526,模特儿,模特兒,mótèr,N,4,2-4-N,2-4-N,neutral_tone,False,https://forvo.com/word/模特儿/#zh
L4-0527,模型,模型,móxíng,N,4,2-2,2-2,,False,https://forvo.com/word/模型/#zh
L4-0528,末,末,mò,N,4,4,4,,False,https://forvo.com/word/末/#zh
L4-0529,默默,默默,mòmò,Adv,4,4-4,4-4,,False,https://forvo.com/word/默默/#zh
L4-0530,哪怕,哪怕,nǎpà,Conj,4,3-4,3-4,,False,https://forvo.com/word/哪怕/#zh
L4-0531,哪,哪,na,Aux,4,N,N,neutral_tone,False,https://forvo.com/word/哪/#zh
L4-0532,男女,男女,nánnǚ,N,4,2-3,2-3,,False,https://forvo.com/word/男女/#zh
L4-0533,男士,男士,nánshì,N,4,2-4,2-4,,False,https://forvo.com/word/男士/#zh
L4-0534,难免,難免,nánmiǎn,Adj,4,2-3,2-3,,False,https://forvo.com/word/难免/#zh
L4-0535,脑袋,腦袋,nǎodai,N,4,3-N,3-N,neutral_tone,False,https://forvo.com/word/脑袋/#zh
L4-0536,闹,鬧,nào,Adj/V,4,4,4,,False,https://forvo.com/word/闹/#zh
L4-0537,闹钟,鬧鐘,nàozhōng,N,4,4-1,4-1,,False,https://forvo.com/word/闹钟/#zh
L4-0538,内部,內部,nèibù,N,4,4-4,4-4,,False,https://forvo.com/word/内部/#zh
L4-0539,内科,內科,nèikē,N,4,4-1,4-1,,False,https://forvo.com/word/内科/#zh
L4-0540,能干,能幹,nénggàn,Adj,4,2-4,2-4,,False,https://forvo.com/word/能干/#zh
L4-0541,宁静,寧靜,níngjìng,Adj,4,2-4,2-4,,False,https://forvo.com/word/宁静/#zh
L4-0542,浓,濃,nóng,Adj,4,2,2,,False,https://forvo.com/word/浓/#zh
L4-0543,女士,女士,nǚshì,N,4,3-4,3-4,,False,https://forvo.com/word/女士/#zh
L4-0544,暖气,暖氣,nuǎnqì,N,4,3-4,3-4,,False,https://forvo.com/word/暖气/#zh
L4-0545,拍照,拍照,pāizhào,,4,1-4,1-4,,False,https://forvo.com/word/拍照/#zh
L4-0546,排列,排列,páiliè,V,4,2-4,2-4,,False,https://forvo.com/word/排列/#zh
L4-0547,牌,牌,pái,N,4,2,2,,False,https://forvo.com/word/牌/#zh
L4-0548,盘,盤,pán,N/M,4,2,2,,False,https://forvo.com/word/盘/#zh
L4-0549,盘子,盤子,pánzi,N,4,2-N,2-N,neutral_tone,False,https://forvo.com/word/盘子/#zh
L4-0550,胖子,胖子,pàngzi,N,4,4-N,4-N,neutral_tone,False,https://forvo.com/word/胖子/#zh
L4-0551,培训,培訓,péixùn,V,4,2-4,2-4,,False,https://forvo.com/word/培训/#zh
L4-0552,培训班,培訓班,péixùnbān,N,4,2-4-1,2-4-1,,False,https://forvo.com/word/培训班/#zh
L4-0553,培养,培養,péiyǎng,V,4,2-3,2-3,,False,https://forvo.com/word/培养/#zh
L4-0554,培育,培育,péiyù,V,4,2-4,2-4,,False,https://forvo.com/word/培育/#zh
L4-0555,批,批,pī,V,4,1,1,,False,https://forvo.com/word/批/#zh
L4-0556,批,批,pī,M,4,1,1,,False,https://forvo.com/word/批/#zh
L4-0557,片面,片面,piànmiàn,Adj,4,4-4,4-4,,False,https://forvo.com/word/片面/#zh
L4-0558,品质,品質,pǐnzhì,N,4,3-4,3-4,,False,https://forvo.com/word/品质/#zh
L4-0559,平方,平方,píngfāng,N/M,4,2-1,2-1,,False,https://forvo.com/word/平方/#zh
L4-0560,平静,平靜,píngjìng,Adj,4,2-4,2-4,,False,https://forvo.com/word/平静/#zh
L4-0561,平均,平均,píngjūn,V/Adj,4,2-1,2-1,,False,https://forvo.com/word/平均/#zh
L4-0562,平稳,平穩,píngwěn,Adj,4,2-3,2-3,,False,https://forvo.com/word/平稳/#zh
L4-0563,迫切,迫切,pòqiè,Adj,4,4-4,4-4,,False,https://forvo.com/word/迫切/#zh
L4-0564,破产,破產,pòchǎn,,4,4-3,4-3,,False,https://forvo.com/word/破产/#zh
L4-0565,妻子,妻子,qīzi,N,4,1-N,1-N,neutral_tone,False,https://forvo.com/word/妻子/#zh
L4-0566,期待,期待,qīdài,V,4,1-4,1-4,,False,https://forvo.com/word/期待/#zh
L4-0567,期间,期間,qījiān,N,4,1-1,1-1,,False,https://forvo.com/word/期间/#zh
L4-0568,期末,期末,qīmò,N,4,1-4,1-4,,False,https://forvo.com/word/期末/#zh
L4-0569,期限,期限,qīxiàn,N,4,1-4,1-4,,False,https://forvo.com/word/期限/#zh
L4-0570,期中,期中,qīzhōng,N,4,1-1,1-1,,False,https://forvo.com/word/期中/#zh
L4-0571,其余,其餘,qíyú,Pron,4,2-2,2-2,,False,https://forvo.com/word/其余/#zh
L4-0572,企业,企業,qǐyè,N,4,3-4,3-4,,False,https://forvo.com/word/企业/#zh
L4-0573,气球,氣球,qìqiú,N,4,4-2,4-2,,False,https://forvo.com/word/气球/#zh
L4-0574,汽水,汽水,qìshuǐ,N,4,4-3,4-3,,False,https://forvo.com/word/汽水/#zh
L4-0575,汽油,汽油,qìyóu,N,4,4-2,4-2,,False,https://forvo.com/word/汽油/#zh
L4-0576,器官,器官,qìguān,N,4,4-1,4-1,,False,https://forvo.com/word/器官/#zh
L4-0577,前头,前頭,qiántou,N,4,2-N,2-N,neutral_tone,False,https://forvo.com/word/前头/#zh
L4-0578,前途,前途,qiántú,N,4,2-2,2-2,,False,https://forvo.com/word/前途/#zh
L4-0579,浅,淺,qiǎn,Adj,4,3,3,,False,https://forvo.com/word/浅/#zh
L4-0580,巧克力,巧克力,qiǎokèlì,N,4,3-4-4,3-4-4,,False,https://forvo.com/word/巧克力/#zh
L4-0581,切,切,qiē,V,4,1,1,,False,https://forvo.com/word/切/#zh
L4-0582,亲爱,親愛,qīn'ài,Adj,4,1-4,1-4,,False,https://forvo.com/word/亲爱/#zh
L4-0583,亲密,親密,qīnmì,Adj,4,1-4,1-4,,False,https://forvo.com/word/亲密/#zh
L4-0584,青春,青春,qīngchūn,N,4,1-1,1-1,,False,https://forvo.com/word/青春/#zh
L4-0585,轻松,輕鬆,qīngsōng,Adj,4,1-1,1-1,,False,https://forvo.com/word/轻松/#zh
L4-0586,轻易,輕易,qīngyì,Adj/Adv,4,1-4,1-4,,False,https://forvo.com/word/轻易/#zh
L4-0587,清醒,清醒,qīngxǐng,Adj/V,4,1-3,1-3,,False,https://forvo.com/word/清醒/#zh
L4-0588,情景,情景,qíngjǐng,N,4,2-3,2-3,,False,https://forvo.com/word/情景/#zh
L4-0589,穷,窮,qióng,Adj,4,2,2,,False,https://forvo.com/word/穷/#zh
L4-0590,穷人,窮人,qióngrén,N,4,2-2,2-2,,False,https://forvo.com/word/穷人/#zh
L4-0591,秋季,秋季,qiūjì,N,4,1-4,1-4,,False,https://forvo.com/word/秋季/#zh
L4-0592,趋势,趨勢,qūshì,N,4,1-4,1-4,,False,https://forvo.com/word/趋势/#zh
L4-0593,圈,圈,quān,N/V,4,1,1,,False,https://forvo.com/word/圈/#zh
L4-0594,权利,權利,quánlì,N,4,2-4,2-4,,False,https://forvo.com/word/权利/#zh
L4-0595,却,卻,què,Adv,4,4,4,,False,https://forvo.com/word/却/#zh
L4-0596,确认,確認,quèrèn,V,4,4-4,4-4,,False,https://forvo.com/word/确认/#zh
L4-0597,然而,然而,rán'ér,Conj,4,2-2,2-2,,False,https://forvo.com/word/然而/#zh
L4-0598,燃料,燃料,ránliào,N,4,2-4,2-4,,False,https://forvo.com/word/燃料/#zh
L4-0599,燃烧,燃燒,ránshāo,V,4,2-1,2-1,,False,https://forvo.com/word/燃烧/#zh
L4-0600,热闹,熱鬧,rènao,Adj/V,4,4-N,4-N,neutral_tone,False,https://forvo.com/word/热闹/#zh
L4-0601,热心,熱心,rèxīn,Adj,4,4-1,4-1,,False,https://forvo.com/word/热心/#zh
L4-0602,人家,人家,rénjia,Pron,4,2-N,2-N,neutral_tone,False,https://forvo.com/word/人家/#zh
L4-0603,日记,日記,rìjì,N,4,4-4,4-4,,False,https://forvo.com/word/日记/#zh
L4-0604,日历,日曆,rìlì,N,4,4-4,4-4,,False,https://forvo.com/word/日历/#zh
L4-0605,如今,如今,rújīn,N,4,2-1,2-1,,False,https://forvo.com/word/如今/#zh
L4-0606,弱,弱,ruò,Adj,4,4,4,,False,https://forvo.com/word/弱/#zh
L4-0607,伞,傘,sǎn,N,4,3,3,,False,https://forvo.com/word/伞/#zh
L4-0608,散,散,sàn,V,4,4,4,,False,https://forvo.com/word/散/#zh
L4-0609,扫,掃,sǎo,V,4,3,3,,False,https://forvo.com/word/扫/#zh
L4-0610,色,色,sè,N,4,4,4,,False,https://forvo.com/word/色/#zh
L4-0611,色彩,色彩,sècǎi,N,4,4-3,4-3,,False,https://forvo.com/word/色彩/#zh
L4-0612,森林,森林,sēnlín,N,4,1-2,1-2,,False,https://forvo.com/word/森林/#zh
L4-0613,晒,曬,shài,V,4,4,4,,False,https://forvo.com/word/晒/#zh
L4-0614,闪,閃,shǎn,V,4,3,3,,False,https://forvo.com/word/闪/#zh
L4-0615,闪电,閃電,shǎndiàn,N,4,3-4,3-4,,False,https://forvo.com/word/闪电/#zh
L4-0616,善良,善良,shànliáng,Adj,4,4-2,4-2,,False,https://forvo.com/word/善良/#zh
L4-0617,善于,善於,shànyú,V,4,4-2,4-2,,False,https://forvo.com/word/善于/#zh
L4-0618,伤害,傷害,shānghài,V,4,1-4,1-4,,False,https://forvo.com/word/伤害/#zh
L4-0619,商务,商務,shāngwù,N,4,1-4,1-4,,False,https://forvo.com/word/商务/#zh
L4-0620,赏,賞,shǎng,V,4,3,3,,False,https://forvo.com/word/赏/#zh
L4-0621,上个月,上個月,shàng ge yuè,,4,4-4-4,4-4-4,,False,https://forvo.com/word/上个月/#zh
L4-0622,上楼,上樓,shàng lóu,,4,4-2,4-2,,False,https://forvo.com/word/上楼/#zh
L4-0623,上门,上門,shàngmén,,4,4-2,4-2,,False,https://forvo.com/word/上门/#zh
L4-0624,烧,燒,shāo,V,4,1,1,,False,https://forvo.com/word/烧/#zh
L4-0625,设施,設施,shèshī,N,4,4-1,4-1,,False,https://forvo.com/word/设施/#zh
L4-0626,设置,設置,shèzhì,V,4,4-4,4-4,,False,https://forvo.com/word/设置/#zh
L4-0627,申请,申請,shēnqǐng,V,4,1-3,1-3,,False,https://forvo.com/word/申请/#zh
L4-0628,身材,身材,shēncái,N,4,1-2,1-2,,False,https://forvo.com/word/身材/#zh
L4-0629,身份,身份,shēnfèn,N,4,1-4,1-4,,False,https://forvo.com/word/身份/#zh
L4-0630,身高,身高,shēngāo,N,4,1-1,1-1,,False,https://forvo.com/word/身高/#zh
L4-0631,深厚,深厚,shēnhòu,Adj,4,1-4,1-4,,False,https://forvo.com/word/深厚/#zh
L4-0632,神话,神話,shénhuà,N,4,2-4,2-4,,False,https://forvo.com/word/神话/#zh
L4-0633,神秘,神秘,shénmì,Adj,4,2-4,2-4,,False,https://forvo.com/word/神秘/#zh
L4-0634,甚至,甚至,shènzhì,Conj,4,4-4,4-4,,False,https://forvo.com/word/甚至/#zh
L4-0635,失败,失敗,shībài,V/Adj,4,1-4,1-4,,False,https://forvo.com/word/失败/#zh
L4-0636,失望,失望,shīwàng,Adj,4,1-4,1-4,,False,https://forvo.com/word/失望/#zh
L4-0637,失业,失業,shīyè,,4,1-4,1-4,,False,https://forvo.com/word/失业/#zh
L4-0638,诗,詩,shī,N,4,1,1,,False,https://forvo.com/word/诗/#zh
L4-0639,诗人,詩人,shīrén,N,4,1-2,1-2,,False,https://forvo.com/word/诗人/#zh
L4-0640,湿,濕,shī,Adj,4,1,1,,False,https://forvo.com/word/湿/#zh
L4-0641,实施,實施,shíshī,V,4,2-1,2-1,,False,https://forvo.com/word/实施/#zh
L4-0642,实用,實用,shíyòng,Adj,4,2-4,2-4,,False,https://forvo.com/word/实用/#zh
L4-0643,食堂,食堂,shítáng,N,4,2-2,2-2,,False,https://forvo.com/word/食堂/#zh
L4-0644,使劲,使勁,shǐjìn,,4,3-4,3-4,,False,https://forvo.com/word/使劲/#zh
L4-0645,士兵,士兵,shìbīng,N,4,4-1,4-1,,False,https://forvo.com/word/士兵/#zh
L4-0646,市区,市區,shìqū,N,4,4-1,4-1,,False,https://forvo.com/word/市区/#zh
L4-0647,似的,似的,shìde,Aux,4,4-N,4-N,neutral_tone,False,https://forvo.com/word/似的/#zh
L4-0648,事物,事物,shìwù,N,4,4-4,4-4,,False,https://forvo.com/word/事物/#zh
L4-0649,事先,事先,shìxiān,N,4,4-1,4-1,,False,https://forvo.com/word/事先/#zh
L4-0650,试卷,試卷,shìjuàn,N,4,4-4,4-4,,False,https://forvo.com/word/试卷/#zh
L4-0651,是否,是否,shìfǒu,Adv,4,4-3,4-3,,False,https://forvo.com/word/是否/#zh
L4-0652,收回,收回,shōuhuí,,4,1-2,1-2,,False,https://forvo.com/word/收回/#zh
L4-0653,收获,收穫,shōuhuò,V/N,4,1-4,1-4,,False,https://forvo.com/word/收获/#zh
L4-0654,收益,收益,shōuyì,N,4,1-4,1-4,,False,https://forvo.com/word/收益/#zh
L4-0655,手工,手工,shǒugōng,N,4,3-1,3-1,,False,https://forvo.com/word/手工/#zh
L4-0656,手里,手裡,shǒu li,,4,3-3,2-3,third_tone_sandhi,False,https://forvo.com/word/手里/#zh
L4-0657,手术,手術,shǒushù,N,4,3-4,3-4,,False,https://forvo.com/word/手术/#zh
L4-0658,手套,手套,shǒutào,N,4,3-4,3-4,,False,https://forvo.com/word/手套/#zh
L4-0659,守,守,shǒu,V,4,3,3,,False,https://forvo.com/word/守/#zh
L4-0660,首,首,shǒu,M,4,3,3,,False,https://forvo.com/word/首/#zh
L4-0661,受不了,受不了,shòubuliǎo,V,4,4-4-3,4-4-3,,False,https://forvo.com/word/受不了/#zh
L4-0662,售货员,售貨員,shòuhuòyuán,N,4,4-4-2,4-4-2,,False,https://forvo.com/word/售货员/#zh
L4-0663,叔叔,叔叔,shūshu,N,4,1-N,1-N,neutral_tone,False,https://forvo.com/word/叔叔/#zh
L4-0664,舒适,舒適,shūshì,Adj,4,1-4,1-4,,False,https://forvo.com/word/舒适/#zh
L4-0665,熟练,熟練,shúliàn,Adj,4,2-4,2-4,,False,https://forvo.com/word/熟练/#zh
L4-0666,暑假,暑假,shǔjià,N,4,3-4,3-4,,False,https://forvo.com/word/暑假/#zh
L4-0667,树林,樹林,shùlín,N,4,4-2,4-2,,False,https://forvo.com/word/树林/#zh
L4-0668,树叶,樹葉,shùyè,N,4,4-4,4-4,,False,https://forvo.com/word/树叶/#zh
L4-0669,数据,數據,shùjù,N,4,4-4,4-4,,False,https://forvo.com/word/数据/#zh
L4-0670,数码,數碼,shùmǎ,N,4,4-3,4-3,,False,https://forvo.com/word/数码/#zh
L4-0671,刷,刷,shuā,V,4,1,1,,False,https://forvo.com/word/刷/#zh
L4-0672,刷牙,刷牙,shuā yá,,4,1-2,1-2,,False,https://forvo.com/word/刷牙/#zh
L4-0673,刷子,刷子,shuāzi,N,4,1-N,1-N,neutral_tone,False,https://forvo.com/word/刷子/#zh
L4-0674,帅,帥,shuài,Adj,4,4,4,,False,https://forvo.com/word/帅/#zh
L4-0675,帅哥,帥哥,shuàigē,N,4,4-1,4-1,,False,https://forvo.com/word/帅哥/#zh
L4-0676,率先,率先,shuàixiān,Adv,4,4-1,4-1,,False,https://forvo.com/word/率先/#zh
L4-0677,睡着,睡著,shuìzháo,,4,4-2,4-2,,False,https://forvo.com/word/睡着/#zh
L4-0678,顺序,順序,shùnxù,N,4,4-4,4-4,,False,https://forvo.com/word/顺序/#zh
L4-0679,说不定,說不定,shuōbudìng,V/Adv,4,1-N-4,1-N-4,neutral_tone,False,https://forvo.com/word/说不定/#zh
L4-0680,说服,說服,shuōfú,V,4,1-2,1-2,,False,https://forvo.com/word/说服/#zh
L4-0681,思考,思考,sīkǎo,V,4,1-3,1-3,,False,https://forvo.com/word/思考/#zh
L4-0682,似乎,似乎,sìhū,Adv,4,4-1,4-1,,False,https://forvo.com/word/似乎/#zh
L4-0683,松,鬆,sōng,Adj/V,4,1,1,,False,https://forvo.com/word/松/#zh
L4-0684,松树,松樹,sōngshù,N,4,1-4,1-4,,False,https://forvo.com/word/松树/#zh
L4-0685,塑料,塑料,sùliào,N,4,4-4,4-4,,False,https://forvo.com/word/塑料/#zh
L4-0686,塑料袋,塑料袋,sùliàodài,N,4,4-4-4,4-4-4,,False,https://forvo.com/word/塑料袋/#zh
L4-0687,酸,酸,suān,Adj,4,1,1,,False,https://forvo.com/word/酸/#zh
L4-0688,酸奶,酸奶,suānnǎi,N,4,1-3,1-3,,False,https://forvo.com/word/酸奶/#zh
L4-0689,随手,隨手,suíshǒu,Adv,4,2-3,2-3,,False,https://forvo.com/word/随手/#zh
L4-0690,孙女,孫女,sūnnǚ,N,4,1-3,1-3,,False,https://forvo.com/word/孙女/#zh
L4-0691,孙子,孫子,sūnzi,N,4,1-N,1-N,neutral_tone,False,https://forvo.com/word/孙子/#zh
L4-0692,缩短,縮短,suōduǎn,V,4,1-3,1-3,,False,https://forvo.com/word/缩短/#zh
L4-0693,缩小,縮小,suōxiǎo,V,4,1-3,1-3,,False,https://forvo.com/word/缩小/#zh
L4-0694,台阶,臺階,táijiē,N,4,2-1,2-1,,False,https://forvo.com/word/台阶/#zh
L4-0695,台上,臺上,táishàng,N,4,2-4,2-4,,False,https://forvo.com/word/台上/#zh
L4-0696,躺,躺,tǎng,V,4,3,3,,False,https://forvo.com/word/躺/#zh
L4-0697,套餐,套餐,tàocān,N,4,4-1,4-1,,False,https://forvo.com/word/套餐/#zh
L4-0698,特价,特價,tèjià,N,4,4-4,4-4,,False,https://forvo.com/word/特价/#zh
L4-0699,特殊,特殊,tèshū,Adj,4,4-1,4-1,,False,https://forvo.com/word/特殊/#zh
L4-0700,特征,特徵,tèzhēng,N,4,4-1,4-1,,False,https://forvo.com/word/特征/#zh
L4-0701,提供,提供,tígōng,V,4,2-1,2-1,,False,https://forvo.com/word/提供/#zh
L4-0702,提醒,提醒,tíxǐng,,4,2-3,2-3,,False,https://forvo.com/word/提醒/#zh
L4-0703,体操,體操,tǐcāo,N,4,3-1,3-1,,False,https://forvo.com/word/体操/#zh
L4-0704,体检,體檢,tǐjiǎn,V,4,3-3,2-3,third_tone_sandhi,False,https://forvo.com/word/体检/#zh
L4-0705,体重,體重,tǐzhòng,N,4,3-4,3-4,,False,https://forvo.com/word/体重/#zh
L4-0706,替,替,tì,V/Prep,4,4,4,,False,https://forvo.com/word/替/#zh
L4-0707,替代,替代,tìdài,V,4,4-4,4-4,,False,https://forvo.com/word/替代/#zh
L4-0708,天真,天真,tiānzhēn,Adj,4,1-1,1-1,,False,https://forvo.com/word/天真/#zh
L4-0709,填,填,tián,V,4,2,2,,False,https://forvo.com/word/填/#zh
L4-0710,填空,填空,tiánkòng,,4,2-4,2-4,,False,https://forvo.com/word/填空/#zh
L4-0711,挑,挑,tiāo,V,4,1,1,,False,https://forvo.com/word/挑/#zh
L4-0712,挑选,挑選,tiāoxuǎn,V,4,1-3,1-3,,False,https://forvo.com/word/挑选/#zh
L4-0713,调皮,調皮,tiáopí,Adj,4,2-2,2-2,,False,https://forvo.com/word/调皮/#zh
L4-0714,挑,挑,tiǎo,V,4,3,3,,False,https://forvo.com/word/挑/#zh
L4-0715,挑战,挑戰,tiǎozhàn,,4,3-4,3-4,,False,https://forvo.com/word/挑战/#zh
L4-0716,贴,貼,tiē,V,4,1,1,,False,https://forvo.com/word/贴/#zh
L4-0717,停下,停下,tíngxia,,4,2-4,2-4,,False,https://forvo.com/word/停下/#zh
L4-0718,挺,挺,tǐng,V,4,3,3,,False,https://forvo.com/word/挺/#zh
L4-0719,通知书,通知書,tōngzhīshū,N,4,1-1-1,1-1-1,,False,https://forvo.com/word/通知书/#zh
L4-0720,同情,同情,tóngqíng,V,4,2-2,2-2,,False,https://forvo.com/word/同情/#zh
L4-0721,童话,童話,tónghuà,N,4,2-4,2-4,,False,https://forvo.com/word/童话/#zh
L4-0722,童年,童年,tóngnián,N,4,2-2,2-2,,False,https://forvo.com/word/童年/#zh
L4-0723,统计,統計,tǒngjì,V,4,3-4,3-4,,False,https://forvo.com/word/统计/#zh
L4-0724,统一,統一,tǒngyī,V/Adj,4,3-1,3-1,,False,https://forvo.com/word/统一/#zh
L4-0725,痛快,痛快,tòngkuài,Adj,4,4-4,4-4,,False,https://forvo.com/word/痛快/#zh
L4-0726,投,投,tóu,V,4,2,2,,False,https://forvo.com/word/投/#zh
L4-0727,投入,投入,tóurù,V/N,4,2-4,2-4,,False,https://forvo.com/word/投入/#zh
L4-0728,投诉,投訴,tóusù,V,4,2-4,2-4,,False,https://forvo.com/word/投诉/#zh
L4-0729,投资,投資,tóuzī,N,4,2-1,2-1,,False,https://forvo.com/word/投资/#zh
L4-0730,透,透,tòu,V/Adj,4,4,4,,False,https://forvo.com/word/透/#zh
L4-0731,透明,透明,tòumíng,Adj,4,4-2,4-2,,False,https://forvo.com/word/透明/#zh
L4-0732,图案,圖案,tú'àn,N,4,2-4,2-4,,False,https://forvo.com/word/图案/#zh
L4-0733,途中,途中,túzhōng,N,4,2-1,2-1,,False,https://forvo.com/word/途中/#zh
L4-0734,土地,土地,tǔdì,N,4,3-4,3-4,,False,https://forvo.com/word/土地/#zh
L4-0735,推迟,推遲,tuīchí,V,4,1-2,1-2,,False,https://forvo.com/word/推迟/#zh
L4-0736,推销,推銷,tuīxiāo,V,4,1-1,1-1,,False,https://forvo.com/word/推销/#zh
L4-0737,脱,脫,tuō,V,4,1,1,,False,https://forvo.com/word/脱/#zh
L4-0738,袜子,襪子,wàzi,N,4,4-N,4-N,neutral_tone,False,https://forvo.com/word/袜子/#zh
L4-0739,外汇,外匯,wàihuì,N,4,4-4,4-4,,False,https://forvo.com/word/外汇/#zh
L4-0740,外交官,外交官,wàijiāoguān,N,4,4-1-1,4-1-1,,False,https://forvo.com/word/外交官/#zh
L4-0741,外套,外套,wàitào,N,4,4-4,4-4,,False,https://forvo.com/word/外套/#zh
L4-0742,弯,彎,wān,Adj/V,4,1,1,,False,https://forvo.com/word/弯/#zh
L4-0743,晚点,晚點,wǎndiǎn,,4,3-3,2-3,third_tone_sandhi,False,https://forvo.com/word/晚点/#zh
L4-0744,万一,萬一,wànyī,N/Conj,4,4-1,4-1,,False,https://forvo.com/word/万一/#zh
L4-0745,王,王,wáng,N,4,2,2,,False,https://forvo.com/word/王/#zh
L4-0746,网络,網絡,wǎngluò,N,4,3-4,3-4,,False,https://forvo.com/word/网络/#zh
L4-0747,网址,網址,wǎngzhǐ,N,4,3-3,2-3,third_tone_sandhi,False,https://forvo.com/word/网址/#zh
L4-0748,微笑,微笑,wēixiào,V,4,1-4,1-4,,False,https://forvo.com/word/微笑/#zh
L4-0749,微信,微信,wēixìn,N,4,1-4,1-4,,False,https://forvo.com/word/微信/#zh
L4-0750,围巾,圍巾,wéijīn,N,4,2-1,2-1,,False,https://forvo.com/word/围巾/#zh
L4-0751,维持,維持,wéichí,V,4,2-2,2-2,,False,https://forvo.com/word/维持/#zh
L4-0752,维护,維護,wéihù,V,4,2-4,2-4,,False,https://forvo.com/word/维护/#zh
L4-0753,维修,維修,wéixiū,V,4,2-1,2-1,,False,https://forvo.com/word/维修/#zh
L4-0754,尾巴,尾巴,wěiba,N,4,3-N,3-N,neutral_tone,False,https://forvo.com/word/尾巴/#zh
L4-0755,未必,未必,wèibì,Adv,4,4-4,4-4,,False,https://forvo.com/word/未必/#zh
L4-0756,未来,未來,wèilái,N,4,4-2,4-2,,False,https://forvo.com/word/未来/#zh
L4-0757,位于,位於,wèiyú,V,4,4-2,4-2,,False,https://forvo.com/word/位于/#zh
L4-0758,位置,位置,wèizhì,N,4,4-N,4-N,neutral_tone,False,https://forvo.com/word/位置/#zh
L4-0759,味儿,味兒,wèir,N,4,4-N,4-N,neutral_tone,False,https://forvo.com/word/味儿/#zh
L4-0760,喂,餵,wèi,V,4,4,4,,False,https://forvo.com/word/喂/#zh
L4-0761,稳,穩,wěn,Adj,4,3,3,,False,https://forvo.com/word/稳/#zh
L4-0762,稳定,穩定,wěndìng,Adj,4,3-4,3-4,,False,https://forvo.com/word/稳定/#zh
L4-0763,问候,問候,wènhòu,V,4,4-4,4-4,,False,https://forvo.com/word/问候/#zh
L4-0764,无,無,wú,V,4,2,2,,False,https://forvo.com/word/无/#zh
L4-0765,无法,無法,wúfǎ,V,4,2-3,2-3,,False,https://forvo.com/word/无法/#zh
L4-0766,无聊,無聊,wúliáo,Adj,4,2-2,2-2,,False,https://forvo.com/word/无聊/#zh
L4-0767,无论,無論,wúlùn,Conj,4,2-4,2-4,,False,https://forvo.com/word/无论/#zh
L4-0768,无数,無數,wúshù,Adj,4,2-4,2-4,,False,https://forvo.com/word/无数/#zh
L4-0769,无所谓,無所謂,wúsuǒwèi,V,4,2-3-4,2-3-4,,False,https://forvo.com/word/无所谓/#zh
L4-0770,无限,無限,wúxiàn,Adj,4,2-4,2-4,,False,https://forvo.com/word/无限/#zh
L4-0771,五颜六色,五顏六色,wǔyán-liùsè,,4,3-2-4-4,3-2-4-4,,False,https://forvo.com/word/五颜六色/#zh
L4-0772,误会,誤會,wùhuì,V/N,4,4-4,4-4,,False,https://forvo.com/word/误会/#zh
L4-0773,西瓜,西瓜,xīguā,N,4,1-1,1-1,,False,https://forvo.com/word/西瓜/#zh
L4-0774,吸,吸,xī,V,4,1,1,,False,https://forvo.com/word/吸/#zh
L4-0775,吸管,吸管,xīguǎn,N,4,1-3,1-3,,False,https://forvo.com/word/吸管/#zh
L4-0776,吸收,吸收,xīshōu,V,4,1-1,1-1,,False,https://forvo.com/word/吸收/#zh
L4-0777,吸烟,吸煙,xīyān,V,4,1-1,1-1,,False,https://forvo.com/word/吸烟/#zh
L4-0778,吸引,吸引,xīyǐn,V,4,1-3,1-3,,False,https://forvo.com/word/吸引/#zh
L4-0779,喜爱,喜愛,xǐ'ài,V,4,3-4,3-4,,False,https://forvo.com/word/喜爱/#zh
L4-0780,系列,系列,xìliè,N,4,4-4,4-4,,False,https://forvo.com/word/系列/#zh
L4-0781,系统,系統,xìtǒng,N/Adj,4,4-3,4-3,,False,https://forvo.com/word/系统/#zh
L4-0782,细,細,xì,Adj,4,4,4,,False,https://forvo.com/word/细/#zh
L4-0783,细节,細節,xìjié,N,4,4-2,4-2,,False,https://forvo.com/word/细节/#zh
L4-0784,细致,細緻,xìzhì,Adj,4,4-4,4-4,,False,https://forvo.com/word/细致/#zh
L4-0785,下个月,下個月,xià ge yuè,,4,4-4-4,4-4-4,,False,https://forvo.com/word/下个月/#zh
L4-0786,下降,下降,xiàjiàng,V,4,4-4,4-4,,False,https://forvo.com/word/下降/#zh
L4-0787,下楼,下樓,xià lóu,,4,4-2,4-2,,False,https://forvo.com/word/下楼/#zh
L4-0788,下载,下載,xiàzài,V,4,4-3,4-3,,False,https://forvo.com/word/下载/#zh
L4-0789,夏季,夏季,xiàjì,N,4,4-4,4-4,,False,https://forvo.com/word/夏季/#zh
L4-0790,鲜,鮮,xiān,Adj,4,1,1,,False,https://forvo.com/word/鲜/#zh
L4-0791,鲜花,鮮花,xiānhuā,N,4,1-1,1-1,,False,https://forvo.com/word/鲜花/#zh
L4-0792,鲜明,鮮明,xiānmíng,Adj,4,1-2,1-2,,False,https://forvo.com/word/鲜明/#zh
L4-0793,咸,鹹,xián,Adj,4,2,2,,False,https://forvo.com/word/咸/#zh
L4-0794,显著,顯著,xiǎnzhù,Adj,4,3-4,3-4,,False,https://forvo.com/word/显著/#zh
L4-0795,县,縣,xiàn,N,4,4,4,,False,https://forvo.com/word/县/#zh
L4-0796,限制,限制,xiànzhì,V/N,4,4-4,4-4,,False,https://forvo.com/word/限制/#zh
L4-0797,相处,相處,xiāngchǔ,V,4,1-3,1-3,,False,https://forvo.com/word/相处/#zh
L4-0798,相反,相反,xiāngfǎn,Adj/Conj,4,1-3,1-3,,False,https://forvo.com/word/相反/#zh
L4-0799,箱,箱,xiāng,M,4,1,1,,False,https://forvo.com/word/箱/#zh
L4-0800,箱子,箱子,xiāngzi,N,4,1-N,1-N,neutral_tone,False,https://forvo.com/word/箱子/#zh
L4-0801,想念,想念,xiǎngniàn,V,4,3-4,3-4,,False,https://forvo.com/word/想念/#zh
L4-0802,想象,想象,xiǎngxiàng,N/V,4,3-4,3-4,,False,https://forvo.com/word/想象/#zh
L4-0803,项,項,xiàng,M,4,4,4,,False,https://forvo.com/word/项/#zh
L4-0804,项目,項目,xiàngmù,N,4,4-4,4-4,,False,https://forvo.com/word/项目/#zh
L4-0805,相片,相片,xiàngpiàn,N,4,4-4,4-4,,False,https://forvo.com/word/相片/#zh
L4-0806,消化,消化,xiāohuà,V,4,1-4,1-4,,False,https://forvo.com/word/消化/#zh
L4-0807,销售,銷售,xiāoshòu,V,4,1-4,1-4,,False,https://forvo.com/word/销售/#zh
L4-0808,小吃,小吃,xiǎochī,N,4,3-1,3-1,,False,https://forvo.com/word/小吃/#zh
L4-0809,小伙子,小伙子,xiǎohuǒzi,N,4,3-3-N,2-3-N,neutral_tone;third_tone_sandhi,False,https://forvo.com/word/小伙子/#zh
L4-0810,小型,小型,xiǎoxíng,Adj,4,3-2,3-2,,False,https://forvo.com/word/小型/#zh
L4-0811,效率,效率,xiàolǜ,N,4,4-4,4-4,,False,https://forvo.com/word/效率/#zh
L4-0812,些,些,xiē,M,4,1,1,,False,https://forvo.com/word/些/#zh
L4-0813,心理,心理,xīnlǐ,N,4,1-3,1-3,,False,https://forvo.com/word/心理/#zh
L4-0814,新郎,新郎,xīnláng,N,4,1-2,1-2,,False,https://forvo.com/word/新郎/#zh
L4-0815,新娘,新娘,xīnniáng,N,4,1-2,1-2,,False,https://forvo.com/word/新娘/#zh
L4-0816,新鲜,新鮮,xīnxiān,Adj,4,1-1,1-1,,False,https://forvo.com/word/新鲜/#zh
L4-0817,新型,新型,xīnxíng,Adj,4,1-2,1-2,,False,https://forvo.com/word/新型/#zh
L4-0818,兴奋,興奮,xīngfèn,Adj,4,1-4,1-4,,False,https://forvo.com/word/兴奋/#zh
L4-0819,形容,形容,xíngróng,V,4,2-2,2-2,,False,https://forvo.com/word/形容/#zh
L4-0820,形势,形勢,xíngshì,N,4,2-4,2-4,,False,https://forvo.com/word/形势/#zh
L4-0821,型,型,xíng,N,4,2,2,,False,https://forvo.com/word/型/#zh
L4-0822,型号,型號,xínghào,N,4,2-4,2-4,,False,https://forvo.com/word/型号/#zh
L4-0823,醒,醒,xǐng,V,4,3,3,,False,https://forvo.com/word/醒/#zh
L4-0824,兴趣,興趣,xìngqù,N,4,4-4,4-4,,False,https://forvo.com/word/兴趣/#zh
L4-0825,性质,性質,xìngzhì,N,4,4-4,4-4,,False,https://forvo.com/word/性质/#zh
L4-0826,兄弟,兄弟,xiōngdì,N,4,1-4,1-4,,False,https://forvo.com/word/兄弟/#zh
L4-0827,胸部,胸部,xiōngbù,N,4,1-4,1-4,,False,https://forvo.com/word/胸部/#zh
L4-0828,修理,修理,xiūlǐ,V,4,1-3,1-3,,False,https://forvo.com/word/修理/#zh
L4-0829,选择,選擇,xuǎnzé,V/N,4,3-2,3-2,,False,https://forvo.com/word/选择/#zh
L4-0830,学分,學分,xuéfēn,N,4,2-1,2-1,,False,https://forvo.com/word/学分/#zh
L4-0831,学年,學年,xuénián,N,4,2-2,2-2,,False,https://forvo.com/word/学年/#zh
L4-0832,学时,學時,xuéshí,N,4,2-2,2-2,,False,https://forvo.com/word/学时/#zh
L4-0833,学术,學術,xuéshù,N,4,2-4,2-4,,False,https://forvo.com/word/学术/#zh
L4-0834,学问,學問,xuéwen,N,4,2-4,2-4,,False,https://forvo.com/word/学问/#zh
L4-0835,寻找,尋找,xúnzhǎo,V,4,2-3,2-3,,False,https://forvo.com/word/寻找/#zh
L4-0836,迅速,迅速,xùnsù,Adj,4,4-4,4-4,,False,https://forvo.com/word/迅速/#zh
L4-0837,牙,牙,yá,N,4,2,2,,False,https://forvo.com/word/牙/#zh
L4-0838,牙刷,牙刷,yáshuā,N,4,2-1,2-1,,False,https://forvo.com/word/牙刷/#zh
L4-0839,亚运会,亞運會,Yàyùnhuì,N,4,4-4-4,4-4-4,,False,https://forvo.com/word/亚运会/#zh
L4-0840,呀,呀,ya,Aux,4,N,N,neutral_tone,False,https://forvo.com/word/呀/#zh
L4-0841,延长,延長,yáncháng,V,4,2-2,2-2,,False,https://forvo.com/word/延长/#zh
L4-0842,延期,延期,yánqī,,4,2-1,2-1,,False,https://forvo.com/word/延期/#zh
L4-0843,延续,延續,yánxù,V,4,2-4,2-4,,False,https://forvo.com/word/延续/#zh
L4-0844,严,嚴,yán,Adj,4,2,2,,False,https://forvo.com/word/严/#zh
L4-0845,严格,嚴格,yángé,Adj/V,4,2-2,2-2,,False,https://forvo.com/word/严格/#zh
L4-0846,严重,嚴重,yánzhòng,Adj,4,2-4,2-4,,False,https://forvo.com/word/严重/#zh
L4-0847,研究,研究,yánjiū,V,4,2-1,2-1,,False,https://forvo.com/word/研究/#zh
L4-0848,研究生,研究生,yánjiūshēng,N,4,2-1-1,2-1-1,,False,https://forvo.com/word/研究生/#zh
L4-0849,研制,研製,yánzhì,V,4,2-4,2-4,,False,https://forvo.com/word/研制/#zh
L4-0850,盐,鹽,yán,N,4,2,2,,False,https://forvo.com/word/盐/#zh
L4-0851,眼镜,眼鏡,yǎnjìng,N,4,3-4,3-4,,False,https://forvo.com/word/眼镜/#zh
L4-0852,眼泪,眼淚,yǎnlèi,N,4,3-4,3-4,,False,https://forvo.com/word/眼泪/#zh
L4-0853,眼里,眼裡,yǎnli,N,4,3,3,,False,https://forvo.com/word/眼里/#zh
L4-0854,演讲,演講,yǎnjiǎng,V,4,3-3,2-3,third_tone_sandhi,False,https://forvo.com/word/演讲/#zh
L4-0855,阳台,陽臺,yángtái,N,4,2-2,2-2,,False,https://forvo.com/word/阳台/#zh
L4-0856,养成,養成,yǎngchéng,V,4,3-2,3-2,,False,https://forvo.com/word/养成/#zh
L4-0857,腰,腰,yāo,N,4,1,1,,False,https://forvo.com/word/腰/#zh
L4-0858,摇,搖,yáo,V,4,2,2,,False,https://forvo.com/word/摇/#zh
L4-0859,药物,藥物,yàowù,N,4,4-4,4-4,,False,https://forvo.com/word/药物/#zh
L4-0860,要,要,yào,Conj,4,4,4,,False,https://forvo.com/word/要/#zh
L4-0861,业余,業餘,yèyú,Adj,4,4-2,4-2,,False,https://forvo.com/word/业余/#zh
L4-0862,叶子,葉子,yèzi,N,4,4-N,4-N,neutral_tone,False,https://forvo.com/word/叶子/#zh
L4-0863,医疗,醫療,yīliáo,V,4,1-2,1-2,,False,https://forvo.com/word/医疗/#zh
L4-0864,医学,醫學,yīxué,N,4,1-2,1-2,,False,https://forvo.com/word/医学/#zh
L4-0865,依靠,依靠,yīkào,V/N,4,1-4,1-4,,False,https://forvo.com/word/依靠/#zh
L4-0866,依然,依然,yīrán,Adv,4,1-2,1-2,,False,https://forvo.com/word/依然/#zh
L4-0867,一律,一律,yīlǜ,Adv,4,1-4,2-4,yi_before_t4,False,https://forvo.com/word/一律/#zh
L4-0868,一再,一再,yīzài,Adv,4,1-4,2-4,yi_before_t4,False,https://forvo.com/word/一再/#zh
L4-0869,一致,一致,yīzhì,Adj/Adv,4,1-4,2-4,yi_before_t4,False,https://forvo.com/word/一致/#zh
L4-0870,移,移,yí,V,4,2,2,,False,https://forvo.com/word/移/#zh
L4-0871,移动,移動,yídòng,V,4,2-4,2-4,,False,https://forvo.com/word/移动/#zh
L4-0872,移民,移民,yímín,V/N,4,2-2,2-2,,False,https://forvo.com/word/移民/#zh
L4-0873,遗产,遺產,yíchǎn,N,4,2-3,2-3,,False,https://forvo.com/word/遗产/#zh
L4-0874,遗传,遺傳,yíchuán,V,4,2-2,2-2,,False,https://forvo.com/word/遗传/#zh
L4-0875,疑问,疑問,yíwèn,N,4,2-4,2-4,,False,https://forvo.com/word/疑问/#zh
L4-0876,以及,以及,yǐjí,Conj,4,3-2,3-2,,False,https://forvo.com/word/以及/#zh
L4-0877,以内,以內,yǐnèi,N,4,3-4,3-4,,False,https://forvo.com/word/以内/#zh
L4-0878,一般来说,一般來說,yībānláishuō,,4,1-1-2-1,4-1-2-1,yi_before_non_t4,False,https://forvo.com/word/一般来说/#zh
L4-0879,义务,義務,yìwù,N,4,4-4,4-4,,False,https://forvo.com/word/义务/#zh
L4-0880,议论,議論,yìlùn,V/N,4,4-4,4-4,,False,https://forvo.com/word/议论/#zh
L4-0881,引,引,yǐn,V,4,3,3,,False,https://forvo.com/word/引/#zh
L4-0882,引导,引導,yǐndǎo,V,4,3-3,2-3,third_tone_sandhi,False,https://forvo.com/word/引导/#zh
L4-0883,引进,引進,yǐnjìn,V,4,3-4,3-4,,False,https://forvo.com/word/引进/#zh
L4-0884,引起,引起,yǐnqǐ,V,4,3-3,2-3,third_tone_sandhi,False,https://forvo.com/word/引起/#zh
L4-0885,应,應,yīng,V,4,1,1,,False,https://forvo.com/word/应/#zh
L4-0886,英勇,英勇,yīngyǒng,Adj,4,1-3,1-3,,False,https://forvo.com/word/英勇/#zh
L4-0887,营业,營業,yíngyè,V,4,2-4,2-4,,False,https://forvo.com/word/营业/#zh
L4-0888,赢得,贏得,yíngdé,V,4,2-2,2-2,,False,https://forvo.com/word/赢得/#zh
L4-0889,影子,影子,yǐngzi,N,4,3-N,3-N,neutral_tone,False,https://forvo.com/word/影子/#zh
L4-0890,勇敢,勇敢,yǒnggǎn,Adj,4,3-3,2-3,third_tone_sandhi,False,https://forvo.com/word/勇敢/#zh
L4-0891,勇气,勇氣,yǒngqì,N,4,3-4,3-4,,False,https://forvo.com/word/勇气/#zh
L4-0892,用途,用途,yòngtú,N,4,4-2,4-2,,False,https://forvo.com/word/用途/#zh
L4-0893,优良,優良,yōuliáng,Adj,4,1-2,1-2,,False,https://forvo.com/word/优良/#zh
L4-0894,优美,優美,yōuměi,Adj,4,1-3,1-3,,False,https://forvo.com/word/优美/#zh
L4-0895,优秀,優秀,yōuxiù,Adj,4,1-4,1-4,,False,https://forvo.com/word/优秀/#zh
L4-0896,邮局,郵局,yóujú,N,4,2-2,2-2,,False,https://forvo.com/word/邮局/#zh
L4-0897,有劲儿,有勁兒,yǒujìnr,,4,3-4,3-4,,False,https://forvo.com/word/有劲儿/#zh
L4-0898,有趣,有趣,yǒuqù,Adj,4,3-4,3-4,,False,https://forvo.com/word/有趣/#zh
L4-0899,有限,有限,yǒuxiàn,Adj,4,3-4,3-4,,False,https://forvo.com/word/有限/#zh
L4-0900,幼儿园,幼兒園,yòu'éryuán,N,4,4-2-2,4-2-2,,False,https://forvo.com/word/幼儿园/#zh
L4-0901,于是,於是,yúshì,Conj,4,2-4,2-4,,False,https://forvo.com/word/于是/#zh
L4-0902,语法,語法,yǔfǎ,N,4,3-3,2-3,third_tone_sandhi,False,https://forvo.com/word/语法/#zh
L4-0903,语音,語音,yǔyīn,N,4,3-1,3-1,,False,https://forvo.com/word/语音/#zh
L4-0904,玉,玉,yù,N,4,4,4,,False,https://forvo.com/word/玉/#zh
L4-0905,玉米,玉米,yùmǐ,N,4,4-3,4-3,,False,https://forvo.com/word/玉米/#zh
L4-0906,预测,預測,yùcè,V,4,4-4,4-4,,False,https://forvo.com/word/预测/#zh
L4-0907,预订,預訂,yùdìng,V,4,4-4,4-4,,False,https://forvo.com/word/预订/#zh
L4-0908,遇,遇,yù,V,4,4,4,,False,https://forvo.com/word/遇/#zh
L4-0909,遇到,遇到,yùdào,,4,4-4,4-4,,False,https://forvo.com/word/遇到/#zh
L4-0910,遇见,遇見,yùjiàn,V,4,4-4,4-4,,False,https://forvo.com/word/遇见/#zh
L4-0911,原料,原料,yuánliào,N,4,2-4,2-4,,False,https://forvo.com/word/原料/#zh
L4-0912,原则,原則,yuánzé,N,4,2-2,2-2,,False,https://forvo.com/word/原则/#zh
L4-0913,圆,圓,yuán,Adj/N,4,2,2,,False,https://forvo.com/word/圆/#zh
L4-0914,圆满,圓滿,yuánmǎn,Adj,4,2-3,2-3,,False,https://forvo.com/word/圆满/#zh
L4-0915,约会,約會,yuēhuì,V/N,4,1-4,1-4,,False,https://forvo.com/word/约会/#zh
L4-0916,月底,月底,yuèdǐ,N,4,4-3,4-3,,False,https://forvo.com/word/月底/#zh
L4-0917,阅读,閱讀,yuèdú,V,4,4-2,4-2,,False,https://forvo.com/word/阅读/#zh
L4-0918,运动会,運動會,yùndònghuì,N,4,4-4-4,4-4-4,,False,https://forvo.com/word/运动会/#zh
L4-0919,运动员,運動員,yùndòngyuán,N,4,4-4-2,4-4-2,,False,https://forvo.com/word/运动员/#zh
L4-0920,运气,運氣,yùnqi,N,4,4-N,4-N,neutral_tone,False,https://forvo.com/word/运气/#zh
L4-0921,运用,運用,yùnyòng,V,4,4-4,4-4,,False,https://forvo.com/word/运用/#zh
L4-0922,再三,再三,zàisān,Adv,4,4-1,4-1,,False,https://forvo.com/word/再三/#zh
L4-0923,在乎,在乎,zàihu,V,4,4-N,4-N,neutral_tone,False,https://forvo.com/word/在乎/#zh
L4-0924,在于,在於,zàiyú,V,4,4-2,4-2,,False,https://forvo.com/word/在于/#zh
L4-0925,赞成,贊成,zànchéng,V,4,4-2,4-2,,False,https://forvo.com/word/赞成/#zh
L4-0926,赞赏,讚賞,zànshǎng,V,4,4-3,4-3,,False,https://forvo.com/word/赞赏/#zh
L4-0927,赞助,贊助,zànzhù,V,4,4-4,4-4,,False,https://forvo.com/word/赞助/#zh
L4-0928,造型,造型,zàoxíng,N,4,4-2,4-2,,False,https://forvo.com/word/造型/#zh
L4-0929,战斗,戰鬥,zhàndòu,V/N,4,4-4,4-4,,False,https://forvo.com/word/战斗/#zh
L4-0930,战胜,戰勝,zhànshèng,V,4,4-4,4-4,,False,https://forvo.com/word/战胜/#zh
L4-0931,战士,戰士,zhànshì,N,4,4-4,4-4,,False,https://forvo.com/word/战士/#zh
L4-0932,战争,戰爭,zhànzhēng,N,4,4-1,4-1,,False,https://forvo.com/word/战争/#zh
L4-0933,丈夫,丈夫,zhàngfu,N,4,4-N,4-N,neutral_tone,False,https://forvo.com/word/丈夫/#zh
L4-0934,招呼,招呼,zhāohu,V,4,1-N,1-N,neutral_tone,False,https://forvo.com/word/招呼/#zh
L4-0935,着,著,zháo,V,4,2,2,,False,https://forvo.com/word/着/#zh
L4-0936,着火,著火,zháohuǒ,,4,2-3,2-3,,False,https://forvo.com/word/着火/#zh
L4-0937,着急,著急,zháojí,,4,2-2,2-2,,False,https://forvo.com/word/着急/#zh
L4-0938,召开,召開,zhàokāi,V,4,4-1,4-1,,False,https://forvo.com/word/召开/#zh
L4-0939,折,折,zhé,V,4,2,2,,False,https://forvo.com/word/折/#zh
L4-0940,针,針,zhēn,N,4,1,1,,False,https://forvo.com/word/针/#zh
L4-0941,针对,針對,zhēnduì,V,4,1-4,1-4,,False,https://forvo.com/word/针对/#zh
L4-0942,阵,陣,zhèn,M,4,4,4,,False,https://forvo.com/word/阵/#zh
L4-0943,争论,爭論,zhēnglùn,V,4,1-4,1-4,,False,https://forvo.com/word/争论/#zh
L4-0944,征服,征服,zhēngfú,V,4,1-2,1-2,,False,https://forvo.com/word/征服/#zh
L4-0945,征求,徵求,zhēngqiú,V,4,1-2,1-2,,False,https://forvo.com/word/征求/#zh
L4-0946,政府,政府,zhèngfǔ,N,4,4-3,4-3,,False,https://forvo.com/word/政府/#zh
L4-0947,政治,政治,zhèngzhì,N,4,4-4,4-4,,False,https://forvo.com/word/政治/#zh
L4-0948,之后,之後,zhīhòu,N,4,1-4,1-4,,False,https://forvo.com/word/之后/#zh
L4-0949,之间,之間,zhījiān,N,4,1-1,1-1,,False,https://forvo.com/word/之间/#zh
L4-0950,之前,之前,zhīqián,N,4,1-2,1-2,,False,https://forvo.com/word/之前/#zh
L4-0951,之一,之一,zhīyī,N,4,1-1,1-1,,False,https://forvo.com/word/之一/#zh
L4-0952,支,支,zhī,V,4,1,1,,False,https://forvo.com/word/支/#zh
L4-0953,植物,植物,zhíwù,N,4,2-4,2-4,,False,https://forvo.com/word/植物/#zh
L4-0954,指挥,指揮,zhǐhuī,V/N,4,3-1,3-1,,False,https://forvo.com/word/指挥/#zh
L4-0955,制订,制訂,zhìdìng,V,4,4-4,4-4,,False,https://forvo.com/word/制订/#zh
L4-0956,质量,質量,zhìliàng,N,4,4-4,4-4,,False,https://forvo.com/word/质量/#zh
L4-0957,治,治,zhì,V,4,4,4,,False,https://forvo.com/word/治/#zh
L4-0958,治疗,治療,zhìliáo,V,4,4-2,4-2,,False,https://forvo.com/word/治疗/#zh
L4-0959,智力,智力,zhìlì,N,4,4-4,4-4,,False,https://forvo.com/word/智力/#zh
L4-0960,智能,智能,zhìnéng,N,4,4-2,4-2,,False,https://forvo.com/word/智能/#zh
L4-0961,中介,中介,zhōngjiè,N,4,1-4,1-4,,False,https://forvo.com/word/中介/#zh
L4-0962,种类,種類,zhǒnglèi,N,4,3-4,3-4,,False,https://forvo.com/word/种类/#zh
L4-0963,中奖,中獎,zhòngjiǎng,,4,4-3,4-3,,False,https://forvo.com/word/中奖/#zh
L4-0964,种,種,zhòng,V,4,4,4,,False,https://forvo.com/word/种/#zh
L4-0965,种植,種植,zhòngzhí,V,4,4-2,4-2,,False,https://forvo.com/word/种植/#zh
L4-0966,重量,重量,zhòngliàng,N,4,4-4,4-4,,False,https://forvo.com/word/重量/#zh
L4-0967,逐步,逐步,zhúbù,Adv,4,2-4,2-4,,False,https://forvo.com/word/逐步/#zh
L4-0968,逐渐,逐漸,zhújiàn,Adv,4,2-4,2-4,,False,https://forvo.com/word/逐渐/#zh
L4-0969,主题,主題,zhǔtí,N,4,3-2,3-2,,False,https://forvo.com/word/主题/#zh
L4-0970,主席,主席,zhǔxí,N,4,3-2,3-2,,False,https://forvo.com/word/主席/#zh
L4-0971,祝福,祝福,zhùfú,V,4,4-2,4-2,,False,https://forvo.com/word/祝福/#zh
L4-0972,著名,著名,zhùmíng,Adj,4,4-2,4-2,,False,https://forvo.com/word/著名/#zh
L4-0973,著作,著作,zhùzuò,N,4,4-4,4-4,,False,https://forvo.com/word/著作/#zh
L4-0974,抓紧,抓緊,zhuājǐn,,4,1-3,1-3,,False,https://forvo.com/word/抓紧/#zh
L4-0975,专心,專心,zhuānxīn,Adj,4,1-1,1-1,,False,https://forvo.com/word/专心/#zh
L4-0976,转动,轉動,zhuǎndòng,V,4,3-4,3-4,,False,https://forvo.com/word/转动/#zh
L4-0977,转告,轉告,zhuǎngào,V,4,3-4,3-4,,False,https://forvo.com/word/转告/#zh
L4-0978,转身,轉身,zhuǎnshēn,,4,3-1,3-1,,False,https://forvo.com/word/转身/#zh
L4-0979,转弯,轉彎,zhuǎnwān,,4,3-1,3-1,,False,https://forvo.com/word/转弯/#zh
L4-0980,转移,轉移,zhuǎnyí,V,4,3-2,3-2,,False,https://forvo.com/word/转移/#zh
L4-0981,装修,裝修,zhuāngxiū,V,4,1-1,1-1,,False,https://forvo.com/word/装修/#zh
L4-0982,装置,裝置,zhuāngzhì,V/N,4,1-4,1-4,,False,https://forvo.com/word/装置/#zh
L4-0983,追求,追求,zhuīqiú,V,4,1-2,1-2,,False,https://forvo.com/word/追求/#zh
L4-0984,准时,準時,zhǔnshí,Adj,4,3-2,3-2,,False,https://forvo.com/word/准时/#zh
L4-0985,资料,資料,zīliào,N,4,1-4,1-4,,False,https://forvo.com/word/资料/#zh
L4-0986,资源,資源,zīyuán,N,4,1-2,1-2,,False,https://forvo.com/word/资源/#zh
L4-0987,自,自,zì,Prep,4,4,4,,False,https://forvo.com/word/自/#zh
L4-0988,自信,自信,zìxìn,V,4,4-4,4-4,,False,https://forvo.com/word/自信/#zh
L4-0989,字母,字母,zìmǔ,N,4,4-3,4-3,,False,https://forvo.com/word/字母/#zh
L4-0990,综合,綜合,zōnghé,V,4,1-2,1-2,,False,https://forvo.com/word/综合/#zh
L4-0991,总共,總共,zǒnggòng,Adv,4,3-4,3-4,,False,https://forvo.com/word/总共/#zh
L4-0992,总理,總理,zǒnglǐ,N,4,3-3,2-3,third_tone_sandhi,False,https://forvo.com/word/总理/#zh
L4-0993,总统,總統,zǒngtǒng,N,4,3-3,2-3,third_tone_sandhi,False,https://forvo.com/word/总统/#zh
L4-0994,总之,總之,zǒngzhī,Conj,4,3-1,3-1,,False,https://forvo.com/word/总之/#zh
L4-0995,阻止,阻止,zǔzhǐ,V,4,3-3,2-3,third_tone_sandhi,False,https://forvo.com/word/阻止/#zh
L4-0996,嘴巴,嘴巴,zuǐba,N,4,3-N,3-N,neutral_tone,False,https://forvo.com/word/嘴巴/#zh
L4-0997,最初,最初,zuìchū,N,4,4-1,4-1,,False,https://forvo.com/word/最初/#zh
L4-0998,作出,作出,zuòchū,,4,4-1,4-1,,False,https://forvo.com/word/作出/#zh
L4-0999,作为,作為,zuòwéi,Prep/V,4,4-2,4-2,,False,https://forvo.com/word/作为/#zh
L4-1000,做梦,做夢,zuòmèng,,4,4-4,4-4,,False,https://forvo.com/word/做梦/#zh
L5-0001,安慰,安慰,ānwèi,V/Adj,5,1-4,1-4,,False,https://forvo.com/word/安慰/#zh
L5-0002,岸,岸,àn,N,5,4,4,,False,https://forvo.com/word/岸/#zh
L5-0003,岸上,岸上,àn shang,,5,4-4,4-4,,False,https://forvo.com/word/岸上/#zh
L5-0004,按摩,按摩,ànmó,V,5,4-2,4-2,,False,https://forvo.com/word/按摩/#zh
L5-0005,拔,拔,bá,V,5,2,2,,False,https://forvo.com/word/拔/#zh
L5-0006,白酒,白酒,báijiǔ,N,5,2-3,2-3,,False,https://forvo.com/word/白酒/#zh
L5-0007,拜访,拜訪,bàifǎng,V,5,4-3,4-3,,False,https://forvo.com/word/拜访/#zh
L5-0008,版,版,bǎn,N,5,3,3,,False,https://forvo.com/word/版/#zh
L5-0009,扮演,扮演,bànyǎn,V,5,4-3,4-3,,False,https://forvo.com/word/扮演/#zh
L5-0010,棒,棒,bàng,Adj,5,4,4,,False,https://forvo.com/word/棒/#zh
L5-0011,包围,包圍,bāowéi,V,5,1-2,1-2,,False,https://forvo.com/word/包围/#zh
L5-0012,包装,包裝,bāozhuāng,V/N,5,1-1,1-1,,False,https://forvo.com/word/包装/#zh
L5-0013,保卫,保衛,bǎowèi,V,5,3-4,3-4,,False,https://forvo.com/word/保卫/#zh
L5-0014,保养,保養,bǎoyǎng,V,5,3-3,2-3,third_tone_sandhi,False,https://forvo.com/word/保养/#zh
L5-0015,报答,報答,bàodá,V,5,4-2,4-2,,False,https://forvo.com/word/报答/#zh
L5-0016,报警,報警,bàojǐng,,5,4-3,4-3,,False,https://forvo.com/word/报警/#zh
L5-0017,抱怨,抱怨,bàoyuàn,V,5,4-4,4-4,,False,https://forvo.com/word/抱怨/#zh
L5-0018,背包,背包,bēibāo,N,5,1-1,1-1,,False,https://forvo.com/word/背包/#zh
L5-0019,悲剧,悲劇,bēijù,N,5,1-4,1-4,,False,https://forvo.com/word/悲剧/#zh
L5-0020,悲伤,悲傷,bēishāng,Adj,5,1-1,1-1,,False,https://forvo.com/word/悲伤/#zh
L5-0021,北极,北極,běijí,N,5,3-2,3-2,,False,https://forvo.com/word/北极/#zh
L5-0022,被动,被動,bèidòng,Adj,5,4-4,4-4,,False,https://forvo.com/word/被动/#zh
L5-0023,辈,輩,bèi,N,5,4,4,,False,https://forvo.com/word/辈/#zh
L5-0024,本人,本人,běnrén,Pron,5,3-2,3-2,,False,https://forvo.com/word/本人/#zh
L5-0025,鼻子,鼻子,bízi,N,5,2-N,2-N,neutral_tone,False,https://forvo.com/word/鼻子/#zh
L5-0026,比方,比方,bǐfang,N/V,5,3-N,3-N,neutral_tone,False,https://forvo.com/word/比方/#zh
L5-0027,比重,比重,bǐzhòng,N,5,3-4,3-4,,False,https://forvo.com/word/比重/#zh
L5-0028,彼此,彼此,bǐcǐ,Pron,5,3-3,2-3,third_tone_sandhi,False,https://forvo.com/word/彼此/#zh
L5-0029,必,必,bì,Adv,5,4,4,,False,https://forvo.com/word/必/#zh
L5-0030,必需,必需,bìxū,V,5,4-1,4-1,,False,https://forvo.com/word/必需/#zh
L5-0031,毕竟,畢竟,bìjìng,Adv,5,4-4,4-4,,False,https://forvo.com/word/毕竟/#zh
L5-0032,闭幕,閉幕,bìmù,,5,4-4,4-4,,False,https://forvo.com/word/闭幕/#zh
L5-0033,闭幕式,閉幕式,bìmùshì,N,5,4-4-4,4-4-4,,False,https://forvo.com/word/闭幕式/#zh
L5-0034,边境,邊境,biānjìng,N,5,1-4,1-4,,False,https://forvo.com/word/边境/#zh
L5-0035,编辑,編輯,biānjí,V,5,1-2,1-2,,False,https://forvo.com/word/编辑/#zh
L5-0036,编辑,編輯,biānji,N,5,1-2,1-2,,False,https://forvo.com/word/编辑/#zh
L5-0037,变动,變動,biàndòng,V,5,4-4,4-4,,False,https://forvo.com/word/变动/#zh
L5-0038,便利,便利,biànlì,Adj/V,5,4-4,4-4,,False,https://forvo.com/word/便利/#zh
L5-0039,便条,便條,biàntiáo,N,5,4-2,4-2,,False,https://forvo.com/word/便条/#zh
L5-0040,便于,便於,biànyú,V,5,4-2,4-2,,False,https://forvo.com/word/便于/#zh
L5-0041,宾馆,賓館,bīnguǎn,N,5,1-3,1-3,,False,https://forvo.com/word/宾馆/#zh
L5-0042,饼,餅,bǐng,N,5,3,3,,False,https://forvo.com/word/饼/#zh
L5-0043,饼干,餅乾,bǐnggān,N,5,3-1,3-1,,False,https://forvo.com/word/饼干/#zh
L5-0044,病毒,病毒,bìngdú,N,5,4-2,4-2,,False,https://forvo.com/word/病毒/#zh
L5-0045,玻璃,玻璃,bōli,N,5,1-N,1-N,neutral_tone,False,https://forvo.com/word/玻璃/#zh
L5-0046,博客,博客,bókè,N,5,2-4,2-4,,False,https://forvo.com/word/博客/#zh
L5-0047,博览会,博覽會,bólǎnhuì,N,5,2-3-4,2-3-4,,False,https://forvo.com/word/博览会/#zh
L5-0048,博士,博士,bóshì,N,5,2-4,2-4,,False,https://forvo.com/word/博士/#zh
L5-0049,博物馆,博物館,bówùguǎn,N,5,2-4-3,2-4-3,,False,https://forvo.com/word/博物馆/#zh
L5-0050,薄弱,薄弱,bóruò,Adj,5,2-4,2-4,,False,https://forvo.com/word/薄弱/#zh
L5-0051,不顾,不顧,bùgù,V,5,4-4,2-4,bu_before_t4,False,https://forvo.com/word/不顾/#zh
L5-0052,不利,不利,bùlì,Adj,5,4-4,2-4,bu_before_t4,False,https://forvo.com/word/不利/#zh
L5-0053,不耐烦,不耐煩,bù nàifán,,5,4-4-2,2-4-2,bu_before_t4,False,https://forvo.com/word/不耐烦/#zh
L5-0054,不幸,不幸,bùxìng,Adj,5,4-4,2-4,bu_before_t4,False,https://forvo.com/word/不幸/#zh
L5-0055,不易,不易,bùyì,Adj,5,4-4,2-4,bu_before_t4,False,https://forvo.com/word/不易/#zh
L5-0056,补偿,補償,bǔcháng,V,5,3-2,3-2,,False,https://forvo.com/word/补偿/#zh
L5-0057,补贴,補貼,bǔtiē,V/N,5,3-1,3-1,,False,https://forvo.com/word/补贴/#zh
L5-0058,不曾,不曾,bùcéng,Adv,5,4-2,4-2,,False,https://forvo.com/word/不曾/#zh
L5-0059,不得了,不得了,bùdéliǎo,Adj,5,4-2-3,4-2-3,,False,https://forvo.com/word/不得了/#zh
L5-0060,不敢当,不敢當,bùgǎndāng,V,5,4-3-1,4-3-1,,False,https://forvo.com/word/不敢当/#zh
L5-0061,不良,不良,bùliáng,Adj,5,4-2,4-2,,False,https://forvo.com/word/不良/#zh
L5-0062,不免,不免,bùmiǎn,Adv,5,4-3,4-3,,False,https://forvo.com/word/不免/#zh
L5-0063,不能不,不能不,bù néng bù,,5,4-2-4,4-2-4,,False,https://forvo.com/word/不能不/#zh
L5-0064,不时,不時,bùshí,Adv,5,4-2,4-2,,False,https://forvo.com/word/不时/#zh
L5-0065,不停,不停,bù tíng,,5,4-2,4-2,,False,https://forvo.com/word/不停/#zh
L5-0066,不许,不許,bùxǔ,V,5,4-3,4-3,,False,https://forvo.com/word/不许/#zh
L5-0067,不止,不止,bùzhǐ,V,5,4-3,4-3,,False,https://forvo.com/word/不止/#zh
L5-0068,不足,不足,bùzú,Adj/V,5,4-2,4-2,,False,https://forvo.com/word/不足/#zh
L5-0069,部位,部位,bùwèi,N,5,4-4,4-4,,False,https://forvo.com/word/部位/#zh
L5-0070,猜,猜,cāi,V,5,1,1,,False,https://forvo.com/word/猜/#zh
L5-0071,猜测,猜測,cāicè,V,5,1-4,1-4,,False,https://forvo.com/word/猜测/#zh
L5-0072,裁判,裁判,cáipàn,V/N,5,2-4,2-4,,False,https://forvo.com/word/裁判/#zh
L5-0073,采购,採購,cǎigòu,V/N,5,3-4,3-4,,False,https://forvo.com/word/采购/#zh
L5-0074,彩票,彩票,cǎipiào,N,5,3-4,3-4,,False,https://forvo.com/word/彩票/#zh
L5-0075,餐馆,餐館,cānguǎn,N,5,1-3,1-3,,False,https://forvo.com/word/餐馆/#zh
L5-0076,餐厅,餐廳,cāntīng,N,5,1-1,1-1,,False,https://forvo.com/word/餐厅/#zh
L5-0077,餐饮,餐飲,cānyǐn,N,5,1-3,1-3,,False,https://forvo.com/word/餐饮/#zh
L5-0078,草原,草原,cǎoyuán,N,5,3-2,3-2,,False,https://forvo.com/word/草原/#zh
L5-0079,册,冊,cè,M,5,4,4,,False,https://forvo.com/word/册/#zh
L5-0080,层次,層次,céngcì,N,5,2-4,2-4,,False,https://forvo.com/word/层次/#zh
L5-0081,叉,叉,chā,V,5,1,1,,False,https://forvo.com/word/叉/#zh
L5-0082,叉子,叉子,chāzi,N,5,1-N,1-N,neutral_tone,False,https://forvo.com/word/叉子/#zh
L5-0083,差别,差別,chābié,N,5,1-2,1-2,,False,https://forvo.com/word/差别/#zh
L5-0084,差距,差距,chājù,N,5,1-4,1-4,,False,https://forvo.com/word/差距/#zh
L5-0085,插,插,chā,V,5,1,1,,False,https://forvo.com/word/插/#zh
L5-0086,查询,查詢,cháxún,V,5,2-2,2-2,,False,https://forvo.com/word/查询/#zh
L5-0087,差（一）点儿,差（一）點兒,chà(yī)diǎnr,Adv,5,4-3-N,4-3-N,neutral_tone,False,https://forvo.com/word/差（一）点儿/#zh
L5-0088,拆,拆,chāi,V,5,1,1,,False,https://forvo.com/word/拆/#zh
L5-0089,拆除,拆除,chāichú,V,5,1-2,1-2,,False,https://forvo.com/word/拆除/#zh
L5-0090,产业,產業,chǎnyè,N,5,3-4,3-4,,False,https://forvo.com/word/产业/#zh
L5-0091,长度,長度,chángdù,N,5,2-4,2-4,,False,https://forvo.com/word/长度/#zh
L5-0092,长寿,長壽,chángshòu,Adj,5,2-4,2-4,,False,https://forvo.com/word/长寿/#zh
L5-0093,肠,腸,cháng,N,5,2,2,,False,https://forvo.com/word/肠/#zh
L5-0094,尝,嚐,cháng,V,5,2,2,,False,https://forvo.com/word/尝/#zh
L5-0095,尝试,嘗試,chángshì,V/N,5,2-4,2-4,,False,https://forvo.com/word/尝试/#zh
L5-0096,厂长,廠長,chǎngzhǎng,N,5,3-3,2-3,third_tone_sandhi,False,https://forvo.com/word/厂长/#zh
L5-0097,场面,場面,chǎngmiàn,N,5,3-4,3-4,,False,https://forvo.com/word/场面/#zh
L5-0098,倡导,倡導,chàngdǎo,V,5,4-3,4-3,,False,https://forvo.com/word/倡导/#zh
L5-0099,超越,超越,chāoyuè,V,5,1-4,1-4,,False,https://forvo.com/word/超越/#zh
L5-0100,车主,車主,chēzhǔ,N,5,1-3,1-3,,False,https://forvo.com/word/车主/#zh
L5-0101,称2,稱2,chēng,V,5,1,1,,False,https://forvo.com/word/称2/#zh
L5-0102,称号,稱號,chēnghào,N,5,1-4,1-4,,False,https://forvo.com/word/称号/#zh
L5-0103,成本,成本,chéngběn,N,5,2-3,2-3,,False,https://forvo.com/word/成本/#zh
L5-0104,成交,成交,chéngjiāo,,5,2-1,2-1,,False,https://forvo.com/word/成交/#zh
L5-0105,成效,成效,chéngxiào,N,5,2-4,2-4,,False,https://forvo.com/word/成效/#zh
L5-0106,成语,成語,chéngyǔ,N,5,2-3,2-3,,False,https://forvo.com/word/成语/#zh
L5-0107,承办,承辦,chéngbàn,V,5,2-4,2-4,,False,https://forvo.com/word/承办/#zh
L5-0108,城里,城裡,chénglǐ,N,5,2-3,2-3,,False,https://forvo.com/word/城里/#zh
L5-0109,乘,乘,chéng,V,5,2,2,,False,https://forvo.com/word/乘/#zh
L5-0110,乘车,乘車,chéng chē,,5,2-1,2-1,,False,https://forvo.com/word/乘车/#zh
L5-0111,乘客,乘客,chéngkè,N,5,2-4,2-4,,False,https://forvo.com/word/乘客/#zh
L5-0112,乘坐,乘坐,chéngzuò,V,5,2-4,2-4,,False,https://forvo.com/word/乘坐/#zh
L5-0113,吃力,吃力,chīlì,Adj,5,1-4,1-4,,False,https://forvo.com/word/吃力/#zh
L5-0114,池子,池子,chízi,N,5,2-N,2-N,neutral_tone,False,https://forvo.com/word/池子/#zh
L5-0115,迟,遲,chí,Adj,5,2,2,,False,https://forvo.com/word/迟/#zh
L5-0116,冲动,衝動,chōngdòng,N/Adj,5,1-4,1-4,,False,https://forvo.com/word/冲动/#zh
L5-0117,冲突,衝突,chōngtū,V/N,5,1-1,1-1,,False,https://forvo.com/word/冲突/#zh
L5-0118,充足,充足,chōngzú,Adj,5,1-2,1-2,,False,https://forvo.com/word/充足/#zh
L5-0119,愁,愁,chóu,V,5,2,2,,False,https://forvo.com/word/愁/#zh
L5-0120,丑,醜,chǒu,Adj,5,3,3,,False,https://forvo.com/word/丑/#zh
L5-0121,臭,臭,chòu,Adj,5,4,4,,False,https://forvo.com/word/臭/#zh
L5-0122,出版,出版,chūbǎn,V,5,1-3,1-3,,False,https://forvo.com/word/出版/#zh
L5-0123,出差,出差,chūchāi,,5,1-1,1-1,,False,https://forvo.com/word/出差/#zh
L5-0124,出汗,出汗,chūhàn,,5,1-4,1-4,,False,https://forvo.com/word/出汗/#zh
L5-0125,出于,出於,chūyú,V,5,1-2,1-2,,False,https://forvo.com/word/出于/#zh
L5-0126,初期,初期,chūqī,N,5,1-1,1-1,,False,https://forvo.com/word/初期/#zh
L5-0127,除非,除非,chúfēi,Conj/Prep,5,2-1,2-1,,False,https://forvo.com/word/除非/#zh
L5-0128,除夕,除夕,chúxī,N,5,2-1,2-1,,False,https://forvo.com/word/除夕/#zh
L5-0129,厨房,廚房,chúfáng,N,5,2-2,2-2,,False,https://forvo.com/word/厨房/#zh
L5-0130,处罚,處罰,chǔfá,V/N,5,3-2,3-2,,False,https://forvo.com/word/处罚/#zh
L5-0131,处分,處分,chǔfèn,N/V,5,3-4,3-4,,False,https://forvo.com/word/处分/#zh
L5-0132,处在,處在,chǔzài,V,5,3-4,3-4,,False,https://forvo.com/word/处在/#zh
L5-0133,传达,傳達,chuándá,V,5,2-2,2-2,,False,https://forvo.com/word/传达/#zh
L5-0134,传递,傳遞,chuándì,V,5,2-4,2-4,,False,https://forvo.com/word/传递/#zh
L5-0135,传真,傳真,chuánzhēn,N/V,5,2-1,2-1,,False,https://forvo.com/word/传真/#zh
L5-0136,窗帘,窗簾,chuānglián,N,5,1-2,1-2,,False,https://forvo.com/word/窗帘/#zh
L5-0137,闯,闖,chuǎng,V,5,3,3,,False,https://forvo.com/word/闯/#zh
L5-0138,创立,創立,chuànglì,V,5,4-4,4-4,,False,https://forvo.com/word/创立/#zh
L5-0139,辞典,辭典,cídiǎn,N,5,2-3,2-3,,False,https://forvo.com/word/辞典/#zh
L5-0140,辞职,辭職,cízhí,,5,2-2,2-2,,False,https://forvo.com/word/辞职/#zh
L5-0141,此后,此後,cǐhòu,N,5,3-4,3-4,,False,https://forvo.com/word/此后/#zh
L5-0142,此刻,此刻,cǐkè,N,5,3-4,3-4,,False,https://forvo.com/word/此刻/#zh
L5-0143,此时,此時,cǐshí,N,5,3-2,3-2,,False,https://forvo.com/word/此时/#zh
L5-0144,聪明,聰明,cōngmíng,Adj,5,1-N,1-N,neutral_tone,False,https://forvo.com/word/聪明/#zh
L5-0145,从而,從而,cóng'ér,Conj,5,2-2,2-2,,False,https://forvo.com/word/从而/#zh
L5-0146,从中,從中,cóngzhōng,Adv,5,2-1,2-1,,False,https://forvo.com/word/从中/#zh
L5-0147,脆,脆,cuì,Adj,5,4,4,,False,https://forvo.com/word/脆/#zh
L5-0148,存款,存款,cúnkuǎn,N,5,2-3,2-3,,False,https://forvo.com/word/存款/#zh
L5-0149,寸,寸,cùn,M,5,4,4,,False,https://forvo.com/word/寸/#zh
L5-0150,达成,達成,dáchéng,V,5,2-2,2-2,,False,https://forvo.com/word/达成/#zh
L5-0151,答,答,dá,V,5,2,2,,False,https://forvo.com/word/答/#zh
L5-0152,答复,答覆,dáfù,V/N,5,2-4,2-4,,False,https://forvo.com/word/答复/#zh
L5-0153,打,打,dǎ,Prep,5,3,3,,False,https://forvo.com/word/打/#zh
L5-0154,打扮,打扮,dǎban,V,5,3-N,3-N,neutral_tone,False,https://forvo.com/word/打扮/#zh
L5-0155,打包,打包,dǎbāo,,5,3-1,3-1,,False,https://forvo.com/word/打包/#zh
L5-0156,打击,打擊,dǎjī,V,5,3-1,3-1,,False,https://forvo.com/word/打击/#zh
L5-0157,打架,打架,dǎjià,,5,3-4,3-4,,False,https://forvo.com/word/打架/#zh
L5-0158,打扰,打擾,dǎrǎo,V,5,3-3,2-3,third_tone_sandhi,False,https://forvo.com/word/打扰/#zh
L5-0159,大胆,大膽,dàdǎn,Adj,5,4-3,4-3,,False,https://forvo.com/word/大胆/#zh
L5-0160,大都,大都,dàdū,Adv,5,4-1,4-1,,False,https://forvo.com/word/大都/#zh
L5-0161,大纲,大綱,dàgāng,N,5,4-1,4-1,,False,https://forvo.com/word/大纲/#zh
L5-0162,大伙儿,大伙兒,dàhuǒr,Pron,5,4-3-N,4-3-N,neutral_tone,False,https://forvo.com/word/大伙儿/#zh
L5-0163,大奖赛,大獎賽,dàjiǎngsài,N,5,4-3-4,4-3-4,,False,https://forvo.com/word/大奖赛/#zh
L5-0164,大脑,大腦,dànǎo,N,5,4-3,4-3,,False,https://forvo.com/word/大脑/#zh
L5-0165,大事,大事,dàshì,N,5,4-4,4-4,,False,https://forvo.com/word/大事/#zh
L5-0166,大厅,大廳,dàtīng,N,5,4-1,4-1,,False,https://forvo.com/word/大厅/#zh
L5-0167,大象,大象,dàxiàng,N,5,4-4,4-4,,False,https://forvo.com/word/大象/#zh
L5-0168,大熊猫,大熊貓,dàxióngmāo,N,5,4-2-1,4-2-1,,False,https://forvo.com/word/大熊猫/#zh
L5-0169,大于,大於,dàyú,V,5,4-2,4-2,,False,https://forvo.com/word/大于/#zh
L5-0170,大致,大致,dàzhì,Adj/Adv,5,4-4,4-4,,False,https://forvo.com/word/大致/#zh
L5-0171,呆,呆,dāi,Adj,5,1,1,,False,https://forvo.com/word/呆/#zh
L5-0172,待,待,dāi,V,5,1,1,,False,https://forvo.com/word/待/#zh
L5-0173,代价,代價,dàijià,N,5,4-4,4-4,,False,https://forvo.com/word/代价/#zh
L5-0174,代理,代理,dàilǐ,V,5,4-3,4-3,,False,https://forvo.com/word/代理/#zh
L5-0175,带有,帶有,dàiyǒu,,5,4-3,4-3,,False,https://forvo.com/word/带有/#zh
L5-0176,贷款,貸款,dàikuǎn,V/N,5,4-3,4-3,,False,https://forvo.com/word/贷款/#zh
L5-0177,单一,單一,dānyī,Adj,5,1-1,1-1,,False,https://forvo.com/word/单一/#zh
L5-0178,胆,膽,dǎn,N,5,3,3,,False,https://forvo.com/word/胆/#zh
L5-0179,胆小,膽小,dǎnxiǎo,Adj,5,3-3,2-3,third_tone_sandhi,False,https://forvo.com/word/胆小/#zh
L5-0180,蛋糕,蛋糕,dàngāo,N,5,4-1,4-1,,False,https://forvo.com/word/蛋糕/#zh
L5-0181,当场,當場,dāngchǎng,Adv,5,1-3,1-3,,False,https://forvo.com/word/当场/#zh
L5-0182,当代,當代,dāngdài,N,5,1-4,1-4,,False,https://forvo.com/word/当代/#zh
L5-0183,当年,當年,dāngnián,N,5,1-2,1-2,,False,https://forvo.com/word/当年/#zh
L5-0184,当前,當前,dāngqián,N/V,5,1-2,1-2,,False,https://forvo.com/word/当前/#zh
L5-0185,当选,當選,dāngxuǎn,V,5,1-3,1-3,,False,https://forvo.com/word/当选/#zh
L5-0186,挡,擋,dǎng,V,5,3,3,,False,https://forvo.com/word/挡/#zh
L5-0187,到来,到來,dàolái,V,5,4-2,4-2,,False,https://forvo.com/word/到来/#zh
L5-0188,倒是,倒是,dàoshì,Adv,5,4-N,4-N,neutral_tone,False,https://forvo.com/word/倒是/#zh
L5-0189,道德,道德,dàodé,N,5,4-2,4-2,,False,https://forvo.com/word/道德/#zh
L5-0190,得了,得了,déle,V,5,2-N,2-N,neutral_tone,False,https://forvo.com/word/得了/#zh
L5-0191,得以,得以,déyǐ,V,5,2-3,2-3,,False,https://forvo.com/word/得以/#zh
L5-0192,等候,等候,děnghòu,V,5,3-4,3-4,,False,https://forvo.com/word/等候/#zh
L5-0193,等级,等級,děngjí,N,5,3-2,3-2,,False,https://forvo.com/word/等级/#zh
L5-0194,低于,低於,dīyú,,5,1-2,1-2,,False,https://forvo.com/word/低于/#zh
L5-0195,地带,地帶,dìdài,N,5,4-4,4-4,,False,https://forvo.com/word/地带/#zh
L5-0196,地形,地形,dìxíng,N,5,4-2,4-2,,False,https://forvo.com/word/地形/#zh
L5-0197,地震,地震,dìzhèn,N/V,5,4-4,4-4,,False,https://forvo.com/word/地震/#zh
L5-0198,递,遞,dì,V,5,4,4,,False,https://forvo.com/word/递/#zh
L5-0199,递给,遞給,dì gěi,,5,4-3,4-3,,False,https://forvo.com/word/递给/#zh
L5-0200,典礼,典禮,diǎnlǐ,N,5,3-3,2-3,third_tone_sandhi,False,https://forvo.com/word/典礼/#zh
L5-0201,点燃,點燃,diǎnrán,V,5,3-2,3-2,,False,https://forvo.com/word/点燃/#zh
L5-0202,电池,電池,diànchí,N,5,4-2,4-2,,False,https://forvo.com/word/电池/#zh
L5-0203,电饭锅,電飯鍋,diànfànguō,N,5,4-4-1,4-4-1,,False,https://forvo.com/word/电饭锅/#zh
L5-0204,电子版,電子版,diànzǐbǎn,N,5,4-3-3,4-2-3,third_tone_sandhi,False,https://forvo.com/word/电子版/#zh
L5-0205,调动,調動,diàodòng,V,5,4-4,4-4,,False,https://forvo.com/word/调动/#zh
L5-0206,丢,丟,diū,V,5,1,1,,False,https://forvo.com/word/丢/#zh
L5-0207,动机,動機,dòngjī,N,5,4-1,4-1,,False,https://forvo.com/word/动机/#zh
L5-0208,动手,動手,dòngshǒu,,5,4-3,4-3,,False,https://forvo.com/word/动手/#zh
L5-0209,动态,動態,dòngtài,N,5,4-4,4-4,,False,https://forvo.com/word/动态/#zh
L5-0210,动员,動員,dòngyuán,V,5,4-2,4-2,,False,https://forvo.com/word/动员/#zh
L5-0211,冻,凍,dòng,V,5,4,4,,False,https://forvo.com/word/冻/#zh
L5-0212,洞,洞,dòng,N,5,4,4,,False,https://forvo.com/word/洞/#zh
L5-0213,豆制品,豆製品,dòuzhìpǐn,N,5,4-4-3,4-4-3,,False,https://forvo.com/word/豆制品/#zh
L5-0214,毒,毒,dú,N/V/Adj,5,2,2,,False,https://forvo.com/word/毒/#zh
L5-0215,堆,堆,duī,V/N/M,5,1,1,,False,https://forvo.com/word/堆/#zh
L5-0216,对立,對立,duìlì,V,5,4-4,4-4,,False,https://forvo.com/word/对立/#zh
L5-0217,对应,對應,duìyìng,V,5,4-4,4-4,,False,https://forvo.com/word/对应/#zh
L5-0218,吨,噸,dūn,M,5,1,1,,False,https://forvo.com/word/吨/#zh
L5-0219,朵,朵,duǒ,M,5,3,3,,False,https://forvo.com/word/朵/#zh
L5-0220,躲,躲,duǒ,V,5,3,3,,False,https://forvo.com/word/躲/#zh
L5-0221,儿女,兒女,érnǚ,N,5,2-3,2-3,,False,https://forvo.com/word/儿女/#zh
L5-0222,耳朵,耳朵,ěrduo,N,5,3-N,3-N,neutral_tone,False,https://forvo.com/word/耳朵/#zh
L5-0223,二维码,二維碼,èrwéimǎ,N,5,4-2-3,4-2-3,,False,https://forvo.com/word/二维码/#zh
L5-0224,发布,發布,fābù,V,5,1-4,1-4,,False,https://forvo.com/word/发布/#zh
L5-0225,发觉,發覺,fājué,V,5,1-2,1-2,,False,https://forvo.com/word/发觉/#zh
L5-0226,发射,發射,fāshè,V,5,1-4,1-4,,False,https://forvo.com/word/发射/#zh
L5-0227,发行,發行,fāxíng,V,5,1-2,1-2,,False,https://forvo.com/word/发行/#zh
L5-0228,罚,罰,fá,V,5,2,2,,False,https://forvo.com/word/罚/#zh
L5-0229,罚款,罰款,fákuǎn,N,5,2-3,2-3,,False,https://forvo.com/word/罚款/#zh
L5-0230,法规,法規,fǎguī,N,5,3-1,3-1,,False,https://forvo.com/word/法规/#zh
L5-0231,法制,法制,fǎzhì,N,5,3-4,3-4,,False,https://forvo.com/word/法制/#zh
L5-0232,繁荣,繁榮,fánróng,Adj/V,5,2-2,2-2,,False,https://forvo.com/word/繁荣/#zh
L5-0233,返回,返回,fǎnhuí,V,5,3-2,3-2,,False,https://forvo.com/word/返回/#zh
L5-0234,防治,防治,fángzhì,V,5,2-4,2-4,,False,https://forvo.com/word/防治/#zh
L5-0235,放大,放大,fàngdà,V,5,4-4,4-4,,False,https://forvo.com/word/放大/#zh
L5-0236,放弃,放棄,fàngqì,V,5,4-4,4-4,,False,https://forvo.com/word/放弃/#zh
L5-0237,分成,分成,fēnchéng,,5,1-2,1-2,,False,https://forvo.com/word/分成/#zh
L5-0238,分解,分解,fēnjiě,V,5,1-3,1-3,,False,https://forvo.com/word/分解/#zh
L5-0239,分类,分類,fēnlèi,,5,1-4,1-4,,False,https://forvo.com/word/分类/#zh
L5-0240,分离,分離,fēnlí,V,5,1-2,1-2,,False,https://forvo.com/word/分离/#zh
L5-0241,分析,分析,fēnxī,V,5,1-1,1-1,,False,https://forvo.com/word/分析/#zh
L5-0242,分享,分享,fēnxiǎng,V,5,1-3,1-3,,False,https://forvo.com/word/分享/#zh
L5-0243,丰收,豐收,fēngshōu,V,5,1-1,1-1,,False,https://forvo.com/word/丰收/#zh
L5-0244,风度,風度,fēngdù,N,5,1-4,1-4,,False,https://forvo.com/word/风度/#zh
L5-0245,风光,風光,fēngguāng,N,5,1-1,1-1,,False,https://forvo.com/word/风光/#zh
L5-0246,封,封,fēng,V,5,1,1,,False,https://forvo.com/word/封/#zh
L5-0247,疯,瘋,fēng,Adj,5,1,1,,False,https://forvo.com/word/疯/#zh
L5-0248,疯狂,瘋狂,fēngkuáng,Adj,5,1-2,1-2,,False,https://forvo.com/word/疯狂/#zh
L5-0249,扶,扶,fú,V,5,2,2,,False,https://forvo.com/word/扶/#zh
L5-0250,服从,服從,fúcóng,V,5,2-2,2-2,,False,https://forvo.com/word/服从/#zh
L5-0251,幅,幅,fú,M,5,2,2,,False,https://forvo.com/word/幅/#zh
L5-0252,幅度,幅度,fúdù,N,5,2-4,2-4,,False,https://forvo.com/word/幅度/#zh
L5-0253,福利,福利,fúlì,N,5,2-4,2-4,,False,https://forvo.com/word/福利/#zh
L5-0254,辅助,輔助,fǔzhù,V,5,3-4,3-4,,False,https://forvo.com/word/辅助/#zh
L5-0255,负责人,負責人,fùzérén,N,5,4-2-2,4-2-2,,False,https://forvo.com/word/负责人/#zh
L5-0256,附件,附件,fùjiàn,N,5,4-4,4-4,,False,https://forvo.com/word/附件/#zh
L5-0257,改革,改革,gǎigé,V/N,5,3-2,3-2,,False,https://forvo.com/word/改革/#zh
L5-0258,干脆,乾脆,gāncuì,Adj/Adv,5,1-4,1-4,,False,https://forvo.com/word/干脆/#zh
L5-0259,干扰,干擾,gānrǎo,V,5,1-3,1-3,,False,https://forvo.com/word/干扰/#zh
L5-0260,干预,干預,gānyù,V,5,1-4,1-4,,False,https://forvo.com/word/干预/#zh
L5-0261,感想,感想,gǎnxiǎng,N,5,3-3,2-3,third_tone_sandhi,False,https://forvo.com/word/感想/#zh
L5-0262,钢笔,鋼筆,gāngbǐ,N,5,1-3,1-3,,False,https://forvo.com/word/钢笔/#zh
L5-0263,钢琴,鋼琴,gāngqín,N,5,1-2,1-2,,False,https://forvo.com/word/钢琴/#zh
L5-0264,高大,高大,gāodà,Adj,5,1-4,1-4,,False,https://forvo.com/word/高大/#zh
L5-0265,高度,高度,gāodù,N/Adj,5,1-4,1-4,,False,https://forvo.com/word/高度/#zh
L5-0266,高跟鞋,高跟鞋,gāogēnxié,N,5,1-1-2,1-1-2,,False,https://forvo.com/word/高跟鞋/#zh
L5-0267,高温,高溫,gāowēn,N,5,1-1,1-1,,False,https://forvo.com/word/高温/#zh
L5-0268,高于,高於,gāoyú,V,5,1-2,1-2,,False,https://forvo.com/word/高于/#zh
L5-0269,高原,高原,gāoyuán,N,5,1-2,1-2,,False,https://forvo.com/word/高原/#zh
L5-0270,搞,搞,gǎo,V,5,3,3,,False,https://forvo.com/word/搞/#zh
L5-0271,搞好,搞好,gǎohǎo,,5,3-3,2-3,third_tone_sandhi,False,https://forvo.com/word/搞好/#zh
L5-0272,歌曲,歌曲,gēqǔ,N,5,1-3,1-3,,False,https://forvo.com/word/歌曲/#zh
L5-0273,隔壁,隔壁,gébì,N,5,2-4,2-4,,False,https://forvo.com/word/隔壁/#zh
L5-0274,个儿,個兒,gèr,N,5,4-N,4-N,neutral_tone,False,https://forvo.com/word/个儿/#zh
L5-0275,跟前,跟前,gēnqián,N,5,1-2,1-2,,False,https://forvo.com/word/跟前/#zh
L5-0276,跟随,跟隨,gēnsuí,V,5,1-2,1-2,,False,https://forvo.com/word/跟随/#zh
L5-0277,更换,更換,gēnghuàn,V,5,1-4,1-4,,False,https://forvo.com/word/更换/#zh
L5-0278,更新,更新,gēngxīn,V,5,1-1,1-1,,False,https://forvo.com/word/更新/#zh
L5-0279,工艺,工藝,gōngyì,N,5,1-4,1-4,,False,https://forvo.com/word/工艺/#zh
L5-0280,工作日,工作日,gōngzuòrì,N,5,1-4-4,1-4-4,,False,https://forvo.com/word/工作日/#zh
L5-0281,公告,公告,gōnggào,N,5,1-4,1-4,,False,https://forvo.com/word/公告/#zh
L5-0282,公认,公認,gōngrèn,V,5,1-4,1-4,,False,https://forvo.com/word/公认/#zh
L5-0283,公式,公式,gōngshì,N,5,1-4,1-4,,False,https://forvo.com/word/公式/#zh
L5-0284,公正,公正,gōngzhèng,Adj,5,1-4,1-4,,False,https://forvo.com/word/公正/#zh
L5-0285,共计,共計,gòngjì,V,5,4-4,4-4,,False,https://forvo.com/word/共计/#zh
L5-0286,共享,共享,gòngxiǎng,V,5,4-3,4-3,,False,https://forvo.com/word/共享/#zh
L5-0287,沟,溝,gōu,N,5,1,1,,False,https://forvo.com/word/沟/#zh
L5-0288,沟通,溝通,gōutōng,V,5,1-1,1-1,,False,https://forvo.com/word/沟通/#zh
L5-0289,估计,估計,gūjì,V,5,1-4,1-4,,False,https://forvo.com/word/估计/#zh
L5-0290,古老,古老,gǔlǎo,Adj,5,3-3,2-3,third_tone_sandhi,False,https://forvo.com/word/古老/#zh
L5-0291,鼓,鼓,gǔ,N/V,5,3,3,,False,https://forvo.com/word/鼓/#zh
L5-0292,鼓励,鼓勵,gǔlì,V/N,5,3-4,3-4,,False,https://forvo.com/word/鼓励/#zh
L5-0293,鼓掌,鼓掌,gǔzhǎng,,5,3-3,2-3,third_tone_sandhi,False,https://forvo.com/word/鼓掌/#zh
L5-0294,顾问,顧問,gùwèn,N,5,4-4,4-4,,False,https://forvo.com/word/顾问/#zh
L5-0295,怪,怪,guài,V,5,4,4,,False,https://forvo.com/word/怪/#zh
L5-0296,关怀,關懷,guānhuái,V,5,1-2,1-2,,False,https://forvo.com/word/关怀/#zh
L5-0297,关键,關鍵,guānjiàn,N,5,1-4,1-4,,False,https://forvo.com/word/关键/#zh
L5-0298,冠军,冠軍,guànjūn,N,5,4-1,4-1,,False,https://forvo.com/word/冠军/#zh
L5-0299,光荣,光榮,guāngróng,Adj/N,5,1-2,1-2,,False,https://forvo.com/word/光荣/#zh
L5-0300,光线,光線,guāngxiàn,N,5,1-4,1-4,,False,https://forvo.com/word/光线/#zh
L5-0301,广,廣,guǎng,Adj,5,3,3,,False,https://forvo.com/word/广/#zh
L5-0302,广泛,廣泛,guǎngfàn,Adj,5,3-4,3-4,,False,https://forvo.com/word/广泛/#zh
L5-0303,规划,規劃,guīhuà,N/V,5,1-4,1-4,,False,https://forvo.com/word/规划/#zh
L5-0304,鬼,鬼,guǐ,N,5,3,3,,False,https://forvo.com/word/鬼/#zh
L5-0305,柜子,櫃子,guìzi,N,5,4-N,4-N,neutral_tone,False,https://forvo.com/word/柜子/#zh
L5-0306,滚,滾,gǔn,V,5,3,3,,False,https://forvo.com/word/滚/#zh
L5-0307,锅,鍋,guō,N,5,1,1,,False,https://forvo.com/word/锅/#zh
L5-0308,国籍,國籍,guójí,N,5,2-2,2-2,,False,https://forvo.com/word/国籍/#zh
L5-0309,国民,國民,guómín,N,5,2-2,2-2,,False,https://forvo.com/word/国民/#zh
L5-0310,过度,過度,guòdù,Adj,5,4-4,4-4,,False,https://forvo.com/word/过度/#zh
L5-0311,过敏,過敏,guòmǐn,V/Adj,5,4-3,4-3,,False,https://forvo.com/word/过敏/#zh
L5-0312,过于,過於,guòyú,Adv,5,4-2,4-2,,False,https://forvo.com/word/过于/#zh
L5-0313,害,害,hài,N/V,5,4,4,,False,https://forvo.com/word/害/#zh
L5-0314,汗,汗,hàn,N,5,4,4,,False,https://forvo.com/word/汗/#zh
L5-0315,好运,好運,hǎoyùn,N,5,3-4,3-4,,False,https://forvo.com/word/好运/#zh
L5-0316,号召,號召,hàozhào,V/N,5,4-4,4-4,,False,https://forvo.com/word/号召/#zh
L5-0317,合并,合併,hébìng,V,5,2-4,2-4,,False,https://forvo.com/word/合并/#zh
L5-0318,合成,合成,héchéng,V,5,2-2,2-2,,False,https://forvo.com/word/合成/#zh
L5-0319,盒,盒,hé,N/M,5,2,2,,False,https://forvo.com/word/盒/#zh
L5-0320,盒饭,盒飯,héfàn,N,5,2-4,2-4,,False,https://forvo.com/word/盒饭/#zh
L5-0321,盒子,盒子,hézi,N,5,2-N,2-N,neutral_tone,False,https://forvo.com/word/盒子/#zh
L5-0322,贺卡,賀卡,hèkǎ,N,5,4-3,4-3,,False,https://forvo.com/word/贺卡/#zh
L5-0323,恨,恨,hèn,V,5,4,4,,False,https://forvo.com/word/恨/#zh
L5-0324,猴,猴,hóu,N,5,2,2,,False,https://forvo.com/word/猴/#zh
L5-0325,后悔,後悔,hòuhuǐ,V,5,4-3,4-3,,False,https://forvo.com/word/后悔/#zh
L5-0326,胡同儿,胡同兒,hútòngr,N,5,2-4-N,2-4-N,neutral_tone,False,https://forvo.com/word/胡同儿/#zh
L5-0327,胡子,鬍子,húzi,N,5,2-N,2-N,neutral_tone,False,https://forvo.com/word/胡子/#zh
L5-0328,虎,虎,hǔ,N,5,3,3,,False,https://forvo.com/word/虎/#zh
L5-0329,华语,華語,Huáyǔ,N,5,2-3,2-3,,False,https://forvo.com/word/华语/#zh
L5-0330,滑,滑,huá,Adj/V,5,2,2,,False,https://forvo.com/word/滑/#zh
L5-0331,化石,化石,huàshí,N,5,4-2,4-2,,False,https://forvo.com/word/化石/#zh
L5-0332,划分,劃分,huàfēn,V,5,4-1,4-1,,False,https://forvo.com/word/划分/#zh
L5-0333,画面,畫面,huàmiàn,N,5,4-4,4-4,,False,https://forvo.com/word/画面/#zh
L5-0334,环节,環節,huánjié,N,5,2-2,2-2,,False,https://forvo.com/word/环节/#zh
L5-0335,慌,慌,huāng,Adj,5,1,1,,False,https://forvo.com/word/慌/#zh
L5-0336,慌忙,慌忙,huāngmáng,Adj,5,1-2,1-2,,False,https://forvo.com/word/慌忙/#zh
L5-0337,灰色,灰色,huīsè,N/Adj,5,1-4,1-4,,False,https://forvo.com/word/灰色/#zh
L5-0338,恢复,恢復,huīfù,V,5,1-4,1-4,,False,https://forvo.com/word/恢复/#zh
L5-0339,回报,回報,huíbào,V,5,2-4,2-4,,False,https://forvo.com/word/回报/#zh
L5-0340,回避,迴避,huíbì,V,5,2-4,2-4,,False,https://forvo.com/word/回避/#zh
L5-0341,回顾,回顧,huígù,V,5,2-4,2-4,,False,https://forvo.com/word/回顾/#zh
L5-0342,回收,回收,huíshōu,V,5,2-1,2-1,,False,https://forvo.com/word/回收/#zh
L5-0343,回头,回頭,huítóu,Adv,5,2-2,2-2,,False,https://forvo.com/word/回头/#zh
L5-0344,回信,回信,huíxìn,N,5,2-4,2-4,,False,https://forvo.com/word/回信/#zh
L5-0345,回忆,回憶,huíyì,V,5,2-4,2-4,,False,https://forvo.com/word/回忆/#zh
L5-0346,汇款,匯款,huìkuǎn,,5,4-3,4-3,,False,https://forvo.com/word/汇款/#zh
L5-0347,会谈,會談,huìtán,V/N,5,4-2,4-2,,False,https://forvo.com/word/会谈/#zh
L5-0348,活力,活力,huólì,N,5,2-4,2-4,,False,https://forvo.com/word/活力/#zh
L5-0349,活泼,活潑,huópō,Adj,5,2-N,2-N,neutral_tone,False,https://forvo.com/word/活泼/#zh
L5-0350,火柴,火柴,huǒchái,N,5,3-2,3-2,,False,https://forvo.com/word/火柴/#zh
L5-0351,火腿,火腿,huǒtuǐ,N,5,3-3,2-3,third_tone_sandhi,False,https://forvo.com/word/火腿/#zh
L5-0352,火灾,火災,huǒzāi,N,5,3-1,3-1,,False,https://forvo.com/word/火灾/#zh
L5-0353,或是,或是,huòshì,Conj,5,4-4,4-4,,False,https://forvo.com/word/或是/#zh
L5-0354,机器人,機器人,jīqìrén,N,5,1-4-2,1-4-2,,False,https://forvo.com/word/机器人/#zh
L5-0355,机制,機制,jīzhì,N,5,1-4,1-4,,False,https://forvo.com/word/机制/#zh
L5-0356,肌肉,肌肉,jīròu,N,5,1-4,1-4,,False,https://forvo.com/word/肌肉/#zh
L5-0357,基地,基地,jīdì,N,5,1-4,1-4,,False,https://forvo.com/word/基地/#zh
L5-0358,基金,基金,jījīn,N,5,1-1,1-1,,False,https://forvo.com/word/基金/#zh
L5-0359,即使,即使,jíshǐ,Conj,5,2-3,2-3,,False,https://forvo.com/word/即使/#zh
L5-0360,集团,集團,jítuán,N,5,2-2,2-2,,False,https://forvo.com/word/集团/#zh
L5-0361,挤,擠,jǐ,V/Adj,5,3,3,,False,https://forvo.com/word/挤/#zh
L5-0362,记忆,記憶,jìyì,V/N,5,4-4,4-4,,False,https://forvo.com/word/记忆/#zh
L5-0363,技能,技能,jìnéng,N,5,4-2,4-2,,False,https://forvo.com/word/技能/#zh
L5-0364,继承,繼承,jìchéng,V,5,4-2,4-2,,False,https://forvo.com/word/继承/#zh
L5-0365,加热,加熱,jiārè,,5,1-4,1-4,,False,https://forvo.com/word/加热/#zh
L5-0366,加上,加上,jiāshàng,Conj,5,1-4,1-4,,False,https://forvo.com/word/加上/#zh
L5-0367,加速,加速,jiāsù,V,5,1-4,1-4,,False,https://forvo.com/word/加速/#zh
L5-0368,加以,加以,jiāyǐ,V/Conj,5,1-3,1-3,,False,https://forvo.com/word/加以/#zh
L5-0369,夹,夾,jiā,V,5,1,1,,False,https://forvo.com/word/夹/#zh
L5-0370,甲,甲,jiǎ,N,5,3,3,,False,https://forvo.com/word/甲/#zh
L5-0371,价,價,jià,N,5,4,4,,False,https://forvo.com/word/价/#zh
L5-0372,驾驶,駕駛,jiàshǐ,V,5,4-3,4-3,,False,https://forvo.com/word/驾驶/#zh
L5-0373,驾照,駕照,jiàzhào,N,5,4-4,4-4,,False,https://forvo.com/word/驾照/#zh
L5-0374,坚定,堅定,jiāndìng,Adj/V,5,1-4,1-4,,False,https://forvo.com/word/坚定/#zh
L5-0375,肩,肩,jiān,N,5,1,1,,False,https://forvo.com/word/肩/#zh
L5-0376,艰苦,艱苦,jiānkǔ,Adj,5,1-3,1-3,,False,https://forvo.com/word/艰苦/#zh
L5-0377,艰难,艱難,jiānnán,Adj,5,1-2,1-2,,False,https://forvo.com/word/艰难/#zh
L5-0378,检验,檢驗,jiǎnyàn,V,5,3-4,3-4,,False,https://forvo.com/word/检验/#zh
L5-0379,减轻,減輕,jiǎnqīng,V,5,3-1,3-1,,False,https://forvo.com/word/减轻/#zh
L5-0380,剪,剪,jiǎn,V,5,3,3,,False,https://forvo.com/word/剪/#zh
L5-0381,剪刀,剪刀,jiǎndāo,N,5,3-1,3-1,,False,https://forvo.com/word/剪刀/#zh
L5-0382,剪子,剪子,jiǎnzi,N,5,3-N,3-N,neutral_tone,False,https://forvo.com/word/剪子/#zh
L5-0383,间接,間接,jiànjiē,Adj,5,4-1,4-1,,False,https://forvo.com/word/间接/#zh
L5-0384,建造,建造,jiànzào,V,5,4-4,4-4,,False,https://forvo.com/word/建造/#zh
L5-0385,建筑,建築,jiànzhù,V/N,5,4-4,4-4,,False,https://forvo.com/word/建筑/#zh
L5-0386,健全,健全,jiànquán,Adj/V,5,4-2,4-2,,False,https://forvo.com/word/健全/#zh
L5-0387,键,鍵,jiàn,N,5,4,4,,False,https://forvo.com/word/键/#zh
L5-0388,键盘,鍵盤,jiànpán,N,5,4-2,4-2,,False,https://forvo.com/word/键盘/#zh
L5-0389,将,將,jiāng,Adv/Prep,5,1,1,,False,https://forvo.com/word/将/#zh
L5-0390,将要,將要,jiāngyào,Adv,5,1-4,1-4,,False,https://forvo.com/word/将要/#zh
L5-0391,奖励,獎勵,jiǎnglì,V/N,5,3-4,3-4,,False,https://forvo.com/word/奖励/#zh
L5-0392,交代,交代,jiāodài,V,5,1-4,1-4,,False,https://forvo.com/word/交代/#zh
L5-0393,郊区,郊區,jiāoqū,N,5,1-1,1-1,,False,https://forvo.com/word/郊区/#zh
L5-0394,胶带,膠帶,jiāodài,N,5,1-4,1-4,,False,https://forvo.com/word/胶带/#zh
L5-0395,胶水,膠水,jiāoshuǐ,N,5,1-3,1-3,,False,https://forvo.com/word/胶水/#zh
L5-0396,脚步,腳步,jiǎobù,N,5,3-4,3-4,,False,https://forvo.com/word/脚步/#zh
L5-0397,接触,接觸,jiēchù,V,5,1-4,1-4,,False,https://forvo.com/word/接触/#zh
L5-0398,接连,接連,jiēlián,Adv,5,1-2,1-2,,False,https://forvo.com/word/接连/#zh
L5-0399,解除,解除,jiěchú,V,5,3-2,3-2,,False,https://forvo.com/word/解除/#zh
L5-0400,解放,解放,jiěfàng,V,5,3-4,3-4,,False,https://forvo.com/word/解放/#zh
L5-0401,戒,戒,jiè,V,5,4,4,,False,https://forvo.com/word/戒/#zh
L5-0402,届,屆,jiè,M,5,4,4,,False,https://forvo.com/word/届/#zh
L5-0403,今日,今日,jīnrì,N,5,1-4,1-4,,False,https://forvo.com/word/今日/#zh
L5-0404,尽管,儘管,jǐnguǎn,Adv/Conj,5,3-3,2-3,third_tone_sandhi,False,https://forvo.com/word/尽管/#zh
L5-0405,紧紧,緊緊,jǐnjǐn,,5,3-3,2-3,third_tone_sandhi,False,https://forvo.com/word/紧紧/#zh
L5-0406,尽可能,盡可能,jìn kěnéng,,5,4-3-2,4-3-2,,False,https://forvo.com/word/尽可能/#zh
L5-0407,进化,進化,jìnhuà,V,5,4-4,4-4,,False,https://forvo.com/word/进化/#zh
L5-0408,近来,近來,jìnlái,N,5,4-2,4-2,,False,https://forvo.com/word/近来/#zh
L5-0409,经费,經費,jīngfèi,N,5,1-4,1-4,,False,https://forvo.com/word/经费/#zh
L5-0410,景象,景象,jǐngxiàng,N,5,3-4,3-4,,False,https://forvo.com/word/景象/#zh
L5-0411,警告,警告,jǐnggào,V/N,5,3-4,3-4,,False,https://forvo.com/word/警告/#zh
L5-0412,竞赛,競賽,jìngsài,V,5,4-4,4-4,,False,https://forvo.com/word/竞赛/#zh
L5-0413,竞争,競爭,jìngzhēng,V,5,4-1,4-1,,False,https://forvo.com/word/竞争/#zh
L5-0414,酒鬼,酒鬼,jiǔguǐ,N,5,3-3,2-3,third_tone_sandhi,False,https://forvo.com/word/酒鬼/#zh
L5-0415,救灾,救災,jiùzāi,,5,4-1,4-1,,False,https://forvo.com/word/救灾/#zh
L5-0416,居然,居然,jūrán,Adv,5,1-2,1-2,,False,https://forvo.com/word/居然/#zh
L5-0417,局面,局面,júmiàn,N,5,2-4,2-4,,False,https://forvo.com/word/局面/#zh
L5-0418,局长,局長,júzhǎng,N,5,2-3,2-3,,False,https://forvo.com/word/局长/#zh
L5-0419,举动,舉動,jǔdòng,N,5,3-4,3-4,,False,https://forvo.com/word/举动/#zh
L5-0420,拒绝,拒絕,jùjué,V,5,4-2,4-2,,False,https://forvo.com/word/拒绝/#zh
L5-0421,俱乐部,俱樂部,jùlèbù,N,5,4-4-4,4-4-4,,False,https://forvo.com/word/俱乐部/#zh
L5-0422,剧本,劇本,jùběn,N,5,4-3,4-3,,False,https://forvo.com/word/剧本/#zh
L5-0423,决不,決不,jué bù,,5,2-4,2-4,,False,https://forvo.com/word/决不/#zh
L5-0424,绝望,絕望,juéwàng,,5,2-4,2-4,,False,https://forvo.com/word/绝望/#zh
L5-0425,军人,軍人,jūnrén,N,5,1-2,1-2,,False,https://forvo.com/word/军人/#zh
L5-0426,开幕,開幕,kāimù,,5,1-4,1-4,,False,https://forvo.com/word/开幕/#zh
L5-0427,开幕式,開幕式,kāimùshì,N,5,1-4-4,1-4-4,,False,https://forvo.com/word/开幕式/#zh
L5-0428,看成,看成,kànchéng,,5,4-2,4-2,,False,https://forvo.com/word/看成/#zh
L5-0429,看出,看出,kànchū,,5,4-1,4-1,,False,https://forvo.com/word/看出/#zh
L5-0430,看待,看待,kàndài,V,5,4-4,4-4,,False,https://forvo.com/word/看待/#zh
L5-0431,考核,考核,kǎohé,V,5,3-2,3-2,,False,https://forvo.com/word/考核/#zh
L5-0432,烤肉,烤肉,kǎoròu,N,5,3-4,3-4,,False,https://forvo.com/word/烤肉/#zh
L5-0433,烤鸭,烤鴨,kǎoyā,N,5,3-1,3-1,,False,https://forvo.com/word/烤鸭/#zh
L5-0434,靠近,靠近,kàojìn,V,5,4-4,4-4,,False,https://forvo.com/word/靠近/#zh
L5-0435,颗,顆,kē,M,5,1,1,,False,https://forvo.com/word/颗/#zh
L5-0436,咳,咳,ké,V,5,2,2,,False,https://forvo.com/word/咳/#zh
L5-0437,可,可,kě,Adv/Conj,5,3,3,,False,https://forvo.com/word/可/#zh
L5-0438,可怜,可憐,kělián,Adj/V,5,3-2,3-2,,False,https://forvo.com/word/可怜/#zh
L5-0439,可惜,可惜,kěxī,Adj,5,3-1,3-1,,False,https://forvo.com/word/可惜/#zh
L5-0440,渴望,渴望,kěwàng,V,5,3-4,3-4,,False,https://forvo.com/word/渴望/#zh
L5-0441,刻,刻,kè,V,5,4,4,,False,https://forvo.com/word/刻/#zh
L5-0442,客户,客戶,kèhù,N,5,4-4,4-4,,False,https://forvo.com/word/客户/#zh
L5-0443,客气,客氣,kèqi,Adj/V,5,4-N,4-N,neutral_tone,False,https://forvo.com/word/客气/#zh
L5-0444,客厅,客廳,kètīng,N,5,4-1,4-1,,False,https://forvo.com/word/客厅/#zh
L5-0445,课题,課題,kètí,N,5,4-2,4-2,,False,https://forvo.com/word/课题/#zh
L5-0446,肯定,肯定,kěndìng,V/Adj,5,3-4,3-4,,False,https://forvo.com/word/肯定/#zh
L5-0447,空中,空中,kōngzhōng,N,5,1-1,1-1,,False,https://forvo.com/word/空中/#zh
L5-0448,控制,控制,kòngzhì,V,5,4-4,4-4,,False,https://forvo.com/word/控制/#zh
L5-0449,口号,口號,kǒuhào,N,5,3-4,3-4,,False,https://forvo.com/word/口号/#zh
L5-0450,库,庫,kù,N,5,4,4,,False,https://forvo.com/word/库/#zh
L5-0451,快活,快活,kuàihuo,Adj,5,4-N,4-N,neutral_tone,False,https://forvo.com/word/快活/#zh
L5-0452,宽度,寬度,kuāndù,N,5,1-4,1-4,,False,https://forvo.com/word/宽度/#zh
L5-0453,狂,狂,kuáng,Adj,5,2,2,,False,https://forvo.com/word/狂/#zh
L5-0454,亏,虧,kuī,V,5,1,1,,False,https://forvo.com/word/亏/#zh
L5-0455,困扰,困擾,kùnrǎo,V,5,4-3,4-3,,False,https://forvo.com/word/困扰/#zh
L5-0456,落,落,là,V,5,4,4,,False,https://forvo.com/word/落/#zh
L5-0457,来信,來信,láixìn,N,5,2-4,2-4,,False,https://forvo.com/word/来信/#zh
L5-0458,烂,爛,làn,Adj,5,4,4,,False,https://forvo.com/word/烂/#zh
L5-0459,朗读,朗讀,lǎngdú,V,5,3-2,3-2,,False,https://forvo.com/word/朗读/#zh
L5-0460,浪漫,浪漫,làngmàn,Adj,5,4-4,4-4,,False,https://forvo.com/word/浪漫/#zh
L5-0461,劳动,勞動,láodòng,V/N,5,2-4,2-4,,False,https://forvo.com/word/劳动/#zh
L5-0462,梨,梨,lí,N,5,2,2,,False,https://forvo.com/word/梨/#zh
L5-0463,礼,禮,lǐ,N,5,3,3,,False,https://forvo.com/word/礼/#zh
L5-0464,礼拜,禮拜,lǐbài,N/V,5,3-4,3-4,,False,https://forvo.com/word/礼拜/#zh
L5-0465,礼貌,禮貌,lǐmào,N/Adj,5,3-4,3-4,,False,https://forvo.com/word/礼貌/#zh
L5-0466,厉害,厲害,lìhai,Adj,5,4-N,4-N,neutral_tone,False,https://forvo.com/word/厉害/#zh
L5-0467,立,立,lì,V,5,4,4,,False,https://forvo.com/word/立/#zh
L5-0468,立场,立場,lìchǎng,N,5,4-3,4-3,,False,https://forvo.com/word/立场/#zh
L5-0469,利润,利潤,lìrùn,N,5,4-4,4-4,,False,https://forvo.com/word/利润/#zh
L5-0470,例外,例外,lìwài,V/N,5,4-4,4-4,,False,https://forvo.com/word/例外/#zh
L5-0471,连接,連接,liánjiē,V,5,2-1,2-1,,False,https://forvo.com/word/连接/#zh
L5-0472,联络,聯絡,liánluò,V,5,2-4,2-4,,False,https://forvo.com/word/联络/#zh
L5-0473,联想,聯想,liánxiǎng,V,5,2-3,2-3,,False,https://forvo.com/word/联想/#zh
L5-0474,脸盆,臉盆,liǎnpén,N,5,3-2,3-2,,False,https://forvo.com/word/脸盆/#zh
L5-0475,脸色,臉色,liǎnsè,N,5,3-4,3-4,,False,https://forvo.com/word/脸色/#zh
L5-0476,恋爱,戀愛,liàn'ài,V/N,5,4-4,4-4,,False,https://forvo.com/word/恋爱/#zh
L5-0477,两岸,兩岸,liǎng'àn,N,5,3-4,3-4,,False,https://forvo.com/word/两岸/#zh
L5-0478,邻居,鄰居,línjū,N,5,2-1,2-1,,False,https://forvo.com/word/邻居/#zh
L5-0479,铃,鈴,líng,N,5,2,2,,False,https://forvo.com/word/铃/#zh
L5-0480,铃声,鈴聲,língshēng,N,5,2-1,2-1,,False,https://forvo.com/word/铃声/#zh
L5-0481,领带,領帶,lǐngdài,N,5,3-4,3-4,,False,https://forvo.com/word/领带/#zh
L5-0482,令,令,lìng,V,5,4,4,,False,https://forvo.com/word/令/#zh
L5-0483,流动,流動,liúdòng,V,5,2-4,2-4,,False,https://forvo.com/word/流动/#zh
L5-0484,流通,流通,liútōng,V,5,2-1,2-1,,False,https://forvo.com/word/流通/#zh
L5-0485,漏,漏,lòu,V,5,4,4,,False,https://forvo.com/word/漏/#zh
L5-0486,漏洞,漏洞,lòudòng,N,5,4-4,4-4,,False,https://forvo.com/word/漏洞/#zh
L5-0487,逻辑,邏輯,luójí,N,5,2-N,2-N,neutral_tone,False,https://forvo.com/word/逻辑/#zh
L5-0488,落实,落實,luòshí,V,5,4-2,4-2,,False,https://forvo.com/word/落实/#zh
L5-0489,码头,碼頭,mǎtóu,N,5,3-2,3-2,,False,https://forvo.com/word/码头/#zh
L5-0490,骂,罵,mà,V,5,4,4,,False,https://forvo.com/word/骂/#zh
L5-0491,买卖,買賣,mǎimai,N,5,3-4,3-4,,False,https://forvo.com/word/买卖/#zh
L5-0492,漫长,漫長,màncháng,Adj,5,4-2,4-2,,False,https://forvo.com/word/漫长/#zh
L5-0493,漫画,漫畫,mànhuà,N,5,4-4,4-4,,False,https://forvo.com/word/漫画/#zh
L5-0494,毛笔,毛筆,máobǐ,N,5,2-3,2-3,,False,https://forvo.com/word/毛笔/#zh
L5-0495,矛盾,矛盾,máodùn,N/Adj,5,2-4,2-4,,False,https://forvo.com/word/矛盾/#zh
L5-0496,冒,冒,mào,V,5,4,4,,False,https://forvo.com/word/冒/#zh
L5-0497,贸易,貿易,màoyì,N,5,4-4,4-4,,False,https://forvo.com/word/贸易/#zh
L5-0498,煤,煤,méi,N,5,2,2,,False,https://forvo.com/word/煤/#zh
L5-0499,煤气,煤氣,méiqì,N,5,2-4,2-4,,False,https://forvo.com/word/煤气/#zh
L5-0500,门诊,門診,ménzhěn,V,5,2-3,2-3,,False,https://forvo.com/word/门诊/#zh
L5-0501,迷人,迷人,mírén,Adj,5,2-2,2-2,,False,https://forvo.com/word/迷人/#zh
L5-0502,迷信,迷信,míxìn,V/N,5,2-4,2-4,,False,https://forvo.com/word/迷信/#zh
L5-0503,面貌,面貌,miànmào,N,5,4-4,4-4,,False,https://forvo.com/word/面貌/#zh
L5-0504,面子,面子,miànzi,N,5,4-N,4-N,neutral_tone,False,https://forvo.com/word/面子/#zh
L5-0505,秒,秒,miǎo,M,5,3,3,,False,https://forvo.com/word/秒/#zh
L5-0506,敏感,敏感,mǐngǎn,Adj,5,3-3,2-3,third_tone_sandhi,False,https://forvo.com/word/敏感/#zh
L5-0507,明亮,明亮,míngliàng,Adj,5,2-4,2-4,,False,https://forvo.com/word/明亮/#zh
L5-0508,明明,明明,míngmíng,Adv,5,2-2,2-2,,False,https://forvo.com/word/明明/#zh
L5-0509,命令,命令,mìnglìng,N/V,5,4-4,4-4,,False,https://forvo.com/word/命令/#zh
L5-0510,模范,模範,mófàn,N,5,2-4,2-4,,False,https://forvo.com/word/模范/#zh
L5-0511,模仿,模仿,mófǎng,V,5,2-3,2-3,,False,https://forvo.com/word/模仿/#zh
L5-0512,模糊,模糊,móhu,Adj,5,2-N,2-N,neutral_tone,False,https://forvo.com/word/模糊/#zh
L5-0513,模式,模式,móshì,N,5,2-4,2-4,,False,https://forvo.com/word/模式/#zh
L5-0514,摩擦,摩擦,mócā,V/N,5,2-1,2-1,,False,https://forvo.com/word/摩擦/#zh
L5-0515,摩托,摩托,mótuō,N,5,2-1,2-1,,False,https://forvo.com/word/摩托/#zh
L5-0516,模样,模樣,múyàng,N,5,2-4,2-4,,False,https://forvo.com/word/模样/#zh
L5-0517,目光,目光,mùguāng,N,5,4-1,4-1,,False,https://forvo.com/word/目光/#zh
L5-0518,耐心,耐心,nàixīn,Adj/N,5,4-1,4-1,,False,https://forvo.com/word/耐心/#zh
L5-0519,男性,男性,nánxìng,N,5,2-4,2-4,,False,https://forvo.com/word/男性/#zh
L5-0520,南北,南北,nánběi,N,5,2-3,2-3,,False,https://forvo.com/word/南北/#zh
L5-0521,南极,南極,nánjí,N,5,2-2,2-2,,False,https://forvo.com/word/南极/#zh
L5-0522,难得,難得,nándé,Adj,5,2-2,2-2,,False,https://forvo.com/word/难得/#zh
L5-0523,难以,難以,nányǐ,V,5,2-3,2-3,,False,https://forvo.com/word/难以/#zh
L5-0524,脑子,腦子,nǎozi,N,5,3-N,3-N,neutral_tone,False,https://forvo.com/word/脑子/#zh
L5-0525,内在,內在,nèizài,Adj,5,4-4,4-4,,False,https://forvo.com/word/内在/#zh
L5-0526,能量,能量,néngliàng,N,5,2-4,2-4,,False,https://forvo.com/word/能量/#zh
L5-0527,年度,年度,niándù,N,5,2-4,2-4,,False,https://forvo.com/word/年度/#zh
L5-0528,年龄,年齡,niánlíng,N,5,2-2,2-2,,False,https://forvo.com/word/年龄/#zh
L5-0529,年前,年前,niánqián,N,5,2-2,2-2,,False,https://forvo.com/word/年前/#zh
L5-0530,牛,牛,niú,Adj,5,2,2,,False,https://forvo.com/word/牛/#zh
L5-0531,牛仔裤,牛仔褲,niúzǎikù,N,5,2-3-4,2-3-4,,False,https://forvo.com/word/牛仔裤/#zh
L5-0532,农产品,農產品,nóngchǎnpǐn,N,5,2-3-3,2-2-3,third_tone_sandhi,False,https://forvo.com/word/农产品/#zh
L5-0533,女性,女性,nǚxìng,N,5,3-4,3-4,,False,https://forvo.com/word/女性/#zh
L5-0534,暖,暖,nuǎn,Adj/V,5,3,3,,False,https://forvo.com/word/暖/#zh
L5-0535,偶尔,偶爾,ǒu'ěr,Adv,5,3-3,2-3,third_tone_sandhi,False,https://forvo.com/word/偶尔/#zh
L5-0536,偶然,偶然,ǒurán,Adj,5,3-2,3-2,,False,https://forvo.com/word/偶然/#zh
L5-0537,偶像,偶像,ǒuxiàng,N,5,3-4,3-4,,False,https://forvo.com/word/偶像/#zh
L5-0538,拍摄,拍攝,pāishè,V,5,1-4,1-4,,False,https://forvo.com/word/拍摄/#zh
L5-0539,排除,排除,páichú,V,5,2-2,2-2,,False,https://forvo.com/word/排除/#zh
L5-0540,旁,旁,páng,N/Pron,5,2,2,,False,https://forvo.com/word/旁/#zh
L5-0541,陪,陪,péi,V,5,2,2,,False,https://forvo.com/word/陪/#zh
L5-0542,赔,賠,péi,V,5,2,2,,False,https://forvo.com/word/赔/#zh
L5-0543,赔偿,賠償,péicháng,V,5,2-2,2-2,,False,https://forvo.com/word/赔偿/#zh
L5-0544,配备,配備,pèibèi,V,5,4-4,4-4,,False,https://forvo.com/word/配备/#zh
L5-0545,配套,配套,pèitào,,5,4-4,4-4,,False,https://forvo.com/word/配套/#zh
L5-0546,喷,噴,pēn,V,5,1,1,,False,https://forvo.com/word/喷/#zh
L5-0547,盆,盆,pén,N,5,2,2,,False,https://forvo.com/word/盆/#zh
L5-0548,披,披,pī,V,5,1,1,,False,https://forvo.com/word/披/#zh
L5-0549,皮肤,皮膚,pífū,N,5,2-1,2-1,,False,https://forvo.com/word/皮肤/#zh
L5-0550,皮鞋,皮鞋,píxié,N,5,2-2,2-2,,False,https://forvo.com/word/皮鞋/#zh
L5-0551,脾气,脾氣,píqi,N,5,2-N,2-N,neutral_tone,False,https://forvo.com/word/脾气/#zh
L5-0552,匹,匹,pǐ,M,5,3,3,,False,https://forvo.com/word/匹/#zh
L5-0553,骗,騙,piàn,V,5,4,4,,False,https://forvo.com/word/骗/#zh
L5-0554,骗子,騙子,piànzi,N,5,4-N,4-N,neutral_tone,False,https://forvo.com/word/骗子/#zh
L5-0555,拼,拼,pīn,V,5,1,1,,False,https://forvo.com/word/拼/#zh
L5-0556,频道,頻道,píndào,N,5,2-4,2-4,,False,https://forvo.com/word/频道/#zh
L5-0557,频繁,頻繁,pínfán,Adj,5,2-2,2-2,,False,https://forvo.com/word/频繁/#zh
L5-0558,品,品,pǐn,V,5,3,3,,False,https://forvo.com/word/品/#zh
L5-0559,品（工艺品）,品（工藝品）,pǐn (gōngyìpǐn),Suffix,5,3,3,,False,https://forvo.com/word/品（工艺品）/#zh
L5-0560,品种,品種,pǐnzhǒng,N,5,3-3,2-3,third_tone_sandhi,False,https://forvo.com/word/品种/#zh
L5-0561,平坦,平坦,píngtǎn,Adj,5,2-3,2-3,,False,https://forvo.com/word/平坦/#zh
L5-0562,平原,平原,píngyuán,N,5,2-2,2-2,,False,https://forvo.com/word/平原/#zh
L5-0563,评估,評估,pínggū,V/N,5,2-1,2-1,,False,https://forvo.com/word/评估/#zh
L5-0564,评论,評論,pínglùn,V/N,5,2-4,2-4,,False,https://forvo.com/word/评论/#zh
L5-0565,凭,憑,píng,V/Prep,5,2,2,,False,https://forvo.com/word/凭/#zh
L5-0566,泼,潑,pō,V,5,1,1,,False,https://forvo.com/word/泼/#zh
L5-0567,葡萄,葡萄,pútao,N,5,2-N,2-N,neutral_tone,False,https://forvo.com/word/葡萄/#zh
L5-0568,葡萄酒,葡萄酒,pútaojiǔ,N,5,2-N-3,2-N-3,neutral_tone,False,https://forvo.com/word/葡萄酒/#zh
L5-0569,期望,期望,qīwàng,V,5,1-4,1-4,,False,https://forvo.com/word/期望/#zh
L5-0570,齐全,齊全,qíquán,Adj,5,2-2,2-2,,False,https://forvo.com/word/齐全/#zh
L5-0571,其,其,qí,Pron,5,2,2,,False,https://forvo.com/word/其/#zh
L5-0572,启动,啟動,qǐdòng,V,5,3-4,3-4,,False,https://forvo.com/word/启动/#zh
L5-0573,启发,啟發,qǐfā,V/N,5,3-1,3-1,,False,https://forvo.com/word/启发/#zh
L5-0574,启事,啟事,qǐshì,N,5,3-4,3-4,,False,https://forvo.com/word/启事/#zh
L5-0575,起到,起到,qǐdào,,5,3-4,3-4,,False,https://forvo.com/word/起到/#zh
L5-0576,起码,起碼,qǐmǎ,Adj,5,3-3,2-3,third_tone_sandhi,False,https://forvo.com/word/起码/#zh
L5-0577,气体,氣體,qìtǐ,N,5,4-3,4-3,,False,https://forvo.com/word/气体/#zh
L5-0578,气象,氣象,qìxiàng,N,5,4-4,4-4,,False,https://forvo.com/word/气象/#zh
L5-0579,签,簽,qiān,V,5,1,1,,False,https://forvo.com/word/签/#zh
L5-0580,签订,簽訂,qiāndìng,V,5,1-4,1-4,,False,https://forvo.com/word/签订/#zh
L5-0581,签名,簽名,qiānmíng,,5,1-2,1-2,,False,https://forvo.com/word/签名/#zh
L5-0582,签约,簽約,qiānyuē,,5,1-1,1-1,,False,https://forvo.com/word/签约/#zh
L5-0583,签证,簽證,qiānzhèng,V/N,5,1-4,1-4,,False,https://forvo.com/word/签证/#zh
L5-0584,签字,簽字,qiānzì,,5,1-4,1-4,,False,https://forvo.com/word/签字/#zh
L5-0585,前景,前景,qiánjǐng,N,5,2-3,2-3,,False,https://forvo.com/word/前景/#zh
L5-0586,前提,前提,qiántí,N,5,2-2,2-2,,False,https://forvo.com/word/前提/#zh
L5-0587,欠,欠,qiàn,V,5,4,4,,False,https://forvo.com/word/欠/#zh
L5-0588,枪,槍,qiāng,N,5,1,1,,False,https://forvo.com/word/枪/#zh
L5-0589,强度,強度,qiángdù,N,5,2-4,2-4,,False,https://forvo.com/word/强度/#zh
L5-0590,墙壁,牆壁,qiángbì,N,5,2-4,2-4,,False,https://forvo.com/word/墙壁/#zh
L5-0591,抢,搶,qiǎng,V,5,3,3,,False,https://forvo.com/word/抢/#zh
L5-0592,抢救,搶救,qiǎngjiù,V,5,3-4,3-4,,False,https://forvo.com/word/抢救/#zh
L5-0593,强迫,強迫,qiǎngpò,V,5,3-4,3-4,,False,https://forvo.com/word/强迫/#zh
L5-0594,悄悄,悄悄,qiāoqiāo,Adv,5,1-1,1-1,,False,https://forvo.com/word/悄悄/#zh
L5-0595,敲,敲,qiāo,V,5,1,1,,False,https://forvo.com/word/敲/#zh
L5-0596,敲门,敲門,qiāo mén,,5,1-2,1-2,,False,https://forvo.com/word/敲门/#zh
L5-0597,瞧,瞧,qiáo,V,5,2,2,,False,https://forvo.com/word/瞧/#zh
L5-0598,琴,琴,qín,N,5,2,2,,False,https://forvo.com/word/琴/#zh
L5-0599,勤奋,勤奮,qínfèn,Adj,5,2-4,2-4,,False,https://forvo.com/word/勤奋/#zh
L5-0600,青,青,qīng,Adj,5,1,1,,False,https://forvo.com/word/青/#zh
L5-0601,清晨,清晨,qīngchén,N,5,1-2,1-2,,False,https://forvo.com/word/清晨/#zh
L5-0602,清理,清理,qīnglǐ,V,5,1-3,1-3,,False,https://forvo.com/word/清理/#zh
L5-0603,情节,情節,qíngjié,N,5,2-2,2-2,,False,https://forvo.com/word/情节/#zh
L5-0604,情形,情形,qíngxing,N,5,2-N,2-N,neutral_tone,False,https://forvo.com/word/情形/#zh
L5-0605,晴朗,晴朗,qínglǎng,Adj,5,2-3,2-3,,False,https://forvo.com/word/晴朗/#zh
L5-0606,区域,區域,qūyù,N,5,1-4,1-4,,False,https://forvo.com/word/区域/#zh
L5-0607,全都,全都,quándōu,Adv,5,2-1,2-1,,False,https://forvo.com/word/全都/#zh
L5-0608,全世界,全世界,quán shìjiè,,5,2-4-4,2-4-4,,False,https://forvo.com/word/全世界/#zh
L5-0609,泉,泉,quán,N,5,2,2,,False,https://forvo.com/word/泉/#zh
L5-0610,劝,勸,quàn,V,5,4,4,,False,https://forvo.com/word/劝/#zh
L5-0611,缺乏,缺乏,quēfá,V,5,1-2,1-2,,False,https://forvo.com/word/缺乏/#zh
L5-0612,确立,確立,quèlì,V,5,4-4,4-4,,False,https://forvo.com/word/确立/#zh
L5-0613,群体,群體,qúntǐ,N,5,2-3,2-3,,False,https://forvo.com/word/群体/#zh
L5-0614,群众,群眾,qúnzhòng,N,5,2-4,2-4,,False,https://forvo.com/word/群众/#zh
L5-0615,染,染,rǎn,V,5,3,3,,False,https://forvo.com/word/染/#zh
L5-0616,绕,繞,rào,V,5,4,4,,False,https://forvo.com/word/绕/#zh
L5-0617,热量,熱量,rèliàng,N,5,4-4,4-4,,False,https://forvo.com/word/热量/#zh
L5-0618,热门,熱門,rèmén,N,5,4-2,4-2,,False,https://forvo.com/word/热门/#zh
L5-0619,人间,人間,rénjiān,N,5,2-1,2-1,,False,https://forvo.com/word/人间/#zh
L5-0620,人力,人力,rénlì,N,5,2-4,2-4,,False,https://forvo.com/word/人力/#zh
L5-0621,人士,人士,rénshì,N,5,2-4,2-4,,False,https://forvo.com/word/人士/#zh
L5-0622,人物,人物,rénwù,N,5,2-4,2-4,,False,https://forvo.com/word/人物/#zh
L5-0623,忍,忍,rěn,V,5,3,3,,False,https://forvo.com/word/忍/#zh
L5-0624,忍不住,忍不住,rěn bu zhù,,5,3-N-4,3-N-4,neutral_tone,False,https://forvo.com/word/忍不住/#zh
L5-0625,忍受,忍受,rěnshòu,V,5,3-4,3-4,,False,https://forvo.com/word/忍受/#zh
L5-0626,认,認,rèn,V,5,4,4,,False,https://forvo.com/word/认/#zh
L5-0627,认定,認定,rèndìng,V,5,4-4,4-4,,False,https://forvo.com/word/认定/#zh
L5-0628,扔,扔,rēng,V,5,1,1,,False,https://forvo.com/word/扔/#zh
L5-0629,仍旧,仍舊,réngjiù,Adv,5,2-4,2-4,,False,https://forvo.com/word/仍旧/#zh
L5-0630,如此,如此,rúcǐ,Pron,5,2-3,2-3,,False,https://forvo.com/word/如此/#zh
L5-0631,如同,如同,rútóng,V,5,2-2,2-2,,False,https://forvo.com/word/如同/#zh
L5-0632,如下,如下,rúxià,V,5,2-4,2-4,,False,https://forvo.com/word/如下/#zh
L5-0633,入门,入門,rùmén,,5,4-2,4-2,,False,https://forvo.com/word/入门/#zh
L5-0634,软,軟,ruǎn,Adj,5,3,3,,False,https://forvo.com/word/软/#zh
L5-0635,软件,軟件,ruǎnjiàn,N,5,3-4,3-4,,False,https://forvo.com/word/软件/#zh
L5-0636,洒,灑,sǎ,V,5,3,3,,False,https://forvo.com/word/洒/#zh
L5-0637,散,散,sǎn,V,5,3,3,,False,https://forvo.com/word/散/#zh
L5-0638,散文,散文,sǎnwén,N,5,3-2,3-2,,False,https://forvo.com/word/散文/#zh
L5-0639,杀,殺,shā,V,5,1,1,,False,https://forvo.com/word/杀/#zh
L5-0640,杀毒,殺毒,shādú,,5,1-2,1-2,,False,https://forvo.com/word/杀毒/#zh
L5-0641,沙漠,沙漠,shāmò,N,5,1-4,1-4,,False,https://forvo.com/word/沙漠/#zh
L5-0642,傻,傻,shǎ,Adj,5,3,3,,False,https://forvo.com/word/傻/#zh
L5-0643,山区,山區,shānqū,N,5,1-1,1-1,,False,https://forvo.com/word/山区/#zh
L5-0644,扇,扇,shān,V,5,1,1,,False,https://forvo.com/word/扇/#zh
L5-0645,扇,扇,shàn,M/N,5,4,4,,False,https://forvo.com/word/扇/#zh
L5-0646,扇子,扇子,shànzi,N,5,4-N,4-N,neutral_tone,False,https://forvo.com/word/扇子/#zh
L5-0647,商标,商標,shāngbiāo,N,5,1-1,1-1,,False,https://forvo.com/word/商标/#zh
L5-0648,上级,上級,shàngjí,N,5,4-2,4-2,,False,https://forvo.com/word/上级/#zh
L5-0649,上下,上下,shàngxià,N,5,4-4,4-4,,False,https://forvo.com/word/上下/#zh
L5-0650,上涨,上漲,shàngzhǎng,V,5,4-3,4-3,,False,https://forvo.com/word/上涨/#zh
L5-0651,稍,稍,shāo,Adv,5,1,1,,False,https://forvo.com/word/稍/#zh
L5-0652,稍微,稍微,shāowēi,Adv,5,1-1,1-1,,False,https://forvo.com/word/稍微/#zh
L5-0653,蛇,蛇,shé,N,5,2,2,,False,https://forvo.com/word/蛇/#zh
L5-0654,舍不得,捨不得,shěbude,V,5,3-N-N,3-N-N,neutral_tone,False,https://forvo.com/word/舍不得/#zh
L5-0655,舍得,捨得,shěde,V,5,3-N,3-N,neutral_tone,False,https://forvo.com/word/舍得/#zh
L5-0656,设想,設想,shèxiǎng,V/N,5,4-3,4-3,,False,https://forvo.com/word/设想/#zh
L5-0657,社,社,shè,N,5,4,4,,False,https://forvo.com/word/社/#zh
L5-0658,社区,社區,shèqū,N,5,4-1,4-1,,False,https://forvo.com/word/社区/#zh
L5-0659,射,射,shè,V,5,4,4,,False,https://forvo.com/word/射/#zh
L5-0660,射击,射擊,shèjī,V/N,5,4-1,4-1,,False,https://forvo.com/word/射击/#zh
L5-0661,摄像,攝像,shèxiàng,V,5,4-4,4-4,,False,https://forvo.com/word/摄像/#zh
L5-0662,摄像机,攝像機,shèxiàngjī,N,5,4-4-1,4-4-1,,False,https://forvo.com/word/摄像机/#zh
L5-0663,摄影,攝影,shèyǐng,V,5,4-3,4-3,,False,https://forvo.com/word/摄影/#zh
L5-0664,摄影师,攝影師,shèyǐngshī,N,5,4-3-1,4-3-1,,False,https://forvo.com/word/摄影师/#zh
L5-0665,伸,伸,shēn,V,5,1,1,,False,https://forvo.com/word/伸/#zh
L5-0666,深处,深處,shēnchù,N,5,1-4,1-4,,False,https://forvo.com/word/深处/#zh
L5-0667,深度,深度,shēndù,N,5,1-4,1-4,,False,https://forvo.com/word/深度/#zh
L5-0668,神,神,shén,N,5,2,2,,False,https://forvo.com/word/神/#zh
L5-0669,神经,神經,shénjīng,N,5,2-1,2-1,,False,https://forvo.com/word/神经/#zh
L5-0670,神奇,神奇,shénqí,Adj,5,2-2,2-2,,False,https://forvo.com/word/神奇/#zh
L5-0671,神情,神情,shénqíng,N,5,2-2,2-2,,False,https://forvo.com/word/神情/#zh
L5-0672,升高,升高,shēnggāo,,5,1-1,1-1,,False,https://forvo.com/word/升高/#zh
L5-0673,生成,生成,shēngchéng,V,5,1-2,1-2,,False,https://forvo.com/word/生成/#zh
L5-0674,声,聲,shēng,N/M,5,1,1,,False,https://forvo.com/word/声/#zh
L5-0675,胜负,勝負,shèngfù,N,5,4-4,4-4,,False,https://forvo.com/word/胜负/#zh
L5-0676,剩,剩,shèng,V,5,4,4,,False,https://forvo.com/word/剩/#zh
L5-0677,剩下,剩下,shèngxia,,5,4-4,4-4,,False,https://forvo.com/word/剩下/#zh
L5-0678,失误,失誤,shīwù,V/N,5,1-4,1-4,,False,https://forvo.com/word/失误/#zh
L5-0679,师傅,師傅,shīfu,N,5,1-N,1-N,neutral_tone,False,https://forvo.com/word/师傅/#zh
L5-0680,诗歌,詩歌,shīgē,N,5,1-1,1-1,,False,https://forvo.com/word/诗歌/#zh
L5-0681,十足,十足,shízú,Adj,5,2-2,2-2,,False,https://forvo.com/word/十足/#zh
L5-0682,时常,時常,shícháng,Adv,5,2-2,2-2,,False,https://forvo.com/word/时常/#zh
L5-0683,时光,時光,shíguāng,N,5,2-1,2-1,,False,https://forvo.com/word/时光/#zh
L5-0684,时机,時機,shíjī,N,5,2-1,2-1,,False,https://forvo.com/word/时机/#zh
L5-0685,时事,時事,shíshì,N,5,2-4,2-4,,False,https://forvo.com/word/时事/#zh
L5-0686,实惠,實惠,shíhuì,Adj/N,5,2-4,2-4,,False,https://forvo.com/word/实惠/#zh
L5-0687,拾,拾,shí,V,5,2,2,,False,https://forvo.com/word/拾/#zh
L5-0688,使得,使得,shǐde,V,5,3-N,3-N,neutral_tone,False,https://forvo.com/word/使得/#zh
L5-0689,示范,示範,shìfàn,V,5,4-4,4-4,,False,https://forvo.com/word/示范/#zh
L5-0690,式,式,shì,N,5,4,4,,False,https://forvo.com/word/式/#zh
L5-0691,势力,勢力,shìlì,N,5,4-N,4-N,neutral_tone,False,https://forvo.com/word/势力/#zh
L5-0692,试图,試圖,shìtú,V,5,4-2,4-2,,False,https://forvo.com/word/试图/#zh
L5-0693,视频,視頻,shìpín,N,5,4-2,4-2,,False,https://forvo.com/word/视频/#zh
L5-0694,视为,視為,shìwéi,,5,4-2,4-2,,False,https://forvo.com/word/视为/#zh
L5-0695,收购,收購,shōugòu,V,5,1-4,1-4,,False,https://forvo.com/word/收购/#zh
L5-0696,收集,收集,shōují,V,5,1-2,1-2,,False,https://forvo.com/word/收集/#zh
L5-0697,收拾,收拾,shōushi,V,5,1-N,1-N,neutral_tone,False,https://forvo.com/word/收拾/#zh
L5-0698,手段,手段,shǒuduàn,N,5,3-4,3-4,,False,https://forvo.com/word/手段/#zh
L5-0699,手法,手法,shǒufǎ,N,5,3-3,2-3,third_tone_sandhi,False,https://forvo.com/word/手法/#zh
L5-0700,寿司,壽司,shòusī,N,5,4-1,4-1,,False,https://forvo.com/word/寿司/#zh
L5-0701,受灾,受災,shòuzāi,,5,4-1,4-1,,False,https://forvo.com/word/受灾/#zh
L5-0702,瘦,瘦,shòu,Adj,5,4,4,,False,https://forvo.com/word/瘦/#zh
L5-0703,书法,書法,shūfǎ,N,5,1-3,1-3,,False,https://forvo.com/word/书法/#zh
L5-0704,书柜,書櫃,shūguì,N,5,1-4,1-4,,False,https://forvo.com/word/书柜/#zh
L5-0705,书桌,書桌,shūzhuō,N,5,1-1,1-1,,False,https://forvo.com/word/书桌/#zh
L5-0706,输出,輸出,shūchū,V,5,1-1,1-1,,False,https://forvo.com/word/输出/#zh
L5-0707,蔬菜,蔬菜,shūcài,N,5,1-4,1-4,,False,https://forvo.com/word/蔬菜/#zh
L5-0708,熟悉,熟悉,shúxi,V,5,2-1,2-1,,False,https://forvo.com/word/熟悉/#zh
L5-0709,鼠,鼠,shǔ,N,5,3,3,,False,https://forvo.com/word/鼠/#zh
L5-0710,鼠标,鼠標,shǔbiāo,N,5,3-1,3-1,,False,https://forvo.com/word/鼠标/#zh
L5-0711,数目,數目,shùmù,N,5,4-4,4-4,,False,https://forvo.com/word/数目/#zh
L5-0712,摔,摔,shuāi,V,5,1,1,,False,https://forvo.com/word/摔/#zh
L5-0713,摔倒,摔倒,shuāidǎo,,5,1-3,1-3,,False,https://forvo.com/word/摔倒/#zh
L5-0714,率领,率領,shuàilǐng,V,5,4-3,4-3,,False,https://forvo.com/word/率领/#zh
L5-0715,双手,雙手,shuāng shǒu,,5,1-3,1-3,,False,https://forvo.com/word/双手/#zh
L5-0716,水产品,水產品,shuǐchǎnpǐn,N,5,3-3-3,2-2-3,third_tone_grouping_ambiguous;third_tone_sandhi,True,https://forvo.com/word/水产品/#zh
L5-0717,水分,水分,shuǐfèn,N,5,3-4,3-4,,False,https://forvo.com/word/水分/#zh
L5-0718,水库,水庫,shuǐkù,N,5,3-4,3-4,,False,https://forvo.com/word/水库/#zh
L5-0719,水灾,水災,shuǐzāi,N,5,3-1,3-1,,False,https://forvo.com/word/水灾/#zh
L5-0720,睡眠,睡眠,shuìmián,N,5,4-2,4-2,,False,https://forvo.com/word/睡眠/#zh
L5-0721,说法,說法,shuōfǎ,N,5,1-3,1-3,,False,https://forvo.com/word/说法/#zh
L5-0722,硕士,碩士,shuòshì,N,5,4-4,4-4,,False,https://forvo.com/word/硕士/#zh
L5-0723,私人,私人,sīrén,N,5,1-2,1-2,,False,https://forvo.com/word/私人/#zh
L5-0724,思维,思維,sīwéi,N,5,1-2,1-2,,False,https://forvo.com/word/思维/#zh
L5-0725,四周,四周,sìzhōu,N,5,4-1,4-1,,False,https://forvo.com/word/四周/#zh
L5-0726,搜,搜,sōu,V,5,1,1,,False,https://forvo.com/word/搜/#zh
L5-0727,搜索,搜索,sōusuǒ,V,5,1-3,1-3,,False,https://forvo.com/word/搜索/#zh
L5-0728,宿舍,宿舍,sùshè,N,5,4-4,4-4,,False,https://forvo.com/word/宿舍/#zh
L5-0729,酸甜苦辣,酸甜苦辣,suān-tián-kǔ-là,,5,1-2-3-4,1-2-3-4,,False,https://forvo.com/word/酸甜苦辣/#zh
L5-0730,随后,隨後,suíhòu,Adv,5,2-4,2-4,,False,https://forvo.com/word/随后/#zh
L5-0731,随意,隨意,suíyì,,5,2-4,2-4,,False,https://forvo.com/word/随意/#zh
L5-0732,随着,隨著,suízhe,Prep,5,2-N,2-N,neutral_tone,False,https://forvo.com/word/随着/#zh
L5-0733,岁月,歲月,suìyuè,N,5,4-4,4-4,,False,https://forvo.com/word/岁月/#zh
L5-0734,碎,碎,suì,Adj,5,4,4,,False,https://forvo.com/word/碎/#zh
L5-0735,损害,損害,sǔnhài,V,5,3-4,3-4,,False,https://forvo.com/word/损害/#zh
L5-0736,损失,損失,sǔnshī,V/N,5,3-1,3-1,,False,https://forvo.com/word/损失/#zh
L5-0737,所在,所在,suǒzài,N,5,3-4,3-4,,False,https://forvo.com/word/所在/#zh
L5-0738,锁,鎖,suǒ,N/V,5,3,3,,False,https://forvo.com/word/锁/#zh
L5-0739,台风,颱風,táifēng,N,5,2-1,2-1,,False,https://forvo.com/word/台风/#zh
L5-0740,抬,抬,tái,V,5,2,2,,False,https://forvo.com/word/抬/#zh
L5-0741,抬头,抬頭,táitóu,,5,2-2,2-2,,False,https://forvo.com/word/抬头/#zh
L5-0742,太空,太空,tàikōng,N,5,4-1,4-1,,False,https://forvo.com/word/太空/#zh
L5-0743,弹,彈,tán,V,5,2,2,,False,https://forvo.com/word/弹/#zh
L5-0744,逃,逃,táo,V,5,2,2,,False,https://forvo.com/word/逃/#zh
L5-0745,逃跑,逃跑,táopǎo,V,5,2-3,2-3,,False,https://forvo.com/word/逃跑/#zh
L5-0746,逃走,逃走,táozǒu,V,5,2-3,2-3,,False,https://forvo.com/word/逃走/#zh
L5-0747,桃,桃,táo,N,5,2,2,,False,https://forvo.com/word/桃/#zh
L5-0748,桃花,桃花,táohuā,N,5,2-1,2-1,,False,https://forvo.com/word/桃花/#zh
L5-0749,桃树,桃樹,táoshù,N,5,2-4,2-4,,False,https://forvo.com/word/桃树/#zh
L5-0750,讨厌,討厭,tǎoyàn,,5,3-4,3-4,,False,https://forvo.com/word/讨厌/#zh
L5-0751,特定,特定,tèdìng,Adj,5,4-4,4-4,,False,https://forvo.com/word/特定/#zh
L5-0752,特性,特性,tèxìng,N,5,4-4,4-4,,False,https://forvo.com/word/特性/#zh
L5-0753,特有,特有,tèyǒu,Adj,5,4-3,4-3,,False,https://forvo.com/word/特有/#zh
L5-0754,提倡,提倡,tíchàng,V,5,2-4,2-4,,False,https://forvo.com/word/提倡/#zh
L5-0755,提起,提起,tíqǐ,V,5,2-3,2-3,,False,https://forvo.com/word/提起/#zh
L5-0756,提示,提示,tíshì,V,5,2-4,2-4,,False,https://forvo.com/word/提示/#zh
L5-0757,题材,題材,tícái,N,5,2-2,2-2,,False,https://forvo.com/word/题材/#zh
L5-0758,体积,體積,tǐjī,N,5,3-1,3-1,,False,https://forvo.com/word/体积/#zh
L5-0759,体力,體力,tǐlì,N,5,3-4,3-4,,False,https://forvo.com/word/体力/#zh
L5-0760,天才,天才,tiāncái,N,5,1-2,1-2,,False,https://forvo.com/word/天才/#zh
L5-0761,天然气,天然氣,tiānránqì,N,5,1-2-4,1-2-4,,False,https://forvo.com/word/天然气/#zh
L5-0762,天文,天文,tiānwén,N,5,1-2,1-2,,False,https://forvo.com/word/天文/#zh
L5-0763,调节,調節,tiáojié,V,5,2-2,2-2,,False,https://forvo.com/word/调节/#zh
L5-0764,调解,調解,tiáojiě,V,5,2-3,2-3,,False,https://forvo.com/word/调解/#zh
L5-0765,厅,廳,tīng,N,5,1,1,,False,https://forvo.com/word/厅/#zh
L5-0766,停留,停留,tíngliú,V,5,2-2,2-2,,False,https://forvo.com/word/停留/#zh
L5-0767,通用,通用,tōngyòng,V,5,1-4,1-4,,False,https://forvo.com/word/通用/#zh
L5-0768,偷,偷,tōu,V/Adv,5,1,1,,False,https://forvo.com/word/偷/#zh
L5-0769,偷偷,偷偷,tōutōu,Adv,5,1-1,1-1,,False,https://forvo.com/word/偷偷/#zh
L5-0770,突破,突破,tūpò,V/N,5,1-4,1-4,,False,https://forvo.com/word/突破/#zh
L5-0771,土豆,土豆,tǔdòu,N,5,3-4,3-4,,False,https://forvo.com/word/土豆/#zh
L5-0772,吐,吐,tǔ,V,5,3,3,,False,https://forvo.com/word/吐/#zh
L5-0773,吐,吐,tù,V,5,4,4,,False,https://forvo.com/word/吐/#zh
L5-0774,兔,兔,tù,N,5,4,4,,False,https://forvo.com/word/兔/#zh
L5-0775,团长,團長,tuánzhǎng,N,5,2-3,2-3,,False,https://forvo.com/word/团长/#zh
L5-0776,推行,推行,tuīxíng,V,5,1-2,1-2,,False,https://forvo.com/word/推行/#zh
L5-0777,脱离,脫離,tuōlí,V,5,1-2,1-2,,False,https://forvo.com/word/脱离/#zh
L5-0778,外界,外界,wàijiè,N,5,4-4,4-4,,False,https://forvo.com/word/外界/#zh
L5-0779,完了,完了,wánle,Conj,5,2-N,2-N,neutral_tone,False,https://forvo.com/word/完了/#zh
L5-0780,微博,微博,wēibó,N,5,1-2,1-2,,False,https://forvo.com/word/微博/#zh
L5-0781,为难,為難,wéinán,Adj/V,5,2-2,2-2,,False,https://forvo.com/word/为难/#zh
L5-0782,为期,為期,wéiqī,V,5,2-1,2-1,,False,https://forvo.com/word/为期/#zh
L5-0783,为止,為止,wéizhǐ,V,5,2-3,2-3,,False,https://forvo.com/word/为止/#zh
L5-0784,为主,為主,wéizhǔ,V,5,2-3,2-3,,False,https://forvo.com/word/为主/#zh
L5-0785,违法,違法,wéifǎ,,5,2-3,2-3,,False,https://forvo.com/word/违法/#zh
L5-0786,违反,違反,wéifǎn,V,5,2-3,2-3,,False,https://forvo.com/word/违反/#zh
L5-0787,违规,違規,wéiguī,,5,2-1,2-1,,False,https://forvo.com/word/违规/#zh
L5-0788,围绕,圍繞,wéirào,V,5,2-4,2-4,,False,https://forvo.com/word/围绕/#zh
L5-0789,唯一,唯一,wéiyī,Adj,5,2-1,2-1,,False,https://forvo.com/word/唯一/#zh
L5-0790,委托,委託,wěituō,V,5,3-1,3-1,,False,https://forvo.com/word/委托/#zh
L5-0791,卫星,衛星,wèixīng,N,5,4-1,4-1,,False,https://forvo.com/word/卫星/#zh
L5-0792,胃,胃,wèi,N,5,4,4,,False,https://forvo.com/word/胃/#zh
L5-0793,慰问,慰問,wèiwèn,V,5,4-4,4-4,,False,https://forvo.com/word/慰问/#zh
L5-0794,温和,溫和,wēnhé,Adj,5,1-2,1-2,,False,https://forvo.com/word/温和/#zh
L5-0795,文艺,文藝,wényì,N,5,2-4,2-4,,False,https://forvo.com/word/文艺/#zh
L5-0796,卧室,臥室,wòshì,N,5,4-4,4-4,,False,https://forvo.com/word/卧室/#zh
L5-0797,握,握,wò,V,5,4,4,,False,https://forvo.com/word/握/#zh
L5-0798,污染,污染,wūrǎn,V,5,1-3,1-3,,False,https://forvo.com/word/污染/#zh
L5-0799,污水,污水,wūshuǐ,N,5,1-3,1-3,,False,https://forvo.com/word/污水/#zh
L5-0800,屋,屋,wū,N,5,1,1,,False,https://forvo.com/word/屋/#zh
L5-0801,无奈,無奈,wúnài,V/Conj,5,2-4,2-4,,False,https://forvo.com/word/无奈/#zh
L5-0802,无疑,無疑,wúyí,V,5,2-2,2-2,,False,https://forvo.com/word/无疑/#zh
L5-0803,舞,舞,wǔ,N/V,5,3,3,,False,https://forvo.com/word/舞/#zh
L5-0804,物价,物價,wùjià,N,5,4-4,4-4,,False,https://forvo.com/word/物价/#zh
L5-0805,物业,物業,wùyè,N,5,4-4,4-4,,False,https://forvo.com/word/物业/#zh
L5-0806,物质,物質,wùzhì,N,5,4-4,4-4,,False,https://forvo.com/word/物质/#zh
L5-0807,误解,誤解,wùjiě,V/N,5,4-3,4-3,,False,https://forvo.com/word/误解/#zh
L5-0808,西红柿,西紅柿,xīhóngshì,N,5,1-2-4,1-2-4,,False,https://forvo.com/word/西红柿/#zh
L5-0809,西装,西裝,xīzhuāng,N,5,1-1,1-1,,False,https://forvo.com/word/西装/#zh
L5-0810,喜剧,喜劇,xǐjù,N,5,3-4,3-4,,False,https://forvo.com/word/喜剧/#zh
L5-0811,戏,戲,xì,N,5,4,4,,False,https://forvo.com/word/戏/#zh
L5-0812,戏剧,戲劇,xìjù,N,5,4-4,4-4,,False,https://forvo.com/word/戏剧/#zh
L5-0813,吓,嚇,xià,V,5,4,4,,False,https://forvo.com/word/吓/#zh
L5-0814,先后,先後,xiānhòu,N/Adv,5,1-4,1-4,,False,https://forvo.com/word/先后/#zh
L5-0815,先前,先前,xiānqián,N,5,1-2,1-2,,False,https://forvo.com/word/先前/#zh
L5-0816,鲜艳,鮮艷,xiānyàn,Adj,5,1-4,1-4,,False,https://forvo.com/word/鲜艳/#zh
L5-0817,闲,閒,xián,Adj,5,2,2,,False,https://forvo.com/word/闲/#zh
L5-0818,显,顯,xiǎn,V,5,3,3,,False,https://forvo.com/word/显/#zh
L5-0819,现有,現有,xiànyǒu,,5,4-3,4-3,,False,https://forvo.com/word/现有/#zh
L5-0820,现状,現狀,xiànzhuàng,N,5,4-4,4-4,,False,https://forvo.com/word/现状/#zh
L5-0821,线索,線索,xiànsuǒ,N,5,4-3,4-3,,False,https://forvo.com/word/线索/#zh
L5-0822,献,獻,xiàn,V,5,4,4,,False,https://forvo.com/word/献/#zh
L5-0823,乡,鄉,xiāng,N,5,1,1,,False,https://forvo.com/word/乡/#zh
L5-0824,乡村,鄉村,xiāngcūn,N,5,1-1,1-1,,False,https://forvo.com/word/乡村/#zh
L5-0825,相等,相等,xiāngděng,V,5,1-3,1-3,,False,https://forvo.com/word/相等/#zh
L5-0826,相应,相應,xiāngyìng,V,5,1-4,1-4,,False,https://forvo.com/word/相应/#zh
L5-0827,香肠,香腸,xiāngcháng,N,5,1-2,1-2,,False,https://forvo.com/word/香肠/#zh
L5-0828,详细,詳細,xiángxì,Adj,5,2-4,2-4,,False,https://forvo.com/word/详细/#zh
L5-0829,享受,享受,xiǎngshòu,V/N,5,3-4,3-4,,False,https://forvo.com/word/享受/#zh
L5-0830,向导,嚮導,xiàngdǎo,N,5,4-3,4-3,,False,https://forvo.com/word/向导/#zh
L5-0831,向前,向前,xiàng qián,,5,4-2,4-2,,False,https://forvo.com/word/向前/#zh
L5-0832,向上,向上,xiàngshàng,V,5,4-4,4-4,,False,https://forvo.com/word/向上/#zh
L5-0833,相声,相聲,xiàngsheng,N,5,4-N,4-N,neutral_tone,False,https://forvo.com/word/相声/#zh
L5-0834,象征,象徵,xiàngzhēng,V/N,5,4-1,4-1,,False,https://forvo.com/word/象征/#zh
L5-0835,消除,消除,xiāochú,V,5,1-2,1-2,,False,https://forvo.com/word/消除/#zh
L5-0836,消毒,消毒,xiāodú,,5,1-2,1-2,,False,https://forvo.com/word/消毒/#zh
L5-0837,消防,消防,xiāofáng,V,5,1-2,1-2,,False,https://forvo.com/word/消防/#zh
L5-0838,消费者,消費者,xiāofèizhě,N,5,1-4-3,1-4-3,,False,https://forvo.com/word/消费者/#zh
L5-0839,消极,消極,xiāojí,Adj,5,1-2,1-2,,False,https://forvo.com/word/消极/#zh
L5-0840,小偷儿,小偷兒,xiǎotōur,N,5,3-1-N,3-1-N,neutral_tone,False,https://forvo.com/word/小偷儿/#zh
L5-0841,歇,歇,xiē,V,5,1,1,,False,https://forvo.com/word/歇/#zh
L5-0842,协议,協議,xiéyì,V/N,5,2-4,2-4,,False,https://forvo.com/word/协议/#zh
L5-0843,协议书,協議書,xiéyìshū,N,5,2-4-1,2-4-1,,False,https://forvo.com/word/协议书/#zh
L5-0844,斜,斜,xié,Adj,5,2,2,,False,https://forvo.com/word/斜/#zh
L5-0845,心态,心態,xīntài,N,5,1-4,1-4,,False,https://forvo.com/word/心态/#zh
L5-0846,心疼,心疼,xīnténg,V,5,1-2,1-2,,False,https://forvo.com/word/心疼/#zh
L5-0847,辛苦,辛苦,xīnkǔ,Adj/V,5,1-3,1-3,,False,https://forvo.com/word/辛苦/#zh
L5-0848,欣赏,欣賞,xīnshǎng,V,5,1-3,1-3,,False,https://forvo.com/word/欣赏/#zh
L5-0849,信念,信念,xìnniàn,N,5,4-4,4-4,,False,https://forvo.com/word/信念/#zh
L5-0850,信箱,信箱,xìnxiāng,N,5,4-1,4-1,,False,https://forvo.com/word/信箱/#zh
L5-0851,行驶,行駛,xíngshǐ,V,5,2-3,2-3,,False,https://forvo.com/word/行驶/#zh
L5-0852,形态,形態,xíngtài,N,5,2-4,2-4,,False,https://forvo.com/word/形态/#zh
L5-0853,性能,性能,xìngnéng,N,5,4-2,4-2,,False,https://forvo.com/word/性能/#zh
L5-0854,雄伟,雄偉,xióngwěi,Adj,5,2-3,2-3,,False,https://forvo.com/word/雄伟/#zh
L5-0855,熊,熊,xióng,N,5,2,2,,False,https://forvo.com/word/熊/#zh
L5-0856,休闲,休閒,xiūxián,V,5,1-2,1-2,,False,https://forvo.com/word/休闲/#zh
L5-0857,修复,修復,xiūfù,V,5,1-4,1-4,,False,https://forvo.com/word/修复/#zh
L5-0858,修建,修建,xiūjiàn,V,5,1-4,1-4,,False,https://forvo.com/word/修建/#zh
L5-0859,修养,修養,xiūyǎng,N,5,1-3,1-3,,False,https://forvo.com/word/修养/#zh
L5-0860,虚心,虛心,xūxīn,Adj,5,1-1,1-1,,False,https://forvo.com/word/虚心/#zh
L5-0861,许可,許可,xǔkě,V,5,3-3,2-3,third_tone_sandhi,False,https://forvo.com/word/许可/#zh
L5-0862,选修,選修,xuǎnxiū,V,5,3-1,3-1,,False,https://forvo.com/word/选修/#zh
L5-0863,学科,學科,xuékē,N,5,2-1,2-1,,False,https://forvo.com/word/学科/#zh
L5-0864,学位,學位,xuéwèi,N,5,2-4,2-4,,False,https://forvo.com/word/学位/#zh
L5-0865,学者,學者,xuézhě,N,5,2-3,2-3,,False,https://forvo.com/word/学者/#zh
L5-0866,寻求,尋求,xúnqiú,V,5,2-2,2-2,,False,https://forvo.com/word/寻求/#zh
L5-0867,询问,詢問,xúnwèn,V,5,2-4,2-4,,False,https://forvo.com/word/询问/#zh
L5-0868,押金,押金,yājīn,N,5,1-1,1-1,,False,https://forvo.com/word/押金/#zh
L5-0869,鸭子,鴨子,yāzi,N,5,1-N,1-N,neutral_tone,False,https://forvo.com/word/鸭子/#zh
L5-0870,亚军,亞軍,yàjūn,N,5,4-1,4-1,,False,https://forvo.com/word/亚军/#zh
L5-0871,延伸,延伸,yánshēn,V,5,2-1,2-1,,False,https://forvo.com/word/延伸/#zh
L5-0872,严厉,嚴厲,yánlì,Adj,5,2-4,2-4,,False,https://forvo.com/word/严厉/#zh
L5-0873,严肃,嚴肅,yánsù,Adj/V,5,2-4,2-4,,False,https://forvo.com/word/严肃/#zh
L5-0874,言语,言語,yányǔ,N,5,2-3,2-3,,False,https://forvo.com/word/言语/#zh
L5-0875,研究所,研究所,yánjiūsuǒ,N,5,2-1-3,2-1-3,,False,https://forvo.com/word/研究所/#zh
L5-0876,眼光,眼光,yǎnguāng,N,5,3-1,3-1,,False,https://forvo.com/word/眼光/#zh
L5-0877,邀请,邀請,yāoqǐng,V/N,5,1-3,1-3,,False,https://forvo.com/word/邀请/#zh
L5-0878,摇头,搖頭,yáotóu,,5,2-2,2-2,,False,https://forvo.com/word/摇头/#zh
L5-0879,咬,咬,yǎo,V,5,3,3,,False,https://forvo.com/word/咬/#zh
L5-0880,也好,也好,yěhǎo,Aux,5,3-3,2-3,third_tone_sandhi,False,https://forvo.com/word/也好/#zh
L5-0881,业务,業務,yèwù,N,5,4-4,4-4,,False,https://forvo.com/word/业务/#zh
L5-0882,夜间,夜間,yèjiān,N,5,4-1,4-1,,False,https://forvo.com/word/夜间/#zh
L5-0883,一流,一流,yīliú,N/Adj,5,1-2,4-2,yi_before_non_t4,False,https://forvo.com/word/一流/#zh
L5-0884,依法,依法,yīfǎ,Adv,5,1-3,1-3,,False,https://forvo.com/word/依法/#zh
L5-0885,依旧,依舊,yījiù,V/Adv,5,1-4,1-4,,False,https://forvo.com/word/依旧/#zh
L5-0886,依据,依據,yījù,V/N,5,1-4,1-4,,False,https://forvo.com/word/依据/#zh
L5-0887,依照,依照,yīzhào,V/Prep,5,1-4,1-4,,False,https://forvo.com/word/依照/#zh
L5-0888,一辈子,一輩子,yībèizi,N,5,1-4-N,2-4-N,neutral_tone;yi_before_t4,False,https://forvo.com/word/一辈子/#zh
L5-0889,一带,一帶,yīdài,N,5,1-4,2-4,yi_before_t4,False,https://forvo.com/word/一带/#zh
L5-0890,一旦,一旦,yīdàn,N/Adv,5,1-4,2-4,yi_before_t4,False,https://forvo.com/word/一旦/#zh
L5-0891,一句话,一句話,yī jù huà,,5,1-4-4,2-4-4,yi_before_t4,False,https://forvo.com/word/一句话/#zh
L5-0892,一路,一路,yīlù,N/Adv,5,1-4,2-4,yi_before_t4,False,https://forvo.com/word/一路/#zh
L5-0893,一下儿,一下兒,yīxiàr,Adv,5,1-4-N,2-4-N,neutral_tone;yi_before_t4,False,https://forvo.com/word/一下儿/#zh
L5-0894,一下子,一下子,yīxiàzi,Adv,5,1-4-N,2-4-N,neutral_tone;yi_before_t4,False,https://forvo.com/word/一下子/#zh
L5-0895,一向,一向,yīxiàng,Adv,5,1-4,2-4,yi_before_t4,False,https://forvo.com/word/一向/#zh
L5-0896,乙,乙,yǐ,N,5,3,3,,False,https://forvo.com/word/乙/#zh
L5-0897,以便,以便,yǐbiàn,Conj,5,3-4,3-4,,False,https://forvo.com/word/以便/#zh
L5-0898,以往,以往,yǐwǎng,N,5,3-3,2-3,third_tone_sandhi,False,https://forvo.com/word/以往/#zh
L5-0899,一口气,一口氣,yīkǒuqì,Adv,5,1-3-4,4-3-4,yi_before_non_t4,False,https://forvo.com/word/一口气/#zh
L5-0900,一身,一身,yīshēn,N,5,1-1,4-1,yi_before_non_t4,False,https://forvo.com/word/一身/#zh
L5-0901,意识,意識,yìshí,N/V,5,4-2,4-2,,False,https://forvo.com/word/意识/#zh
L5-0902,意味着,意味著,yìwèizhe,V,5,4-4-N,4-4-N,neutral_tone,False,https://forvo.com/word/意味着/#zh
L5-0903,意志,意志,yìzhì,N,5,4-4,4-4,,False,https://forvo.com/word/意志/#zh
L5-0904,因而,因而,yīn'ér,Conj,5,1-2,1-2,,False,https://forvo.com/word/因而/#zh
L5-0905,饮料,飲料,yǐnliào,N,5,3-4,3-4,,False,https://forvo.com/word/饮料/#zh
L5-0906,饮食,飲食,yǐnshí,N,5,3-2,3-2,,False,https://forvo.com/word/饮食/#zh
L5-0907,印刷,印刷,yìnshuā,V,5,4-1,4-1,,False,https://forvo.com/word/印刷/#zh
L5-0908,应,應,yìng,V,5,4,4,,False,https://forvo.com/word/应/#zh
L5-0909,硬,硬,yìng,Adj/Adv,5,4,4,,False,https://forvo.com/word/硬/#zh
L5-0910,硬件,硬件,yìngjiàn,N,5,4-4,4-4,,False,https://forvo.com/word/硬件/#zh
L5-0911,拥抱,擁抱,yōngbào,V,5,1-4,1-4,,False,https://forvo.com/word/拥抱/#zh
L5-0912,拥有,擁有,yōngyǒu,V,5,1-3,1-3,,False,https://forvo.com/word/拥有/#zh
L5-0913,用不着,用不著,yòngbuzháo,V,5,4-N-2,4-N-2,neutral_tone,False,https://forvo.com/word/用不着/#zh
L5-0914,用户,用戶,yònghù,N,5,4-4,4-4,,False,https://forvo.com/word/用户/#zh
L5-0915,用来,用來,yònglái,,5,4-2,4-2,,False,https://forvo.com/word/用来/#zh
L5-0916,用于,用於,yòngyú,,5,4-2,4-2,,False,https://forvo.com/word/用于/#zh
L5-0917,优惠,優惠,yōuhuì,Adj,5,1-4,1-4,,False,https://forvo.com/word/优惠/#zh
L5-0918,优先,優先,yōuxiān,V,5,1-1,1-1,,False,https://forvo.com/word/优先/#zh
L5-0919,幽默,幽默,yōumò,Adj,5,1-4,1-4,,False,https://forvo.com/word/幽默/#zh
L5-0920,尤其,尤其,yóuqí,Adv,5,2-2,2-2,,False,https://forvo.com/word/尤其/#zh
L5-0921,由此,由此,yóu cǐ,,5,2-3,2-3,,False,https://forvo.com/word/由此/#zh
L5-0922,犹豫,猶豫,yóuyù,Adj,5,2-4,2-4,,False,https://forvo.com/word/犹豫/#zh
L5-0923,游泳池,游泳池,yóuyǒngchí,N,5,2-3-2,2-3-2,,False,https://forvo.com/word/游泳池/#zh
L5-0924,友谊,友誼,yǒuyì,N,5,3-4,3-4,,False,https://forvo.com/word/友谊/#zh
L5-0925,有毒,有毒,yǒu dú,,5,3-2,3-2,,False,https://forvo.com/word/有毒/#zh
L5-0926,有害,有害,yǒu hài,,5,3-4,3-4,,False,https://forvo.com/word/有害/#zh
L5-0927,有力,有力,yǒulì,Adj,5,3-4,3-4,,False,https://forvo.com/word/有力/#zh
L5-0928,有利于,有利於,yǒulì yú,,5,3-4-2,3-4-2,,False,https://forvo.com/word/有利于/#zh
L5-0929,有着,有著,yǒuzhe,V,5,3-N,3-N,neutral_tone,False,https://forvo.com/word/有着/#zh
L5-0930,羽毛球,羽毛球,yǔmáoqiú,N,5,3-2-2,3-2-2,,False,https://forvo.com/word/羽毛球/#zh
L5-0931,羽绒服,羽絨服,yǔróngfú,N,5,3-2-2,3-2-2,,False,https://forvo.com/word/羽绒服/#zh
L5-0932,雨水,雨水,yǔshuǐ,N,5,3-3,2-3,third_tone_sandhi,False,https://forvo.com/word/雨水/#zh
L5-0933,预备,預備,yùbèi,V,5,4-4,4-4,,False,https://forvo.com/word/预备/#zh
L5-0934,预期,預期,yùqī,V,5,4-1,4-1,,False,https://forvo.com/word/预期/#zh
L5-0935,元旦,元旦,Yuándàn,N,5,2-4,2-4,,False,https://forvo.com/word/元旦/#zh
L5-0936,园林,園林,yuánlín,N,5,2-2,2-2,,False,https://forvo.com/word/园林/#zh
L5-0937,原理,原理,yuánlǐ,N,5,2-3,2-3,,False,https://forvo.com/word/原理/#zh
L5-0938,原始,原始,yuánshǐ,Adj,5,2-3,2-3,,False,https://forvo.com/word/原始/#zh
L5-0939,原先,原先,yuánxiān,N,5,2-1,2-1,,False,https://forvo.com/word/原先/#zh
L5-0940,原有,原有,yuányǒu,,5,2-3,2-3,,False,https://forvo.com/word/原有/#zh
L5-0941,远处,遠處,yuǎnchù,N,5,3-4,3-4,,False,https://forvo.com/word/远处/#zh
L5-0942,怨,怨,yuàn,V,5,4,4,,False,https://forvo.com/word/怨/#zh
L5-0943,愿,願,yuàn,V,5,4,4,,False,https://forvo.com/word/愿/#zh
L5-0944,约束,約束,yuēshù,V,5,1-4,1-4,,False,https://forvo.com/word/约束/#zh
L5-0945,月饼,月餅,yuèbing,N,5,4-3,4-3,,False,https://forvo.com/word/月饼/#zh
L5-0946,月球,月球,yuèqiú,N,5,4-2,4-2,,False,https://forvo.com/word/月球/#zh
L5-0947,阅览室,閱覽室,yuèlǎnshì,N,5,4-3-4,4-3-4,,False,https://forvo.com/word/阅览室/#zh
L5-0948,运,運,yùn,V,5,4,4,,False,https://forvo.com/word/运/#zh
L5-0949,运行,運行,yùnxíng,V,5,4-2,4-2,,False,https://forvo.com/word/运行/#zh
L5-0950,灾,災,zāi,N,5,1,1,,False,https://forvo.com/word/灾/#zh
L5-0951,灾害,災害,zāihài,N,5,1-4,1-4,,False,https://forvo.com/word/灾害/#zh
L5-0952,灾难,災難,zāinàn,N,5,1-4,1-4,,False,https://forvo.com/word/灾难/#zh
L5-0953,灾区,災區,zāiqū,N,5,1-1,1-1,,False,https://forvo.com/word/灾区/#zh
L5-0954,再次,再次,zàicì,Adv,5,4-4,4-4,,False,https://forvo.com/word/再次/#zh
L5-0955,再也,再也,zài yě,,5,4-3,4-3,,False,https://forvo.com/word/再也/#zh
L5-0956,在场,在場,zàichǎng,V,5,4-3,4-3,,False,https://forvo.com/word/在场/#zh
L5-0957,在内,在內,zàinèi,V,5,4-4,4-4,,False,https://forvo.com/word/在内/#zh
L5-0958,暂时,暫時,zànshí,Adj,5,4-2,4-2,,False,https://forvo.com/word/暂时/#zh
L5-0959,暂停,暫停,zàntíng,V,5,4-2,4-2,,False,https://forvo.com/word/暂停/#zh
L5-0960,糟,糟,zāo,Adj,5,1,1,,False,https://forvo.com/word/糟/#zh
L5-0961,糟糕,糟糕,zāogāo,Adj,5,1-1,1-1,,False,https://forvo.com/word/糟糕/#zh
L5-0962,早期,早期,zǎoqī,N,5,3-1,3-1,,False,https://forvo.com/word/早期/#zh
L5-0963,增,增,zēng,V,5,1,1,,False,https://forvo.com/word/增/#zh
L5-0964,增产,增產,zēngchǎn,,5,1-3,1-3,,False,https://forvo.com/word/增产/#zh
L5-0965,增大,增大,zēngdà,V,5,1-4,1-4,,False,https://forvo.com/word/增大/#zh
L5-0966,增多,增多,zēngduō,V,5,1-1,1-1,,False,https://forvo.com/word/增多/#zh
L5-0967,增强,增強,zēngqiáng,V,5,1-2,1-2,,False,https://forvo.com/word/增强/#zh
L5-0968,赠,贈,zèng,V,5,4,4,,False,https://forvo.com/word/赠/#zh
L5-0969,赠送,贈送,zèngsòng,V,5,4-4,4-4,,False,https://forvo.com/word/赠送/#zh
L5-0970,摘,摘,zhāi,V,5,1,1,,False,https://forvo.com/word/摘/#zh
L5-0971,展览,展覽,zhǎnlǎn,V/N,5,3-3,2-3,third_tone_sandhi,False,https://forvo.com/word/展览/#zh
L5-0972,展示,展示,zhǎnshì,V,5,3-4,3-4,,False,https://forvo.com/word/展示/#zh
L5-0973,展现,展現,zhǎnxiàn,V,5,3-4,3-4,,False,https://forvo.com/word/展现/#zh
L5-0974,占领,佔領,zhànlǐng,V,5,4-3,4-3,,False,https://forvo.com/word/占领/#zh
L5-0975,占有,佔有,zhànyǒu,V,5,4-3,4-3,,False,https://forvo.com/word/占有/#zh
L5-0976,涨,漲,zhǎng,V,5,3,3,,False,https://forvo.com/word/涨/#zh
L5-0977,涨价,漲價,zhǎngjià,,5,3-4,3-4,,False,https://forvo.com/word/涨价/#zh
L5-0978,掌握,掌握,zhǎngwò,V,5,3-4,3-4,,False,https://forvo.com/word/掌握/#zh
L5-0979,招生,招生,zhāoshēng,,5,1-1,1-1,,False,https://forvo.com/word/招生/#zh
L5-0980,招手,招手,zhāoshǒu,,5,1-3,1-3,,False,https://forvo.com/word/招手/#zh
L5-0981,珍贵,珍貴,zhēnguì,Adj,5,1-4,1-4,,False,https://forvo.com/word/珍贵/#zh
L5-0982,珍惜,珍惜,zhēnxī,V,5,1-1,1-1,,False,https://forvo.com/word/珍惜/#zh
L5-0983,珍珠,珍珠,zhēnzhū,N,5,1-1,1-1,,False,https://forvo.com/word/珍珠/#zh
L5-0984,真诚,真誠,zhēnchéng,Adj,5,1-2,1-2,,False,https://forvo.com/word/真诚/#zh
L5-0985,真理,真理,zhēnlǐ,N,5,1-3,1-3,,False,https://forvo.com/word/真理/#zh
L5-0986,真相,真相,zhēnxiàng,N,5,1-4,1-4,,False,https://forvo.com/word/真相/#zh
L5-0987,诊断,診斷,zhěnduàn,V,5,3-4,3-4,,False,https://forvo.com/word/诊断/#zh
L5-0988,振动,振動,zhèndòng,V,5,4-4,4-4,,False,https://forvo.com/word/振动/#zh
L5-0989,震惊,震驚,zhènjīng,Adj/V,5,4-1,4-1,,False,https://forvo.com/word/震惊/#zh
L5-0990,争议,爭議,zhēngyì,V,5,1-4,1-4,,False,https://forvo.com/word/争议/#zh
L5-0991,正版,正版,zhèngbǎn,N,5,4-3,4-3,,False,https://forvo.com/word/正版/#zh
L5-0992,正规,正規,zhèngguī,Adj,5,4-1,4-1,,False,https://forvo.com/word/正规/#zh
L5-0993,正如,正如,zhèngrú,V,5,4-2,4-2,,False,https://forvo.com/word/正如/#zh
L5-0994,正义,正義,zhèngyì,N/Adj,5,4-4,4-4,,False,https://forvo.com/word/正义/#zh
L5-0995,证实,證實,zhèngshí,V,5,4-2,4-2,,False,https://forvo.com/word/证实/#zh
L5-0996,证书,證書,zhèngshū,N,5,4-1,4-1,,False,https://forvo.com/word/证书/#zh
L5-0997,挣,掙,zhèng,V,5,4,4,,False,https://forvo.com/word/挣/#zh
L5-0998,挣钱,掙錢,zhèngqián,,5,4-2,4-2,,False,https://forvo.com/word/挣钱/#zh
L5-0999,之内,之內,zhīnèi,N,5,1-4,1-4,,False,https://forvo.com/word/之内/#zh
L5-1000,之外,之外,zhīwài,N,5,1-4,1-4,,False,https://forvo.com/word/之外/#zh
L5-1001,之下,之下,zhīxià,N,5,1-4,1-4,,False,https://forvo.com/word/之下/#zh
L5-1002,之中,之中,zhīzhōng,N,5,1-1,1-1,,False,https://forvo.com/word/之中/#zh
L5-1003,支出,支出,zhīchū,V/N,5,1-1,1-1,,False,https://forvo.com/word/支出/#zh
L5-1004,支配,支配,zhīpèi,V,5,1-4,1-4,,False,https://forvo.com/word/支配/#zh
L5-1005,执行,執行,zhíxíng,V,5,2-2,2-2,,False,https://forvo.com/word/执行/#zh
L5-1006,直线,直線,zhíxiàn,N/Adj,5,2-4,2-4,,False,https://forvo.com/word/直线/#zh
L5-1007,值班,值班,zhíbān,,5,2-1,2-1,,False,https://forvo.com/word/值班/#zh
L5-1008,职能,職能,zhínéng,N,5,2-2,2-2,,False,https://forvo.com/word/职能/#zh
L5-1009,职位,職位,zhíwèi,N,5,2-4,2-4,,False,https://forvo.com/word/职位/#zh
L5-1010,职务,職務,zhíwù,N,5,2-4,2-4,,False,https://forvo.com/word/职务/#zh
L5-1011,只不过,只不過,zhǐbùguò,Adv,5,3-N-4,3-N-4,neutral_tone,False,https://forvo.com/word/只不过/#zh
L5-1012,只见,只見,zhǐ jiàn,,5,3-4,3-4,,False,https://forvo.com/word/只见/#zh
L5-1013,指标,指標,zhǐbiāo,N,5,3-1,3-1,,False,https://forvo.com/word/指标/#zh
L5-1014,指甲,指甲,zhǐjia,N,5,3-N,3-N,neutral_tone,False,https://forvo.com/word/指甲/#zh
L5-1015,指示,指示,zhǐshì,N/V,5,3-4,3-4,,False,https://forvo.com/word/指示/#zh
L5-1016,指责,指責,zhǐzé,V,5,3-2,3-2,,False,https://forvo.com/word/指责/#zh
L5-1017,至,至,zhì,V,5,4,4,,False,https://forvo.com/word/至/#zh
L5-1018,制成,製成,zhìchéng,,5,4-2,4-2,,False,https://forvo.com/word/制成/#zh
L5-1019,制约,制約,zhìyuē,V,5,4-1,4-1,,False,https://forvo.com/word/制约/#zh
L5-1020,治安,治安,zhì'ān,N,5,4-1,4-1,,False,https://forvo.com/word/治安/#zh
L5-1021,治理,治理,zhìlǐ,V,5,4-3,4-3,,False,https://forvo.com/word/治理/#zh
L5-1022,中断,中斷,zhōngduàn,V,5,1-4,1-4,,False,https://forvo.com/word/中断/#zh
L5-1023,中秋节,中秋節,Zhōngqiū Jié,N,5,1-1-2,1-1-2,,False,https://forvo.com/word/中秋节/#zh
L5-1024,中央,中央,zhōngyāng,N,5,1-1,1-1,,False,https://forvo.com/word/中央/#zh
L5-1025,中药,中藥,zhōngyào,N,5,1-4,1-4,,False,https://forvo.com/word/中药/#zh
L5-1026,终点,終點,zhōngdiǎn,N,5,1-3,1-3,,False,https://forvo.com/word/终点/#zh
L5-1027,终身,終身,zhōngshēn,N,5,1-1,1-1,,False,https://forvo.com/word/终身/#zh
L5-1028,终止,終止,zhōngzhǐ,V,5,1-3,1-3,,False,https://forvo.com/word/终止/#zh
L5-1029,中毒,中毒,zhòngdú,,5,4-2,4-2,,False,https://forvo.com/word/中毒/#zh
L5-1030,众多,眾多,zhòngduō,Adj,5,4-1,4-1,,False,https://forvo.com/word/众多/#zh
L5-1031,周期,週期,zhōuqī,N,5,1-1,1-1,,False,https://forvo.com/word/周期/#zh
L5-1032,竹子,竹子,zhúzi,N,5,2-N,2-N,neutral_tone,False,https://forvo.com/word/竹子/#zh
L5-1033,主办,主辦,zhǔbàn,V,5,3-4,3-4,,False,https://forvo.com/word/主办/#zh
L5-1034,主导,主導,zhǔdǎo,V/N,5,3-3,2-3,third_tone_sandhi,False,https://forvo.com/word/主导/#zh
L5-1035,主观,主觀,zhǔguān,Adj,5,3-1,3-1,,False,https://forvo.com/word/主观/#zh
L5-1036,主管,主管,zhǔguǎn,V/N,5,3-3,2-3,third_tone_sandhi,False,https://forvo.com/word/主管/#zh
L5-1037,主体,主體,zhǔtǐ,N,5,3-3,2-3,third_tone_sandhi,False,https://forvo.com/word/主体/#zh
L5-1038,助理,助理,zhùlǐ,N,5,4-3,4-3,,False,https://forvo.com/word/助理/#zh
L5-1039,助手,助手,zhùshǒu,N,5,4-3,4-3,,False,https://forvo.com/word/助手/#zh
L5-1040,注册,註冊,zhùcè,,5,4-4,4-4,,False,https://forvo.com/word/注册/#zh
L5-1041,注射,注射,zhùshè,V,5,4-4,4-4,,False,https://forvo.com/word/注射/#zh
L5-1042,注视,注視,zhùshì,V,5,4-4,4-4,,False,https://forvo.com/word/注视/#zh
L5-1043,注重,注重,zhùzhòng,V,5,4-4,4-4,,False,https://forvo.com/word/注重/#zh
L5-1044,祝贺,祝賀,zhùhè,V,5,4-4,4-4,,False,https://forvo.com/word/祝贺/#zh
L5-1045,专辑,專輯,zhuānjí,N,5,1-2,1-2,,False,https://forvo.com/word/专辑/#zh
L5-1046,专利,專利,zhuānlì,N,5,1-4,1-4,,False,https://forvo.com/word/专利/#zh
L5-1047,转化,轉化,zhuǎnhuà,V,5,3-4,3-4,,False,https://forvo.com/word/转化/#zh
L5-1048,转换,轉換,zhuǎnhuàn,V,5,3-4,3-4,,False,https://forvo.com/word/转换/#zh
L5-1049,转让,轉讓,zhuǎnràng,V,5,3-4,3-4,,False,https://forvo.com/word/转让/#zh
L5-1050,转向,轉向,zhuǎnxiàng,V,5,3-4,3-4,,False,https://forvo.com/word/转向/#zh
L5-1051,装饰,裝飾,zhuāngshì,V/N,5,1-4,1-4,,False,https://forvo.com/word/装饰/#zh
L5-1052,撞,撞,zhuàng,V,5,4,4,,False,https://forvo.com/word/撞/#zh
L5-1053,资本,資本,zīběn,N,5,1-3,1-3,,False,https://forvo.com/word/资本/#zh
L5-1054,资产,資產,zīchǎn,N,5,1-3,1-3,,False,https://forvo.com/word/资产/#zh
L5-1055,资助,資助,zīzhù,V,5,1-4,1-4,,False,https://forvo.com/word/资助/#zh
L5-1056,子弹,子彈,zǐdàn,N,5,3-4,3-4,,False,https://forvo.com/word/子弹/#zh
L5-1057,仔细,仔細,zǐxì,Adj,5,3-4,3-4,,False,https://forvo.com/word/仔细/#zh
L5-1058,紫,紫,zǐ,Adj,5,3,3,,False,https://forvo.com/word/紫/#zh
L5-1059,自豪,自豪,zìháo,Adj,5,4-2,4-2,,False,https://forvo.com/word/自豪/#zh
L5-1060,自杀,自殺,zìshā,V,5,4-1,4-1,,False,https://forvo.com/word/自杀/#zh
L5-1061,自愿,自願,zìyuàn,V,5,4-4,4-4,,False,https://forvo.com/word/自愿/#zh
L5-1062,总裁,總裁,zǒngcái,N,5,3-2,3-2,,False,https://forvo.com/word/总裁/#zh
L5-1063,总数,總數,zǒngshù,N,5,3-4,3-4,,False,https://forvo.com/word/总数/#zh
L5-1064,总算,總算,zǒngsuàn,Adv,5,3-4,3-4,,False,https://forvo.com/word/总算/#zh
L5-1065,总体,總體,zǒngtǐ,N,5,3-3,2-3,third_tone_sandhi,False,https://forvo.com/word/总体/#zh
L5-1066,阻碍,阻礙,zǔ'ài,V/N,5,3-4,3-4,,False,https://forvo.com/word/阻碍/#zh
L5-1067,组织,組織,zǔzhī,V/N,5,3-1,3-1,,False,https://forvo.com/word/组织/#zh
L5-1068,醉,醉,zuì,V,5,4,4,,False,https://forvo.com/word/醉/#zh
L5-1069,尊敬,尊敬,zūnjìng,V/Adj,5,1-4,1-4,,False,https://forvo.com/word/尊敬/#zh
L5-1070,尊重,尊重,zūnzhòng,V,5,1-4,1-4,,False,https://forvo.com/word/尊重/#zh
L5-1071,遵守,遵守,zūnshǒu,V,5,1-3,1-3,,False,https://forvo.com/word/遵守/#zh
L6-0001,挨着,挨著,āizhe,,6,1-N,1-N,neutral_tone,False,https://forvo.com/word/挨着/#zh
L6-0002,挨,挨,ái,V,6,2,2,,False,https://forvo.com/word/挨/#zh
L6-0003,挨打,挨打,áidǎ,V,6,2-3,2-3,,False,https://forvo.com/word/挨打/#zh
L6-0004,安检,安檢,ānjiǎn,V,6,1-3,1-3,,False,https://forvo.com/word/安检/#zh
L6-0005,罢工,罷工,bàgōng,,6,4-1,4-1,,False,https://forvo.com/word/罢工/#zh
L6-0006,罢了,罷了,bàle,Aux,6,4-N,4-N,neutral_tone,False,https://forvo.com/word/罢了/#zh
L6-0007,白领,白領,báilǐng,N,6,2-3,2-3,,False,https://forvo.com/word/白领/#zh
L6-0008,百分点,百分點,bǎifēndiǎn,N,6,3-1-3,3-1-3,,False,https://forvo.com/word/百分点/#zh
L6-0009,办公,辦公,bàngōng,,6,4-1,4-1,,False,https://forvo.com/word/办公/#zh
L6-0010,办事处,辦事處,bànshìchù,N,6,4-4-4,4-4-4,,False,https://forvo.com/word/办事处/#zh
L6-0011,办学,辦學,bànxué,V,6,4-2,4-2,,False,https://forvo.com/word/办学/#zh
L6-0012,半决赛,半決賽,bànjuésài,N,6,4-2-4,4-2-4,,False,https://forvo.com/word/半决赛/#zh
L6-0013,傍晚,傍晚,bàngwǎn,N,6,4-3,4-3,,False,https://forvo.com/word/傍晚/#zh
L6-0014,保健,保健,bǎojiàn,V,6,3-4,3-4,,False,https://forvo.com/word/保健/#zh
L6-0015,报刊,報刊,bàokān,N,6,4-1,4-1,,False,https://forvo.com/word/报刊/#zh
L6-0016,报考,報考,bàokǎo,V,6,4-3,4-3,,False,https://forvo.com/word/报考/#zh
L6-0017,抱歉,抱歉,bàoqiàn,Adj,6,4-4,4-4,,False,https://forvo.com/word/抱歉/#zh
L6-0018,暴风雨,暴風雨,bàofēngyǔ,N,6,4-1-3,4-1-3,,False,https://forvo.com/word/暴风雨/#zh
L6-0019,暴力,暴力,bàolì,N,6,4-4,4-4,,False,https://forvo.com/word/暴力/#zh
L6-0020,暴露,暴露,bàolù,V,6,4-4,4-4,,False,https://forvo.com/word/暴露/#zh
L6-0021,暴雨,暴雨,bàoyǔ,N,6,4-3,4-3,,False,https://forvo.com/word/暴雨/#zh
L6-0022,爆,爆,bào,V,6,4,4,,False,https://forvo.com/word/爆/#zh
L6-0023,爆发,爆發,bàofā,V,6,4-1,4-1,,False,https://forvo.com/word/爆发/#zh
L6-0024,爆炸,爆炸,bàozhà,V,6,4-4,4-4,,False,https://forvo.com/word/爆炸/#zh
L6-0025,悲惨,悲慘,bēicǎn,Adj,6,1-3,1-3,,False,https://forvo.com/word/悲惨/#zh
L6-0026,背心,背心,bèixīn,N,6,4-1,4-1,,False,https://forvo.com/word/背心/#zh
L6-0027,背着,背著,bèizhe,,6,4-N,4-N,neutral_tone,False,https://forvo.com/word/背着/#zh
L6-0028,被告,被告,bèigào,N,6,4-4,4-4,,False,https://forvo.com/word/被告/#zh
L6-0029,奔跑,奔跑,bēnpǎo,V,6,1-3,1-3,,False,https://forvo.com/word/奔跑/#zh
L6-0030,本,本,běn,Pron/Adv,6,3,3,,False,https://forvo.com/word/本/#zh
L6-0031,本地,本地,běndì,N,6,3-4,3-4,,False,https://forvo.com/word/本地/#zh
L6-0032,本期,本期,běn qī,,6,3-1,3-1,,False,https://forvo.com/word/本期/#zh
L6-0033,本身,本身,běnshēn,Pron,6,3-1,3-1,,False,https://forvo.com/word/本身/#zh
L6-0034,本土,本土,běntǔ,N,6,3-3,2-3,third_tone_sandhi,False,https://forvo.com/word/本土/#zh
L6-0035,本质,本質,běnzhì,N,6,3-4,3-4,,False,https://forvo.com/word/本质/#zh
L6-0036,逼,逼,bī,V,6,1,1,,False,https://forvo.com/word/逼/#zh
L6-0037,笔试,筆試,bǐshì,V,6,3-4,3-4,,False,https://forvo.com/word/笔试/#zh
L6-0038,必将,必將,bìjiāng,Adv,6,4-1,4-1,,False,https://forvo.com/word/必将/#zh
L6-0039,必修,必修,bìxiū,Adj,6,4-1,4-1,,False,https://forvo.com/word/必修/#zh
L6-0040,闭,閉,bì,V,6,4,4,,False,https://forvo.com/word/闭/#zh
L6-0041,边缘,邊緣,biānyuán,N,6,1-2,1-2,,False,https://forvo.com/word/边缘/#zh
L6-0042,编制,編制,biānzhì,V,6,1-4,1-4,,False,https://forvo.com/word/编制/#zh
L6-0043,扁,扁,biǎn,Adj,6,3,3,,False,https://forvo.com/word/扁/#zh
L6-0044,变更,變更,biàngēng,V,6,4-1,4-1,,False,https://forvo.com/word/变更/#zh
L6-0045,变换,變換,biànhuàn,V,6,4-4,4-4,,False,https://forvo.com/word/变换/#zh
L6-0046,变形,變形,biànxíng,,6,4-2,4-2,,False,https://forvo.com/word/变形/#zh
L6-0047,便,便,biàn,Adv/Conj,6,4,4,,False,https://forvo.com/word/便/#zh
L6-0048,便是,便是,biàn shì,,6,4-4,4-4,,False,https://forvo.com/word/便是/#zh
L6-0049,遍地,遍地,biàndì,Adv,6,4-4,4-4,,False,https://forvo.com/word/遍地/#zh
L6-0050,表面上,表面上,biǎomiàn shang,,6,3-4-N,3-4-N,neutral_tone,False,https://forvo.com/word/表面上/#zh
L6-0051,病房,病房,bìngfáng,N,6,4-2,4-2,,False,https://forvo.com/word/病房/#zh
L6-0052,病情,病情,bìngqíng,N,6,4-2,4-2,,False,https://forvo.com/word/病情/#zh
L6-0053,拨打,撥打,bōdǎ,V,6,1-3,1-3,,False,https://forvo.com/word/拨打/#zh
L6-0054,波动,波動,bōdòng,V,6,1-4,1-4,,False,https://forvo.com/word/波动/#zh
L6-0055,波浪,波浪,bōlàng,N,6,1-4,1-4,,False,https://forvo.com/word/波浪/#zh
L6-0056,播,播,bō,V,6,1,1,,False,https://forvo.com/word/播/#zh
L6-0057,不便,不便,bùbiàn,Adj/V,6,4-4,2-4,bu_before_t4,False,https://forvo.com/word/不便/#zh
L6-0058,不见,不見,bùjiàn,V,6,4-4,2-4,bu_before_t4,False,https://forvo.com/word/不见/#zh
L6-0059,不料,不料,bùliào,Conj,6,4-4,2-4,bu_before_t4,False,https://forvo.com/word/不料/#zh
L6-0060,不再,不再,bùzài,V,6,4-4,2-4,bu_before_t4,False,https://forvo.com/word/不再/#zh
L6-0061,不至于,不至於,bùzhìyú,V,6,4-4-2,2-4-2,bu_before_t4,False,https://forvo.com/word/不至于/#zh
L6-0062,补考,補考,bǔkǎo,V,6,3-3,2-3,third_tone_sandhi,False,https://forvo.com/word/补考/#zh
L6-0063,补课,補課,bǔkè,,6,3-4,3-4,,False,https://forvo.com/word/补课/#zh
L6-0064,补习,補習,bǔxí,V,6,3-2,3-2,,False,https://forvo.com/word/补习/#zh
L6-0065,补助,補助,bǔzhù,V/N,6,3-4,3-4,,False,https://forvo.com/word/补助/#zh
L6-0066,捕,捕,bǔ,V,6,3,3,,False,https://forvo.com/word/捕/#zh
L6-0067,不成,不成,bùchéng,V/Adj,6,4-2,4-2,,False,https://forvo.com/word/不成/#zh
L6-0068,不禁,不禁,bùjīn,Adv,6,4-1,4-1,,False,https://forvo.com/word/不禁/#zh
L6-0069,不仅仅,不僅僅,bù jǐnjǐn,,6,4-3-3,4-2-3,third_tone_sandhi,False,https://forvo.com/word/不仅仅/#zh
L6-0070,不通,不通,bùtōng,V,6,4-1,4-1,,False,https://forvo.com/word/不通/#zh
L6-0071,不怎么,不怎麼,bùzěnme,Adv,6,4-3-N,4-3-N,neutral_tone,False,https://forvo.com/word/不怎么/#zh
L6-0072,不怎么样,不怎麼樣,bùzěnmeyàng,,6,4-3-N-4,4-3-N-4,neutral_tone,False,https://forvo.com/word/不怎么样/#zh
L6-0073,不值,不值,bùzhí,V,6,4-2,4-2,,False,https://forvo.com/word/不值/#zh
L6-0074,布满,布滿,bùmǎn,,6,4-3,4-3,,False,https://forvo.com/word/布满/#zh
L6-0075,部队,部隊,bùduì,N,6,4-4,4-4,,False,https://forvo.com/word/部队/#zh
L6-0076,采纳,採納,cǎinà,V,6,3-4,3-4,,False,https://forvo.com/word/采纳/#zh
L6-0077,踩,踩,cǎi,V,6,3,3,,False,https://forvo.com/word/踩/#zh
L6-0078,参赛,參賽,cānsài,V,6,1-4,1-4,,False,https://forvo.com/word/参赛/#zh
L6-0079,参展,參展,cānzhǎn,V,6,1-3,1-3,,False,https://forvo.com/word/参展/#zh
L6-0080,餐,餐,cān,M,6,1,1,,False,https://forvo.com/word/餐/#zh
L6-0081,残疾,殘疾,cánjí,N,6,2-2,2-2,,False,https://forvo.com/word/残疾/#zh
L6-0082,残疾人,殘疾人,cánjírén,N,6,2-2-2,2-2-2,,False,https://forvo.com/word/残疾人/#zh
L6-0083,残酷,殘酷,cánkù,Adj,6,2-4,2-4,,False,https://forvo.com/word/残酷/#zh
L6-0084,惨,慘,cǎn,Adj,6,3,3,,False,https://forvo.com/word/惨/#zh
L6-0085,仓库,倉庫,cāngkù,N,6,1-4,1-4,,False,https://forvo.com/word/仓库/#zh
L6-0086,藏,藏,cáng,V,6,2,2,,False,https://forvo.com/word/藏/#zh
L6-0087,操纵,操縱,cāozòng,V,6,1-4,1-4,,False,https://forvo.com/word/操纵/#zh
L6-0088,厕所,廁所,cèsuǒ,N,6,4-3,4-3,,False,https://forvo.com/word/厕所/#zh
L6-0089,侧,側,cè,N/V,6,4,4,,False,https://forvo.com/word/侧/#zh
L6-0090,测定,測定,cèdìng,V,6,4-4,4-4,,False,https://forvo.com/word/测定/#zh
L6-0091,策划,策劃,cèhuà,V,6,4-4,4-4,,False,https://forvo.com/word/策划/#zh
L6-0092,策略,策略,cèlüè,N,6,4-4,4-4,,False,https://forvo.com/word/策略/#zh
L6-0093,层面,層面,céngmiàn,N,6,2-4,2-4,,False,https://forvo.com/word/层面/#zh
L6-0094,差异,差異,chāyì,N,6,1-4,1-4,,False,https://forvo.com/word/差异/#zh
L6-0095,查出,查出,cháchū,,6,2-1,2-1,,False,https://forvo.com/word/查出/#zh
L6-0096,查看,查看,chákàn,V,6,2-4,2-4,,False,https://forvo.com/word/查看/#zh
L6-0097,拆迁,拆遷,chāiqiān,V,6,1-1,1-1,,False,https://forvo.com/word/拆迁/#zh
L6-0098,产量,產量,chǎnliàng,N,6,3-4,3-4,,False,https://forvo.com/word/产量/#zh
L6-0099,昌盛,昌盛,chāngshèng,Adj,6,1-4,1-4,,False,https://forvo.com/word/昌盛/#zh
L6-0100,长短,長短,chángduǎn,N,6,2-3,2-3,,False,https://forvo.com/word/长短/#zh
L6-0101,长假,長假,chángjià,N,6,2-4,2-4,,False,https://forvo.com/word/长假/#zh
L6-0102,长久,長久,chángjiǔ,Adj,6,2-3,2-3,,False,https://forvo.com/word/长久/#zh
L6-0103,长跑,長跑,chángpǎo,N,6,2-3,2-3,,False,https://forvo.com/word/长跑/#zh
L6-0104,长远,長遠,chángyuǎn,Adj,6,2-3,2-3,,False,https://forvo.com/word/长远/#zh
L6-0105,常规,常規,chángguī,N,6,2-1,2-1,,False,https://forvo.com/word/常规/#zh
L6-0106,常年,常年,chángnián,Adv/N,6,2-2,2-2,,False,https://forvo.com/word/常年/#zh
L6-0107,厂商,廠商,chǎngshāng,N,6,3-1,3-1,,False,https://forvo.com/word/厂商/#zh
L6-0108,场地,場地,chǎngdì,N,6,3-4,3-4,,False,https://forvo.com/word/场地/#zh
L6-0109,场馆,場館,chǎngguǎn,N,6,3-3,2-3,third_tone_sandhi,False,https://forvo.com/word/场馆/#zh
L6-0110,场景,場景,chǎngjǐng,N,6,3-3,2-3,third_tone_sandhi,False,https://forvo.com/word/场景/#zh
L6-0111,畅通,暢通,chàngtōng,Adj,6,4-1,4-1,,False,https://forvo.com/word/畅通/#zh
L6-0112,超,超,chāo,V,6,1,1,,False,https://forvo.com/word/超/#zh
L6-0113,超出,超出,chāochū,V,6,1-1,1-1,,False,https://forvo.com/word/超出/#zh
L6-0114,炒,炒,chǎo,V,6,3,3,,False,https://forvo.com/word/炒/#zh
L6-0115,炒股,炒股,chǎogǔ,,6,3-3,2-3,third_tone_sandhi,False,https://forvo.com/word/炒股/#zh
L6-0116,炒作,炒作,chǎozuò,V,6,3-4,3-4,,False,https://forvo.com/word/炒作/#zh
L6-0117,车号,車號,chēhào,N,6,1-4,1-4,,False,https://forvo.com/word/车号/#zh
L6-0118,车牌,車牌,chēpái,N,6,1-2,1-2,,False,https://forvo.com/word/车牌/#zh
L6-0119,车展,車展,chēzhǎn,N,6,1-3,1-3,,False,https://forvo.com/word/车展/#zh
L6-0120,撤离,撤離,chèlí,V,6,4-2,4-2,,False,https://forvo.com/word/撤离/#zh
L6-0121,撤销,撤銷,chèxiāo,V,6,4-1,4-1,,False,https://forvo.com/word/撤销/#zh
L6-0122,撑,撐,chēng,V,6,1,1,,False,https://forvo.com/word/撑/#zh
L6-0123,成,成,chéng,M,6,2,2,,False,https://forvo.com/word/成/#zh
L6-0124,成分,成分,chéngfèn,N,6,2-4,2-4,,False,https://forvo.com/word/成分/#zh
L6-0125,成品,成品,chéngpǐn,N,6,2-3,2-3,,False,https://forvo.com/word/成品/#zh
L6-0126,承诺,承諾,chéngnuò,V,6,2-4,2-4,,False,https://forvo.com/word/承诺/#zh
L6-0127,城区,城區,chéngqū,N,6,2-1,2-1,,False,https://forvo.com/word/城区/#zh
L6-0128,城乡,城鄉,chéng xiāng,,6,2-1,2-1,,False,https://forvo.com/word/城乡/#zh
L6-0129,城镇,城鎮,chéngzhèn,N,6,2-4,2-4,,False,https://forvo.com/word/城镇/#zh
L6-0130,持有,持有,chíyǒu,V,6,2-3,2-3,,False,https://forvo.com/word/持有/#zh
L6-0131,冲击,衝擊,chōngjī,V/N,6,1-1,1-1,,False,https://forvo.com/word/冲击/#zh
L6-0132,重建,重建,chóngjiàn,V,6,2-4,2-4,,False,https://forvo.com/word/重建/#zh
L6-0133,重组,重組,chóngzǔ,V,6,2-3,2-3,,False,https://forvo.com/word/重组/#zh
L6-0134,崇拜,崇拜,chóngbài,V,6,2-4,2-4,,False,https://forvo.com/word/崇拜/#zh
L6-0135,宠物,寵物,chǒngwù,N,6,3-4,3-4,,False,https://forvo.com/word/宠物/#zh
L6-0136,冲,衝,chòng,Prep/V,6,4,4,,False,https://forvo.com/word/冲/#zh
L6-0137,出场,出場,chūchǎng,,6,1-3,1-3,,False,https://forvo.com/word/出场/#zh
L6-0138,出动,出動,chūdòng,V,6,1-4,1-4,,False,https://forvo.com/word/出动/#zh
L6-0139,出访,出訪,chūfǎng,V,6,1-3,1-3,,False,https://forvo.com/word/出访/#zh
L6-0140,出路,出路,chūlù,N,6,1-4,1-4,,False,https://forvo.com/word/出路/#zh
L6-0141,出面,出面,chūmiàn,,6,1-4,1-4,,False,https://forvo.com/word/出面/#zh
L6-0142,出名,出名,chūmíng,,6,1-2,1-2,,False,https://forvo.com/word/出名/#zh
L6-0143,出入,出入,chūrù,V/N,6,1-4,1-4,,False,https://forvo.com/word/出入/#zh
L6-0144,出事,出事,chūshì,,6,1-4,1-4,,False,https://forvo.com/word/出事/#zh
L6-0145,出台,出臺,chūtái,,6,1-2,1-2,,False,https://forvo.com/word/出台/#zh
L6-0146,出行,出行,chūxíng,V,6,1-2,1-2,,False,https://forvo.com/word/出行/#zh
L6-0147,初等,初等,chūděng,Adj,6,1-3,1-3,,False,https://forvo.com/word/初等/#zh
L6-0148,除,除,chú,Prep/V,6,2,2,,False,https://forvo.com/word/除/#zh
L6-0149,厨师,廚師,chúshī,N,6,2-1,2-1,,False,https://forvo.com/word/厨师/#zh
L6-0150,储存,儲存,chǔcún,V,6,3-2,3-2,,False,https://forvo.com/word/储存/#zh
L6-0151,处处,處處,chùchù,Adv,6,4-4,4-4,,False,https://forvo.com/word/处处/#zh
L6-0152,处长,處長,chùzhǎng,N,6,4-3,4-3,,False,https://forvo.com/word/处长/#zh
L6-0153,传出,傳出,chuánchū,,6,2-1,2-1,,False,https://forvo.com/word/传出/#zh
L6-0154,传媒,傳媒,chuánméi,N,6,2-2,2-2,,False,https://forvo.com/word/传媒/#zh
L6-0155,传输,傳輸,chuánshū,V,6,2-1,2-1,,False,https://forvo.com/word/传输/#zh
L6-0156,传言,傳言,chuányán,N/V,6,2-2,2-2,,False,https://forvo.com/word/传言/#zh
L6-0157,船员,船員,chuányuán,N,6,2-2,2-2,,False,https://forvo.com/word/船员/#zh
L6-0158,船长,船長,chuánzhǎng,N,6,2-3,2-3,,False,https://forvo.com/word/船长/#zh
L6-0159,船只,船隻,chuánzhī,N,6,2-1,2-1,,False,https://forvo.com/word/船只/#zh
L6-0160,串,串,chuàn,M/V,6,4,4,,False,https://forvo.com/word/串/#zh
L6-0161,窗口,窗口,chuāngkǒu,N,6,1-3,1-3,,False,https://forvo.com/word/窗口/#zh
L6-0162,创办,創辦,chuàngbàn,V,6,4-4,4-4,,False,https://forvo.com/word/创办/#zh
L6-0163,创建,創建,chuàngjiàn,V,6,4-4,4-4,,False,https://forvo.com/word/创建/#zh
L6-0164,创意,創意,chuàngyì,N/V,6,4-4,4-4,,False,https://forvo.com/word/创意/#zh
L6-0165,此处,此處,cǐ chù,,6,3-4,3-4,,False,https://forvo.com/word/此处/#zh
L6-0166,此次,此次,cǐ cì,,6,3-4,3-4,,False,https://forvo.com/word/此次/#zh
L6-0167,此前,此前,cǐqián,N,6,3-2,3-2,,False,https://forvo.com/word/此前/#zh
L6-0168,此事,此事,cǐshì,N,6,3-4,3-4,,False,https://forvo.com/word/此事/#zh
L6-0169,此致,此致,cǐzhì,V,6,3-4,3-4,,False,https://forvo.com/word/此致/#zh
L6-0170,次数,次數,cìshù,N,6,4-4,4-4,,False,https://forvo.com/word/次数/#zh
L6-0171,从不,從不,cóng bù,,6,2-4,2-4,,False,https://forvo.com/word/从不/#zh
L6-0172,从没,從沒,cóng méi,,6,2-2,2-2,,False,https://forvo.com/word/从没/#zh
L6-0173,醋,醋,cù,N,6,4,4,,False,https://forvo.com/word/醋/#zh
L6-0174,村庄,村莊,cūnzhuāng,N,6,1-1,1-1,,False,https://forvo.com/word/村庄/#zh
L6-0175,错过,錯過,cuòguò,V,6,4-4,4-4,,False,https://forvo.com/word/错过/#zh
L6-0176,搭,搭,dā,V,6,1,1,,False,https://forvo.com/word/搭/#zh
L6-0177,搭档,搭檔,dādàng,V/N,6,1-4,1-4,,False,https://forvo.com/word/搭档/#zh
L6-0178,搭配,搭配,dāpèi,V,6,1-4,1-4,,False,https://forvo.com/word/搭配/#zh
L6-0179,打动,打動,dǎdòng,V,6,3-4,3-4,,False,https://forvo.com/word/打动/#zh
L6-0180,打断,打斷,dǎduàn,V,6,3-4,3-4,,False,https://forvo.com/word/打断/#zh
L6-0181,打发,打發,dǎfa,V,6,3-N,3-N,neutral_tone,False,https://forvo.com/word/打发/#zh
L6-0182,打官司,打官司,dǎ guānsi,,6,3-1-N,3-1-N,neutral_tone,False,https://forvo.com/word/打官司/#zh
L6-0183,打牌,打牌,dǎpái,V,6,3-2,3-2,,False,https://forvo.com/word/打牌/#zh
L6-0184,打印机,打印機,dǎyìnjī,N,6,3-4-1,3-4-1,,False,https://forvo.com/word/打印机/#zh
L6-0185,打造,打造,dǎzào,V,6,3-4,3-4,,False,https://forvo.com/word/打造/#zh
L6-0186,大道,大道,dàdào,N,6,4-4,4-4,,False,https://forvo.com/word/大道/#zh
L6-0187,大街,大街,dàjiē,N,6,4-1,4-1,,False,https://forvo.com/word/大街/#zh
L6-0188,大力,大力,dàlì,Adv,6,4-4,4-4,,False,https://forvo.com/word/大力/#zh
L6-0189,大米,大米,dàmǐ,N,6,4-3,4-3,,False,https://forvo.com/word/大米/#zh
L6-0190,大批,大批,dàpī,Adj,6,4-1,4-1,,False,https://forvo.com/word/大批/#zh
L6-0191,大赛,大賽,dàsài,N,6,4-4,4-4,,False,https://forvo.com/word/大赛/#zh
L6-0192,大师,大師,dàshī,N,6,4-1,4-1,,False,https://forvo.com/word/大师/#zh
L6-0193,大使,大使,dàshǐ,N,6,4-3,4-3,,False,https://forvo.com/word/大使/#zh
L6-0194,待会儿,待會兒,dāihuìr,,6,1-4-N,1-4-N,neutral_tone,False,https://forvo.com/word/待会儿/#zh
L6-0195,担忧,擔憂,dānyōu,V,6,1-1,1-1,,False,https://forvo.com/word/担忧/#zh
L6-0196,单打,單打,dāndǎ,N,6,1-3,1-3,,False,https://forvo.com/word/单打/#zh
L6-0197,诞生,誕生,dànshēng,V,6,4-1,4-1,,False,https://forvo.com/word/诞生/#zh
L6-0198,党,黨,dǎng,N,6,3,3,,False,https://forvo.com/word/党/#zh
L6-0199,当,當,dàng,V,6,4,4,,False,https://forvo.com/word/当/#zh
L6-0200,当成,當成,dàngchéng,V,6,4-2,4-2,,False,https://forvo.com/word/当成/#zh
L6-0201,当天,當天,dàngtiān,N,6,4-1,4-1,,False,https://forvo.com/word/当天/#zh
L6-0202,当作,當作,dàngzuò,V,6,4-4,4-4,,False,https://forvo.com/word/当作/#zh
L6-0203,档,檔,dàng,N,6,4,4,,False,https://forvo.com/word/档/#zh
L6-0204,档案,檔案,dàng'àn,N,6,4-4,4-4,,False,https://forvo.com/word/档案/#zh
L6-0205,岛,島,dǎo,N,6,3,3,,False,https://forvo.com/word/岛/#zh
L6-0206,到期,到期,dàoqī,,6,4-1,4-1,,False,https://forvo.com/word/到期/#zh
L6-0207,盗版,盜版,dàobǎn,N,6,4-3,4-3,,False,https://forvo.com/word/盗版/#zh
L6-0208,道教,道教,Dàojiào,N,6,4-4,4-4,,False,https://forvo.com/word/道教/#zh
L6-0209,道歉,道歉,dàoqiàn,,6,4-4,4-4,,False,https://forvo.com/word/道歉/#zh
L6-0210,低头,低頭,dītóu,,6,1-2,1-2,,False,https://forvo.com/word/低头/#zh
L6-0211,低温,低溫,dīwēn,N,6,1-1,1-1,,False,https://forvo.com/word/低温/#zh
L6-0212,滴,滴,dī,V/M,6,1,1,,False,https://forvo.com/word/滴/#zh
L6-0213,抵达,抵達,dǐdá,V,6,3-2,3-2,,False,https://forvo.com/word/抵达/#zh
L6-0214,抵抗,抵抗,dǐkàng,V,6,3-4,3-4,,False,https://forvo.com/word/抵抗/#zh
L6-0215,地板,地板,dìbǎn,N,6,4-3,4-3,,False,https://forvo.com/word/地板/#zh
L6-0216,地名,地名,dìmíng,N,6,4-2,4-2,,False,https://forvo.com/word/地名/#zh
L6-0217,地下室,地下室,dìxiàshì,N,6,4-4-4,4-4-4,,False,https://forvo.com/word/地下室/#zh
L6-0218,电车,電車,diànchē,N,6,4-1,4-1,,False,https://forvo.com/word/电车/#zh
L6-0219,电动,電動,diàndòng,Adj,6,4-4,4-4,,False,https://forvo.com/word/电动/#zh
L6-0220,电力,電力,diànlì,N,6,4-4,4-4,,False,https://forvo.com/word/电力/#zh
L6-0221,电器,電器,diànqì,N,6,4-4,4-4,,False,https://forvo.com/word/电器/#zh
L6-0222,吊,吊,diào,V,6,4,4,,False,https://forvo.com/word/吊/#zh
L6-0223,调研,調研,diàoyán,V,6,4-2,4-2,,False,https://forvo.com/word/调研/#zh
L6-0224,跌,跌,diē,V,6,1,1,,False,https://forvo.com/word/跌/#zh
L6-0225,定价,定價,dìngjià,N,6,4-4,4-4,,False,https://forvo.com/word/定价/#zh
L6-0226,定时,定時,dìngshí,V/N,6,4-2,4-2,,False,https://forvo.com/word/定时/#zh
L6-0227,定位,定位,dìngwèi,,6,4-4,4-4,,False,https://forvo.com/word/定位/#zh
L6-0228,动画,動畫,dònghuà,N,6,4-4,4-4,,False,https://forvo.com/word/动画/#zh
L6-0229,斗争,鬥爭,dòuzhēng,V/N,6,4-1,4-1,,False,https://forvo.com/word/斗争/#zh
L6-0230,都市,都市,dūshì,N,6,1-4,1-4,,False,https://forvo.com/word/都市/#zh
L6-0231,毒品,毒品,dúpǐn,N,6,2-3,2-3,,False,https://forvo.com/word/毒品/#zh
L6-0232,赌,賭,dǔ,V,6,3,3,,False,https://forvo.com/word/赌/#zh
L6-0233,赌博,賭博,dǔbó,V,6,3-2,3-2,,False,https://forvo.com/word/赌博/#zh
L6-0234,渡,渡,dù,V,6,4,4,,False,https://forvo.com/word/渡/#zh
L6-0235,端,端,duān,V,6,1,1,,False,https://forvo.com/word/端/#zh
L6-0236,端午节,端午節,Duānwǔ Jié,N,6,1-3-2,1-3-2,,False,https://forvo.com/word/端午节/#zh
L6-0237,短片,短片,duǎnpiàn,N,6,3-4,3-4,,False,https://forvo.com/word/短片/#zh
L6-0238,队伍,隊伍,duìwu,N,6,4-3,4-3,,False,https://forvo.com/word/队伍/#zh
L6-0239,对抗,對抗,duìkàng,V,6,4-4,4-4,,False,https://forvo.com/word/对抗/#zh
L6-0240,对外,對外,duìwài,V,6,4-4,4-4,,False,https://forvo.com/word/对外/#zh
L6-0241,蹲,蹲,dūn,V,6,1,1,,False,https://forvo.com/word/蹲/#zh
L6-0242,多半,多半,duōbàn,Num/Adv,6,1-4,1-4,,False,https://forvo.com/word/多半/#zh
L6-0243,多方面,多方面,duō fāngmiàn,,6,1-1-4,1-1-4,,False,https://forvo.com/word/多方面/#zh
L6-0244,多媒体,多媒體,duōméitǐ,N,6,1-2-3,1-2-3,,False,https://forvo.com/word/多媒体/#zh
L6-0245,夺,奪,duó,V,6,2,2,,False,https://forvo.com/word/夺/#zh
L6-0246,夺取,奪取,duóqǔ,V,6,2-3,2-3,,False,https://forvo.com/word/夺取/#zh
L6-0247,恩人,恩人,ēnrén,N,6,1-2,1-2,,False,https://forvo.com/word/恩人/#zh
L6-0248,儿科,兒科,érkē,N,6,2-1,2-1,,False,https://forvo.com/word/儿科/#zh
L6-0249,发病,發病,fābìng,,6,1-4,1-4,,False,https://forvo.com/word/发病/#zh
L6-0250,发电,發電,fādiàn,,6,1-4,1-4,,False,https://forvo.com/word/发电/#zh
L6-0251,发放,發放,fāfàng,V,6,1-4,1-4,,False,https://forvo.com/word/发放/#zh
L6-0252,发怒,發怒,fānù,,6,1-4,1-4,,False,https://forvo.com/word/发怒/#zh
L6-0253,发起,發起,fāqǐ,V,6,1-3,1-3,,False,https://forvo.com/word/发起/#zh
L6-0254,发言人,發言人,fāyánrén,N,6,1-2-2,1-2-2,,False,https://forvo.com/word/发言人/#zh
L6-0255,发炎,發炎,fāyán,V,6,1-2,1-2,,False,https://forvo.com/word/发炎/#zh
L6-0256,法庭,法庭,fǎtíng,N,6,3-2,3-2,,False,https://forvo.com/word/法庭/#zh
L6-0257,法语,法語,Fǎyǔ,N,6,3-3,2-3,third_tone_sandhi,False,https://forvo.com/word/法语/#zh
L6-0258,番,番,fān,M,6,1,1,,False,https://forvo.com/word/番/#zh
L6-0259,番茄,番茄,fānqié,N,6,1-2,1-2,,False,https://forvo.com/word/番茄/#zh
L6-0260,凡是,凡是,fánshì,Adv,6,2-4,2-4,,False,https://forvo.com/word/凡是/#zh
L6-0261,繁殖,繁殖,fánzhí,V,6,2-2,2-2,,False,https://forvo.com/word/繁殖/#zh
L6-0262,反抗,反抗,fǎnkàng,V,6,3-4,3-4,,False,https://forvo.com/word/反抗/#zh
L6-0263,反问,反問,fǎnwèn,V,6,3-4,3-4,,False,https://forvo.com/word/反问/#zh
L6-0264,反响,反響,fǎnxiǎng,N,6,3-3,2-3,third_tone_sandhi,False,https://forvo.com/word/反响/#zh
L6-0265,犯,犯,fàn,V,6,4,4,,False,https://forvo.com/word/犯/#zh
L6-0266,犯规,犯規,fànguī,,6,4-1,4-1,,False,https://forvo.com/word/犯规/#zh
L6-0267,犯罪,犯罪,fànzuì,,6,4-4,4-4,,False,https://forvo.com/word/犯罪/#zh
L6-0268,防范,防範,fángfàn,V,6,2-4,2-4,,False,https://forvo.com/word/防范/#zh
L6-0269,防守,防守,fángshǒu,V,6,2-3,2-3,,False,https://forvo.com/word/防守/#zh
L6-0270,房价,房價,fángjià,N,6,2-4,2-4,,False,https://forvo.com/word/房价/#zh
L6-0271,仿佛,彷彿,fǎngfú,Adv,6,3-2,3-2,,False,https://forvo.com/word/仿佛/#zh
L6-0272,飞船,飛船,fēichuán,N,6,1-2,1-2,,False,https://forvo.com/word/飞船/#zh
L6-0273,飞行员,飛行員,fēixíngyuán,N,6,1-2-2,1-2-2,,False,https://forvo.com/word/飞行员/#zh
L6-0274,肺,肺,fèi,N,6,4,4,,False,https://forvo.com/word/肺/#zh
L6-0275,分工,分工,fēngōng,,6,1-1,1-1,,False,https://forvo.com/word/分工/#zh
L6-0276,分裂,分裂,fēnliè,V,6,1-4,1-4,,False,https://forvo.com/word/分裂/#zh
L6-0277,愤怒,憤怒,fènnù,Adj,6,4-4,4-4,,False,https://forvo.com/word/愤怒/#zh
L6-0278,风暴,風暴,fēngbào,N,6,1-4,1-4,,False,https://forvo.com/word/风暴/#zh
L6-0279,峰会,峰會,fēnghuì,N,6,1-4,1-4,,False,https://forvo.com/word/峰会/#zh
L6-0280,奉献,奉獻,fèngxiàn,V,6,4-4,4-4,,False,https://forvo.com/word/奉献/#zh
L6-0281,佛,佛,fó,N,6,2,2,,False,https://forvo.com/word/佛/#zh
L6-0282,佛教,佛教,Fójiào,N,6,2-4,2-4,,False,https://forvo.com/word/佛教/#zh
L6-0283,服,服,fú,V,6,2,2,,False,https://forvo.com/word/服/#zh
L6-0284,浮,浮,fú,V,6,2,2,,False,https://forvo.com/word/浮/#zh
L6-0285,父女,父女,fùnǚ,N,6,4-3,4-3,,False,https://forvo.com/word/父女/#zh
L6-0286,父子,父子,fùzǐ,N,6,4-3,4-3,,False,https://forvo.com/word/父子/#zh
L6-0287,负,負,fù,V,6,4,4,,False,https://forvo.com/word/负/#zh
L6-0288,妇女,婦女,fùnǚ,N,6,4-3,4-3,,False,https://forvo.com/word/妇女/#zh
L6-0289,复苏,復甦,fùsū,V,6,4-1,4-1,,False,https://forvo.com/word/复苏/#zh
L6-0290,副,副,fù,Adj,6,4,4,,False,https://forvo.com/word/副/#zh
L6-0291,副,副,fù,M,6,4,4,,False,https://forvo.com/word/副/#zh
L6-0292,富人,富人,fùrén,N,6,4-2,4-2,,False,https://forvo.com/word/富人/#zh
L6-0293,富有,富有,fùyǒu,Adj/V,6,4-3,4-3,,False,https://forvo.com/word/富有/#zh
L6-0294,改装,改裝,gǎizhuāng,V,6,3-1,3-1,,False,https://forvo.com/word/改装/#zh
L6-0295,干涉,干涉,gānshè,V,6,1-4,1-4,,False,https://forvo.com/word/干涉/#zh
L6-0296,肝,肝,gān,N,6,1,1,,False,https://forvo.com/word/肝/#zh
L6-0297,杆,桿,gǎn,N,6,3,3,,False,https://forvo.com/word/杆/#zh
L6-0298,赶不上,趕不上,gǎnbushàng,V,6,3-4-4,3-2-4,bu_before_t4,False,https://forvo.com/word/赶不上/#zh
L6-0299,赶忙,趕忙,gǎnmáng,Adv,6,3-2,3-2,,False,https://forvo.com/word/赶忙/#zh
L6-0300,赶上,趕上,gǎnshàng,,6,3-4,3-4,,False,https://forvo.com/word/赶上/#zh
L6-0301,敢于,敢於,gǎnyú,V,6,3-2,3-2,,False,https://forvo.com/word/敢于/#zh
L6-0302,感人,感人,gǎnrén,Adj,6,3-2,3-2,,False,https://forvo.com/word/感人/#zh
L6-0303,刚好,剛好,gānghǎo,Adv,6,1-3,1-3,,False,https://forvo.com/word/刚好/#zh
L6-0304,岗位,崗位,gǎngwèi,N,6,3-4,3-4,,False,https://forvo.com/word/岗位/#zh
L6-0305,港口,港口,gǎngkǒu,N,6,3-3,2-3,third_tone_sandhi,False,https://forvo.com/word/港口/#zh
L6-0306,高层,高層,gāocéng,N/Adj,6,1-2,1-2,,False,https://forvo.com/word/高层/#zh
L6-0307,高档,高檔,gāodàng,Adj,6,1-4,1-4,,False,https://forvo.com/word/高档/#zh
L6-0308,高等,高等,gāoděng,Adj,6,1-3,1-3,,False,https://forvo.com/word/高等/#zh
L6-0309,高峰,高峰,gāofēng,N,6,1-1,1-1,,False,https://forvo.com/word/高峰/#zh
L6-0310,高考,高考,gāokǎo,N,6,1-3,1-3,,False,https://forvo.com/word/高考/#zh
L6-0311,高科技,高科技,gāokējì,N,6,1-1-4,1-1-4,,False,https://forvo.com/word/高科技/#zh
L6-0312,高手,高手,gāoshǒu,N,6,1-3,1-3,,False,https://forvo.com/word/高手/#zh
L6-0313,稿子,稿子,gǎozi,N,6,3-N,3-N,neutral_tone,False,https://forvo.com/word/稿子/#zh
L6-0314,歌唱,歌唱,gēchàng,V,6,1-4,1-4,,False,https://forvo.com/word/歌唱/#zh
L6-0315,歌词,歌詞,gēcí,N,6,1-2,1-2,,False,https://forvo.com/word/歌词/#zh
L6-0316,歌星,歌星,gēxīng,N,6,1-1,1-1,,False,https://forvo.com/word/歌星/#zh
L6-0317,革新,革新,géxīn,V/N,6,2-1,2-1,,False,https://forvo.com/word/革新/#zh
L6-0318,更是,更是,gèng shì,,6,4-4,4-4,,False,https://forvo.com/word/更是/#zh
L6-0319,工商,工商,gōngshāng,N,6,1-1,1-1,,False,https://forvo.com/word/工商/#zh
L6-0320,公,公,gōng,Adj,6,1,1,,False,https://forvo.com/word/公/#zh
L6-0321,公安,公安,gōng'ān,N,6,1-1,1-1,,False,https://forvo.com/word/公安/#zh
L6-0322,公鸡,公雞,gōngjī,N,6,1-1,1-1,,False,https://forvo.com/word/公鸡/#zh
L6-0323,公众,公眾,gōngzhòng,N,6,1-4,1-4,,False,https://forvo.com/word/公众/#zh
L6-0324,公主,公主,gōngzhǔ,N,6,1-3,1-3,,False,https://forvo.com/word/公主/#zh
L6-0325,攻击,攻擊,gōngjī,V,6,1-1,1-1,,False,https://forvo.com/word/攻击/#zh
L6-0326,供给,供給,gōngjǐ,V,6,1-3,1-3,,False,https://forvo.com/word/供给/#zh
L6-0327,宫,宮,gōng,N,6,1,1,,False,https://forvo.com/word/宫/#zh
L6-0328,巩固,鞏固,gǒnggù,Adj/V,6,3-4,3-4,,False,https://forvo.com/word/巩固/#zh
L6-0329,贡献,貢獻,gòngxiàn,V/N,6,4-4,4-4,,False,https://forvo.com/word/贡献/#zh
L6-0330,构建,構建,gòujiàn,V,6,4-4,4-4,,False,https://forvo.com/word/构建/#zh
L6-0331,孤独,孤獨,gūdú,Adj,6,1-2,1-2,,False,https://forvo.com/word/孤独/#zh
L6-0332,孤儿,孤兒,gū'ér,N,6,1-2,1-2,,False,https://forvo.com/word/孤儿/#zh
L6-0333,姑姑,姑姑,gūgu,N,6,1-N,1-N,neutral_tone,False,https://forvo.com/word/姑姑/#zh
L6-0334,古典,古典,gǔdiǎn,Adj,6,3-3,2-3,third_tone_sandhi,False,https://forvo.com/word/古典/#zh
L6-0335,股,股,gǔ,M,6,3,3,,False,https://forvo.com/word/股/#zh
L6-0336,股东,股東,gǔdōng,N,6,3-1,3-1,,False,https://forvo.com/word/股东/#zh
L6-0337,股票,股票,gǔpiào,N,6,3-4,3-4,,False,https://forvo.com/word/股票/#zh
L6-0338,故障,故障,gùzhàng,N,6,4-4,4-4,,False,https://forvo.com/word/故障/#zh
L6-0339,顾,顧,gù,V,6,4,4,,False,https://forvo.com/word/顾/#zh
L6-0340,刮,刮,guā,V,6,1,1,,False,https://forvo.com/word/刮/#zh
L6-0341,拐,拐,guǎi,V,6,3,3,,False,https://forvo.com/word/拐/#zh
L6-0342,关爱,關愛,guān'ài,V,6,1-4,1-4,,False,https://forvo.com/word/关爱/#zh
L6-0343,关联,關聯,guānlián,V,6,1-2,1-2,,False,https://forvo.com/word/关联/#zh
L6-0344,观光,觀光,guānguāng,V,6,1-1,1-1,,False,https://forvo.com/word/观光/#zh
L6-0345,官司,官司,guānsi,N,6,1-N,1-N,neutral_tone,False,https://forvo.com/word/官司/#zh
L6-0346,管道,管道,guǎndào,N,6,3-4,3-4,,False,https://forvo.com/word/管道/#zh
L6-0347,光辉,光輝,guānghuī,N/Adj,6,1-1,1-1,,False,https://forvo.com/word/光辉/#zh
L6-0348,广阔,廣闊,guǎngkuò,Adj,6,3-4,3-4,,False,https://forvo.com/word/广阔/#zh
L6-0349,轨道,軌道,guǐdào,N,6,3-4,3-4,,False,https://forvo.com/word/轨道/#zh
L6-0350,跪,跪,guì,V,6,4,4,,False,https://forvo.com/word/跪/#zh
L6-0351,国产,國產,guóchǎn,Adj,6,2-3,2-3,,False,https://forvo.com/word/国产/#zh
L6-0352,国歌,國歌,guógē,N,6,2-1,2-1,,False,https://forvo.com/word/国歌/#zh
L6-0353,国会,國會,guóhuì,N,6,2-4,2-4,,False,https://forvo.com/word/国会/#zh
L6-0354,国旗,國旗,guóqí,N,6,2-2,2-2,,False,https://forvo.com/word/国旗/#zh
L6-0355,国王,國王,guówáng,N,6,2-2,2-2,,False,https://forvo.com/word/国王/#zh
L6-0356,果酱,果醬,guǒjiàng,N,6,3-4,3-4,,False,https://forvo.com/word/果酱/#zh
L6-0357,果树,果樹,guǒshù,N,6,3-4,3-4,,False,https://forvo.com/word/果树/#zh
L6-0358,过渡,過渡,guòdù,V,6,4-4,4-4,,False,https://forvo.com/word/过渡/#zh
L6-0359,过后,過後,guòhòu,N,6,4-4,4-4,,False,https://forvo.com/word/过后/#zh
L6-0360,过时,過時,guòshí,Adj,6,4-2,4-2,,False,https://forvo.com/word/过时/#zh
L6-0361,海报,海報,hǎibào,N,6,3-4,3-4,,False,https://forvo.com/word/海报/#zh
L6-0362,海底,海底,hǎidǐ,N,6,3-3,2-3,third_tone_sandhi,False,https://forvo.com/word/海底/#zh
L6-0363,海军,海軍,hǎijūn,N,6,3-1,3-1,,False,https://forvo.com/word/海军/#zh
L6-0364,海浪,海浪,hǎilàng,N,6,3-4,3-4,,False,https://forvo.com/word/海浪/#zh
L6-0365,海外,海外,hǎiwài,N,6,3-4,3-4,,False,https://forvo.com/word/海外/#zh
L6-0366,海湾,海灣,hǎiwān,N,6,3-1,3-1,,False,https://forvo.com/word/海湾/#zh
L6-0367,海洋,海洋,hǎiyáng,N,6,3-2,3-2,,False,https://forvo.com/word/海洋/#zh
L6-0368,好（不）容易,好（不）容易,hǎo(bù)róngyì,Adj,6,3-2-4,3-2-4,,False,https://forvo.com/word/好（不）容易/#zh
L6-0369,好似,好似,hǎosì,V,6,3-4,3-4,,False,https://forvo.com/word/好似/#zh
L6-0370,好转,好轉,hǎozhuǎn,V,6,3-3,2-3,third_tone_sandhi,False,https://forvo.com/word/好转/#zh
L6-0371,好学,好學,hàoxué,V,6,4-2,4-2,,False,https://forvo.com/word/好学/#zh
L6-0372,合约,合約,héyuē,N,6,2-1,2-1,,False,https://forvo.com/word/合约/#zh
L6-0373,和谐,和諧,héxié,Adj,6,2-2,2-2,,False,https://forvo.com/word/和谐/#zh
L6-0374,核心,核心,héxīn,N,6,2-1,2-1,,False,https://forvo.com/word/核心/#zh
L6-0375,黑夜,黑夜,hēiyè,N,6,1-4,1-4,,False,https://forvo.com/word/黑夜/#zh
L6-0376,很难说,很難說,hěn nánshuō,,6,3-2-1,3-2-1,,False,https://forvo.com/word/很难说/#zh
L6-0377,狠,狠,hěn,Adj,6,3,3,,False,https://forvo.com/word/狠/#zh
L6-0378,横,橫,héng,V/Adj,6,2,2,,False,https://forvo.com/word/横/#zh
L6-0379,衡量,衡量,héngliáng,V,6,2-2,2-2,,False,https://forvo.com/word/衡量/#zh
L6-0380,宏大,宏大,hóngdà,Adj,6,2-4,2-4,,False,https://forvo.com/word/宏大/#zh
L6-0381,洪水,洪水,hóngshuǐ,N,6,2-3,2-3,,False,https://forvo.com/word/洪水/#zh
L6-0382,忽略,忽略,hūlüè,V,6,1-4,1-4,,False,https://forvo.com/word/忽略/#zh
L6-0383,壶,壺,hú,N/M,6,2,2,,False,https://forvo.com/word/壶/#zh
L6-0384,互动,互動,hùdòng,V,6,4-4,4-4,,False,https://forvo.com/word/互动/#zh
L6-0385,户外,戶外,hùwài,N,6,4-4,4-4,,False,https://forvo.com/word/户外/#zh
L6-0386,护,護,hù,V,6,4,4,,False,https://forvo.com/word/护/#zh
L6-0387,花费,花費,huāfèi,V,6,1-4,1-4,,False,https://forvo.com/word/花费/#zh
L6-0388,花瓶,花瓶,huāpíng,N,6,1-2,1-2,,False,https://forvo.com/word/花瓶/#zh
L6-0389,花生,花生,huāshēng,N,6,1-1,1-1,,False,https://forvo.com/word/花生/#zh
L6-0390,化解,化解,huàjiě,V,6,4-3,4-3,,False,https://forvo.com/word/化解/#zh
L6-0391,幻想,幻想,huànxiǎng,V/N,6,4-3,4-3,,False,https://forvo.com/word/幻想/#zh
L6-0392,患者,患者,huànzhě,N,6,4-3,4-3,,False,https://forvo.com/word/患者/#zh
L6-0393,皇帝,皇帝,huángdì,N,6,2-4,2-4,,False,https://forvo.com/word/皇帝/#zh
L6-0394,回应,回應,huíyìng,V,6,2-4,2-4,,False,https://forvo.com/word/回应/#zh
L6-0395,毁,毀,huǐ,V,6,3,3,,False,https://forvo.com/word/毁/#zh
L6-0396,会见,會見,huìjiàn,V,6,4-4,4-4,,False,https://forvo.com/word/会见/#zh
L6-0397,会长,會長,huìzhǎng,N,6,4-3,4-3,,False,https://forvo.com/word/会长/#zh
L6-0398,绘画,繪畫,huìhuà,V,6,4-4,4-4,,False,https://forvo.com/word/绘画/#zh
L6-0399,昏,昏,hūn,V,6,1,1,,False,https://forvo.com/word/昏/#zh
L6-0400,混,混,hùn,V/Adv,6,4,4,,False,https://forvo.com/word/混/#zh
L6-0401,混合,混合,hùnhé,V,6,4-2,4-2,,False,https://forvo.com/word/混合/#zh
L6-0402,混乱,混亂,hùnluàn,Adj,6,4-4,4-4,,False,https://forvo.com/word/混乱/#zh
L6-0403,活跃,活躍,huóyuè,Adj/V,6,2-4,2-4,,False,https://forvo.com/word/活跃/#zh
L6-0404,火箭,火箭,huǒjiàn,N,6,3-4,3-4,,False,https://forvo.com/word/火箭/#zh
L6-0405,机动车,機動車,jīdòngchē,N,6,1-4-1,1-4-1,,False,https://forvo.com/word/机动车/#zh
L6-0406,机关,機關,jīguān,N,6,1-1,1-1,,False,https://forvo.com/word/机关/#zh
L6-0407,机械,機械,jīxiè,N,6,1-4,1-4,,False,https://forvo.com/word/机械/#zh
L6-0408,基督教,基督教,Jīdūjiào,N,6,1-1-4,1-1-4,,False,https://forvo.com/word/基督教/#zh
L6-0409,激情,激情,jīqíng,N,6,1-2,1-2,,False,https://forvo.com/word/激情/#zh
L6-0410,吉利,吉利,jílì,Adj,6,2-4,2-4,,False,https://forvo.com/word/吉利/#zh
L6-0411,吉祥,吉祥,jíxiáng,Adj,6,2-2,2-2,,False,https://forvo.com/word/吉祥/#zh
L6-0412,极端,極端,jíduān,N/Adj,6,2-1,2-1,,False,https://forvo.com/word/极端/#zh
L6-0413,急救,急救,jíjiù,V,6,2-4,2-4,,False,https://forvo.com/word/急救/#zh
L6-0414,疾病,疾病,jíbìng,N,6,2-4,2-4,,False,https://forvo.com/word/疾病/#zh
L6-0415,集,集,jí,N/M,6,2,2,,False,https://forvo.com/word/集/#zh
L6-0416,给予,給予,jǐyǔ,V,6,3-3,2-3,third_tone_sandhi,False,https://forvo.com/word/给予/#zh
L6-0417,加盟,加盟,jiāméng,V,6,1-2,1-2,,False,https://forvo.com/word/加盟/#zh
L6-0418,家电,家電,jiādiàn,N,6,1-4,1-4,,False,https://forvo.com/word/家电/#zh
L6-0419,家园,家園,jiāyuán,N,6,1-2,1-2,,False,https://forvo.com/word/家园/#zh
L6-0420,嘉宾,嘉賓,jiābīn,N,6,1-1,1-1,,False,https://forvo.com/word/嘉宾/#zh
L6-0421,假日,假日,jiàrì,N,6,4-4,4-4,,False,https://forvo.com/word/假日/#zh
L6-0422,尖,尖,jiān,Adj,6,1,1,,False,https://forvo.com/word/尖/#zh
L6-0423,监测,監測,jiāncè,V,6,1-4,1-4,,False,https://forvo.com/word/监测/#zh
L6-0424,监督,監督,jiāndū,V/N,6,1-1,1-1,,False,https://forvo.com/word/监督/#zh
L6-0425,捡,撿,jiǎn,V,6,3,3,,False,https://forvo.com/word/捡/#zh
L6-0426,简介,簡介,jiǎnjiè,V/N,6,3-4,3-4,,False,https://forvo.com/word/简介/#zh
L6-0427,剑,劍,jiàn,N,6,4,4,,False,https://forvo.com/word/剑/#zh
L6-0428,鉴定,鑑定,jiàndìng,V/N,6,4-4,4-4,,False,https://forvo.com/word/鉴定/#zh
L6-0429,箭,箭,jiàn,N,6,4,4,,False,https://forvo.com/word/箭/#zh
L6-0430,将军,將軍,jiāngjūn,N,6,1-1,1-1,,False,https://forvo.com/word/将军/#zh
L6-0431,讲课,講課,jiǎngkè,,6,3-4,3-4,,False,https://forvo.com/word/讲课/#zh
L6-0432,酱,醬,jiàng,N,6,4,4,,False,https://forvo.com/word/酱/#zh
L6-0433,酱油,醬油,jiàngyóu,N,6,4-2,4-2,,False,https://forvo.com/word/酱油/#zh
L6-0434,骄傲,驕傲,jiāo'ào,Adj/N,6,1-4,1-4,,False,https://forvo.com/word/骄傲/#zh
L6-0435,焦点,焦點,jiāodiǎn,N,6,1-3,1-3,,False,https://forvo.com/word/焦点/#zh
L6-0436,脚印,腳印,jiǎoyìn,N,6,3-4,3-4,,False,https://forvo.com/word/脚印/#zh
L6-0437,觉,覺,jiào,N,6,4,4,,False,https://forvo.com/word/觉/#zh
L6-0438,教堂,教堂,jiàotáng,N,6,4-2,4-2,,False,https://forvo.com/word/教堂/#zh
L6-0439,教育部,教育部,jiàoyùbù,N,6,4-4-4,4-4-4,,False,https://forvo.com/word/教育部/#zh
L6-0440,接收,接收,jiēshōu,V,6,1-1,1-1,,False,https://forvo.com/word/接收/#zh
L6-0441,揭,揭,jiē,V,6,1,1,,False,https://forvo.com/word/揭/#zh
L6-0442,街头,街頭,jiētóu,N,6,1-2,1-2,,False,https://forvo.com/word/街头/#zh
L6-0443,节,節,jié,V,6,2,2,,False,https://forvo.com/word/节/#zh
L6-0444,节假日,節假日,jiéjiàrì,N,6,2-4-4,2-4-4,,False,https://forvo.com/word/节假日/#zh
L6-0445,节能,節能,jiénéng,V,6,2-2,2-2,,False,https://forvo.com/word/节能/#zh
L6-0446,节奏,節奏,jiézòu,N,6,2-4,2-4,,False,https://forvo.com/word/节奏/#zh
L6-0447,杰出,傑出,jiéchū,Adj,6,2-1,2-1,,False,https://forvo.com/word/杰出/#zh
L6-0448,截止,截止,jiézhǐ,V,6,2-3,2-3,,False,https://forvo.com/word/截止/#zh
L6-0449,截至,截至,jiézhì,V,6,2-4,2-4,,False,https://forvo.com/word/截至/#zh
L6-0450,解,解,jiě,V,6,3,3,,False,https://forvo.com/word/解/#zh
L6-0451,解说,解說,jiěshuō,V,6,3-1,3-1,,False,https://forvo.com/word/解说/#zh
L6-0452,界,界,jiè,N,6,4,4,,False,https://forvo.com/word/界/#zh
L6-0453,界（文艺界）,界（文藝界）,jiè(wényìjiè),Suffix,6,4,4,,False,https://forvo.com/word/界（文艺界）/#zh
L6-0454,借鉴,借鑒,jièjiàn,V,6,4-4,4-4,,False,https://forvo.com/word/借鉴/#zh
L6-0455,金额,金額,jīn'é,N,6,1-2,1-2,,False,https://forvo.com/word/金额/#zh
L6-0456,金钱,金錢,jīnqián,N,6,1-2,1-2,,False,https://forvo.com/word/金钱/#zh
L6-0457,金融,金融,jīnróng,N,6,1-2,1-2,,False,https://forvo.com/word/金融/#zh
L6-0458,尽,盡,jìn,V/Adv,6,4,4,,False,https://forvo.com/word/尽/#zh
L6-0459,进攻,進攻,jìngōng,V,6,4-1,4-1,,False,https://forvo.com/word/进攻/#zh
L6-0460,近日,近日,jìnrì,N,6,4-4,4-4,,False,https://forvo.com/word/近日/#zh
L6-0461,近视,近視,jìnshì,Adj,6,4-4,4-4,,False,https://forvo.com/word/近视/#zh
L6-0462,惊人,驚人,jīngrén,Adj,6,1-2,1-2,,False,https://forvo.com/word/惊人/#zh
L6-0463,惊喜,驚喜,jīngxǐ,Adj/N,6,1-3,1-3,,False,https://forvo.com/word/惊喜/#zh
L6-0464,精,精,jīng,Adj,6,1,1,,False,https://forvo.com/word/精/#zh
L6-0465,精美,精美,jīngměi,Adj,6,1-3,1-3,,False,https://forvo.com/word/精美/#zh
L6-0466,精品,精品,jīngpǐn,N,6,1-3,1-3,,False,https://forvo.com/word/精品/#zh
L6-0467,井,井,jǐng,N,6,3,3,,False,https://forvo.com/word/井/#zh
L6-0468,景,景,jǐng,N,6,3,3,,False,https://forvo.com/word/景/#zh
L6-0469,景点,景點,jǐngdiǎn,N,6,3-3,2-3,third_tone_sandhi,False,https://forvo.com/word/景点/#zh
L6-0470,净,淨,jìng,Adj/Adv,6,4,4,,False,https://forvo.com/word/净/#zh
L6-0471,纠纷,糾紛,jiūfēn,N,6,1-1,1-1,,False,https://forvo.com/word/纠纷/#zh
L6-0472,纠正,糾正,jiūzhèng,V,6,1-4,1-4,,False,https://forvo.com/word/纠正/#zh
L6-0473,酒水,酒水,jiǔshuǐ,N,6,3-3,2-3,third_tone_sandhi,False,https://forvo.com/word/酒水/#zh
L6-0474,救命,救命,jiùmìng,,6,4-4,4-4,,False,https://forvo.com/word/救命/#zh
L6-0475,救援,救援,jiùyuán,V,6,4-2,4-2,,False,https://forvo.com/word/救援/#zh
L6-0476,救助,救助,jiùzhù,V,6,4-4,4-4,,False,https://forvo.com/word/救助/#zh
L6-0477,就是说,就是說,jiùshìshuō,,6,4-4-1,4-4-1,,False,https://forvo.com/word/就是说/#zh
L6-0478,就算,就算,jiùsuàn,Conj,6,4-4,4-4,,False,https://forvo.com/word/就算/#zh
L6-0479,局,局,jú,M,6,2,2,,False,https://forvo.com/word/局/#zh
L6-0480,剧,劇,jù,N,6,4,4,,False,https://forvo.com/word/剧/#zh
L6-0481,据,據,jù,Prep,6,4,4,,False,https://forvo.com/word/据/#zh
L6-0482,捐,捐,juān,V,6,1,1,,False,https://forvo.com/word/捐/#zh
L6-0483,捐款,捐款,juānkuǎn,N,6,1-3,1-3,,False,https://forvo.com/word/捐款/#zh
L6-0484,捐赠,捐贈,juānzèng,V,6,1-4,1-4,,False,https://forvo.com/word/捐赠/#zh
L6-0485,捐助,捐助,juānzhù,V,6,1-4,1-4,,False,https://forvo.com/word/捐助/#zh
L6-0486,决策,決策,juécè,V/N,6,2-4,2-4,,False,https://forvo.com/word/决策/#zh
L6-0487,觉悟,覺悟,juéwù,V/N,6,2-4,2-4,,False,https://forvo.com/word/觉悟/#zh
L6-0488,绝,絕,jué,Adj/Adv,6,2,2,,False,https://forvo.com/word/绝/#zh
L6-0489,绝大多数,絕大多數,jué dàduōshù,,6,2-4-1-4,2-4-1-4,,False,https://forvo.com/word/绝大多数/#zh
L6-0490,军队,軍隊,jūnduì,N,6,1-4,1-4,,False,https://forvo.com/word/军队/#zh
L6-0491,军舰,軍艦,jūnjiàn,N,6,1-4,1-4,,False,https://forvo.com/word/军舰/#zh
L6-0492,军事,軍事,jūnshì,N,6,1-4,1-4,,False,https://forvo.com/word/军事/#zh
L6-0493,开创,開創,kāichuàng,V,6,1-4,1-4,,False,https://forvo.com/word/开创/#zh
L6-0494,开关,開關,kāiguān,N,6,1-1,1-1,,False,https://forvo.com/word/开关/#zh
L6-0495,开设,開設,kāishè,V,6,1-4,1-4,,False,https://forvo.com/word/开设/#zh
L6-0496,开通,開通,kāitōng,V,6,1-1,1-1,,False,https://forvo.com/word/开通/#zh
L6-0497,开头,開頭,kāitóu,N,6,1-2,1-2,,False,https://forvo.com/word/开头/#zh
L6-0498,开夜车,開夜車,kāi yèchē,,6,1-4-1,1-4-1,,False,https://forvo.com/word/开夜车/#zh
L6-0499,看,看,kān,V,6,1,1,,False,https://forvo.com/word/看/#zh
L6-0500,看管,看管,kānguǎn,V,6,1-3,1-3,,False,https://forvo.com/word/看管/#zh
L6-0501,看得见,看得見,kàndejiàn,V,6,4-2-4,4-2-4,,False,https://forvo.com/word/看得见/#zh
L6-0502,看得起,看得起,kàndeqǐ,V,6,4-N-3,4-N-3,neutral_tone,False,https://forvo.com/word/看得起/#zh
L6-0503,看好,看好,kànhǎo,V,6,4-3,4-3,,False,https://forvo.com/word/看好/#zh
L6-0504,看作,看作,kànzuò,V,6,4-4,4-4,,False,https://forvo.com/word/看作/#zh
L6-0505,康复,康復,kāngfù,V,6,1-4,1-4,,False,https://forvo.com/word/康复/#zh
L6-0506,抗议,抗議,kàngyì,V,6,4-4,4-4,,False,https://forvo.com/word/抗议/#zh
L6-0507,考场,考場,kǎochǎng,N,6,3-3,2-3,third_tone_sandhi,False,https://forvo.com/word/考场/#zh
L6-0508,考题,考題,kǎotí,N,6,3-2,3-2,,False,https://forvo.com/word/考题/#zh
L6-0509,科研,科研,kēyán,V/N,6,1-2,1-2,,False,https://forvo.com/word/科研/#zh
L6-0510,客车,客車,kèchē,N,6,4-1,4-1,,False,https://forvo.com/word/客车/#zh
L6-0511,肯,肯,kěn,V,6,3,3,,False,https://forvo.com/word/肯/#zh
L6-0512,空军,空軍,kōngjūn,N,6,1-1,1-1,,False,https://forvo.com/word/空军/#zh
L6-0513,口试,口試,kǒushì,V,6,3-4,3-4,,False,https://forvo.com/word/口试/#zh
L6-0514,扣,扣,kòu,V,6,4,4,,False,https://forvo.com/word/扣/#zh
L6-0515,酷,酷,kù,Adj,6,4,4,,False,https://forvo.com/word/酷/#zh
L6-0516,跨,跨,kuà,V,6,4,4,,False,https://forvo.com/word/跨/#zh
L6-0517,快车,快車,kuàichē,N,6,4-1,4-1,,False,https://forvo.com/word/快车/#zh
L6-0518,宽阔,寬闊,kuānkuò,Adj,6,1-4,1-4,,False,https://forvo.com/word/宽阔/#zh
L6-0519,矿,礦,kuàng,N,6,4,4,,False,https://forvo.com/word/矿/#zh
L6-0520,阔,闊,kuò,Adj,6,4,4,,False,https://forvo.com/word/阔/#zh
L6-0521,啦,啦,la,Aux,6,N,N,neutral_tone,False,https://forvo.com/word/啦/#zh
L6-0522,来往,來往,láiwǎng,V,6,2-3,2-3,,False,https://forvo.com/word/来往/#zh
L6-0523,赖,賴,lài,V/Adj,6,4,4,,False,https://forvo.com/word/赖/#zh
L6-0524,栏目,欄目,lánmù,N,6,2-4,2-4,,False,https://forvo.com/word/栏目/#zh
L6-0525,蓝领,藍領,lánlǐng,N,6,2-3,2-3,,False,https://forvo.com/word/蓝领/#zh
L6-0526,蓝天,藍天,lán tiān,,6,2-1,2-1,,False,https://forvo.com/word/蓝天/#zh
L6-0527,懒,懶,lǎn,Adj,6,3,3,,False,https://forvo.com/word/懒/#zh
L6-0528,牢,牢,láo,Adj,6,2,2,,False,https://forvo.com/word/牢/#zh
L6-0529,老乡,老鄉,lǎoxiāng,N,6,3-1,3-1,,False,https://forvo.com/word/老乡/#zh
L6-0530,冷气,冷氣,lěngqì,N,6,3-4,3-4,,False,https://forvo.com/word/冷气/#zh
L6-0531,冷水,冷水,lěngshuǐ,N,6,3-3,2-3,third_tone_sandhi,False,https://forvo.com/word/冷水/#zh
L6-0532,礼堂,禮堂,lǐtáng,N,6,3-2,3-2,,False,https://forvo.com/word/礼堂/#zh
L6-0533,理,理,lǐ,V/N,6,3,3,,False,https://forvo.com/word/理/#zh
L6-0534,理财,理財,lǐcái,,6,3-2,3-2,,False,https://forvo.com/word/理财/#zh
L6-0535,理智,理智,lǐzhì,N/Adj,6,3-4,3-4,,False,https://forvo.com/word/理智/#zh
L6-0536,力（影响力）,力（影響力）,lì(yǐngxiǎnglì),Suffix,6,4,4,,False,https://forvo.com/word/力（影响力）/#zh
L6-0537,利,利,lì,N,6,4,4,,False,https://forvo.com/word/利/#zh
L6-0538,联盟,聯盟,liánméng,N,6,2-2,2-2,,False,https://forvo.com/word/联盟/#zh
L6-0539,联赛,聯賽,liánsài,N,6,2-4,2-4,,False,https://forvo.com/word/联赛/#zh
L6-0540,联手,聯手,liánshǒu,V,6,2-3,2-3,,False,https://forvo.com/word/联手/#zh
L6-0541,凉鞋,涼鞋,liángxié,N,6,2-2,2-2,,False,https://forvo.com/word/凉鞋/#zh
L6-0542,两侧,兩側,liǎngcè,N,6,3-4,3-4,,False,https://forvo.com/word/两侧/#zh
L6-0543,两手,兩手,liǎngshǒu,N,6,3-3,2-3,third_tone_sandhi,False,https://forvo.com/word/两手/#zh
L6-0544,聊,聊,liáo,V,6,2,2,,False,https://forvo.com/word/聊/#zh
L6-0545,聊天儿,聊天兒,liáotiānr,,6,2-1-N,2-1-N,neutral_tone,False,https://forvo.com/word/聊天儿/#zh
L6-0546,料,料,liào,V,6,4,4,,False,https://forvo.com/word/料/#zh
L6-0547,料,料,liào,N,6,4,4,,False,https://forvo.com/word/料/#zh
L6-0548,裂,裂,liè,V,6,4,4,,False,https://forvo.com/word/裂/#zh
L6-0549,灵活,靈活,línghuó,Adj,6,2-2,2-2,,False,https://forvo.com/word/灵活/#zh
L6-0550,领取,領取,lǐngqǔ,V,6,3-3,2-3,third_tone_sandhi,False,https://forvo.com/word/领取/#zh
L6-0551,领袖,領袖,lǐngxiù,N,6,3-4,3-4,,False,https://forvo.com/word/领袖/#zh
L6-0552,另,另,lìng,Pron/Adv,6,4,4,,False,https://forvo.com/word/另/#zh
L6-0553,留言,留言,liúyán,V/N,6,2-2,2-2,,False,https://forvo.com/word/留言/#zh
L6-0554,流感,流感,liúgǎn,N,6,2-3,2-3,,False,https://forvo.com/word/流感/#zh
L6-0555,楼道,樓道,lóudào,N,6,2-4,2-4,,False,https://forvo.com/word/楼道/#zh
L6-0556,楼房,樓房,lóufáng,N,6,2-2,2-2,,False,https://forvo.com/word/楼房/#zh
L6-0557,露,露,lòu,V,6,4,4,,False,https://forvo.com/word/露/#zh
L6-0558,陆军,陸軍,lùjūn,N,6,4-1,4-1,,False,https://forvo.com/word/陆军/#zh
L6-0559,录像,錄像,lùxiàng,V/N,6,4-4,4-4,,False,https://forvo.com/word/录像/#zh
L6-0560,录音机,錄音機,lùyīnjī,N,6,4-1-1,4-1-1,,False,https://forvo.com/word/录音机/#zh
L6-0561,路过,路過,lùguò,V,6,4-4,4-4,,False,https://forvo.com/word/路过/#zh
L6-0562,露,露,lù,V,6,4,4,,False,https://forvo.com/word/露/#zh
L6-0563,旅店,旅店,lǚdiàn,N,6,3-4,3-4,,False,https://forvo.com/word/旅店/#zh
L6-0564,绿化,綠化,lǜhuà,V,6,4-4,4-4,,False,https://forvo.com/word/绿化/#zh
L6-0565,马车,馬車,mǎchē,N,6,3-1,3-1,,False,https://forvo.com/word/马车/#zh
L6-0566,嘛,嘛,ma,Aux,6,N,N,neutral_tone,False,https://forvo.com/word/嘛/#zh
L6-0567,埋,埋,mái,V,6,2,2,,False,https://forvo.com/word/埋/#zh
L6-0568,馒头,饅頭,mántou,N,6,2-N,2-N,neutral_tone,False,https://forvo.com/word/馒头/#zh
L6-0569,慢车,慢車,mànchē,N,6,4-1,4-1,,False,https://forvo.com/word/慢车/#zh
L6-0570,盲人,盲人,mángrén,N,6,2-2,2-2,,False,https://forvo.com/word/盲人/#zh
L6-0571,梅花,梅花,méihuā,N,6,2-1,2-1,,False,https://forvo.com/word/梅花/#zh
L6-0572,美容,美容,měiróng,V,6,3-2,3-2,,False,https://forvo.com/word/美容/#zh
L6-0573,蒙,蒙,mēng,V,6,1,1,,False,https://forvo.com/word/蒙/#zh
L6-0574,蒙,蒙,méng,V,6,2,2,,False,https://forvo.com/word/蒙/#zh
L6-0575,猛,猛,měng,Adj,6,3,3,,False,https://forvo.com/word/猛/#zh
L6-0576,棉,棉,mián,N,6,2,2,,False,https://forvo.com/word/棉/#zh
L6-0577,免得,免得,miǎnde,Conj,6,3-N,3-N,neutral_tone,False,https://forvo.com/word/免得/#zh
L6-0578,面对面,面對面,miànduìmiàn,,6,4-4-4,4-4-4,,False,https://forvo.com/word/面对面/#zh
L6-0579,面向,面嚮,miànxiàng,V,6,4-4,4-4,,False,https://forvo.com/word/面向/#zh
L6-0580,妙,妙,miào,Adj,6,4,4,,False,https://forvo.com/word/妙/#zh
L6-0581,灭,滅,miè,V,6,4,4,,False,https://forvo.com/word/灭/#zh
L6-0582,民歌,民歌,míngē,N,6,2-1,2-1,,False,https://forvo.com/word/民歌/#zh
L6-0583,民工,民工,míngōng,N,6,2-1,2-1,,False,https://forvo.com/word/民工/#zh
L6-0584,民警,民警,mínjǐng,N,6,2-3,2-3,,False,https://forvo.com/word/民警/#zh
L6-0585,民意,民意,mínyì,N,6,2-4,2-4,,False,https://forvo.com/word/民意/#zh
L6-0586,民主,民主,mínzhǔ,N/Adj,6,2-3,2-3,,False,https://forvo.com/word/民主/#zh
L6-0587,名额,名額,míng'é,N,6,2-2,2-2,,False,https://forvo.com/word/名额/#zh
L6-0588,名胜,名勝,míngshèng,N,6,2-4,2-4,,False,https://forvo.com/word/名胜/#zh
L6-0589,名义,名義,míngyì,N,6,2-4,2-4,,False,https://forvo.com/word/名义/#zh
L6-0590,名誉,名譽,míngyù,N/Adj,6,2-4,2-4,,False,https://forvo.com/word/名誉/#zh
L6-0591,明日,明日,míngrì,N,6,2-4,2-4,,False,https://forvo.com/word/明日/#zh
L6-0592,命,命,mìng,N,6,4,4,,False,https://forvo.com/word/命/#zh
L6-0593,膜,膜,mó,N,6,2,2,,False,https://forvo.com/word/膜/#zh
L6-0594,磨,磨,mó,V,6,2,2,,False,https://forvo.com/word/磨/#zh
L6-0595,没收,沒收,mòshōu,V,6,4-1,4-1,,False,https://forvo.com/word/没收/#zh
L6-0596,墨水,墨水,mòshuǐ,N,6,4-3,4-3,,False,https://forvo.com/word/墨水/#zh
L6-0597,母,母,mǔ,Adj/N,6,3,3,,False,https://forvo.com/word/母/#zh
L6-0598,母鸡,母雞,mǔjī,N,6,3-1,3-1,,False,https://forvo.com/word/母鸡/#zh
L6-0599,母女,母女,mǔnǚ,N,6,3-3,2-3,third_tone_sandhi,False,https://forvo.com/word/母女/#zh
L6-0600,母子,母子,mǔzǐ,N,6,3-3,2-3,third_tone_sandhi,False,https://forvo.com/word/母子/#zh
L6-0601,墓,墓,mù,N,6,4,4,,False,https://forvo.com/word/墓/#zh
L6-0602,拿走,拿走,názǒu,,6,2-3,2-3,,False,https://forvo.com/word/拿走/#zh
L6-0603,奶粉,奶粉,nǎifěn,N,6,3-3,2-3,third_tone_sandhi,False,https://forvo.com/word/奶粉/#zh
L6-0604,奶牛,奶牛,nǎiniú,N,6,3-2,3-2,,False,https://forvo.com/word/奶牛/#zh
L6-0605,难忘,難忘,nánwàng,V,6,2-4,2-4,,False,https://forvo.com/word/难忘/#zh
L6-0606,内地,內地,nèidì,N,6,4-4,4-4,,False,https://forvo.com/word/内地/#zh
L6-0607,内外,內外,nèiwài,N,6,4-4,4-4,,False,https://forvo.com/word/内外/#zh
L6-0608,内衣,內衣,nèiyī,N,6,4-1,4-1,,False,https://forvo.com/word/内衣/#zh
L6-0609,能否,能否,néngfǒu,V,6,2-3,2-3,,False,https://forvo.com/word/能否/#zh
L6-0610,泥,泥,ní,N,6,2,2,,False,https://forvo.com/word/泥/#zh
L6-0611,扭,扭,niǔ,V,6,3,3,,False,https://forvo.com/word/扭/#zh
L6-0612,排行榜,排行榜,páihángbǎng,N,6,2-2-3,2-2-3,,False,https://forvo.com/word/排行榜/#zh
L6-0613,派出,派出,pàichū,,6,4-1,4-1,,False,https://forvo.com/word/派出/#zh
L6-0614,判,判,pàn,V,6,4,4,,False,https://forvo.com/word/判/#zh
L6-0615,盼望,盼望,pànwàng,V,6,4-4,4-4,,False,https://forvo.com/word/盼望/#zh
L6-0616,泡,泡,pào,V/N,6,4,4,,False,https://forvo.com/word/泡/#zh
L6-0617,炮,炮,pào,N,6,4,4,,False,https://forvo.com/word/炮/#zh
L6-0618,陪同,陪同,péitóng,V,6,2-2,2-2,,False,https://forvo.com/word/陪同/#zh
L6-0619,配置,配置,pèizhì,V,6,4-4,4-4,,False,https://forvo.com/word/配置/#zh
L6-0620,皮球,皮球,píqiú,N,6,2-2,2-2,,False,https://forvo.com/word/皮球/#zh
L6-0621,偏,偏,piān,Adj/Adv,6,1,1,,False,https://forvo.com/word/偏/#zh
L6-0622,贫困,貧困,pínkùn,Adj,6,2-4,2-4,,False,https://forvo.com/word/贫困/#zh
L6-0623,品牌,品牌,pǐnpái,N,6,3-2,3-2,,False,https://forvo.com/word/品牌/#zh
L6-0624,聘请,聘請,pìnqǐng,V,6,4-3,4-3,,False,https://forvo.com/word/聘请/#zh
L6-0625,平凡,平凡,píngfán,Adj,6,2-2,2-2,,False,https://forvo.com/word/平凡/#zh
L6-0626,平方米,平方米,píngfāngmǐ,M,6,2-1-3,2-1-3,,False,https://forvo.com/word/平方米/#zh
L6-0627,平衡,平衡,pínghéng,Adj,6,2-2,2-2,,False,https://forvo.com/word/平衡/#zh
L6-0628,平台,平臺,píngtái,N,6,2-2,2-2,,False,https://forvo.com/word/平台/#zh
L6-0629,评,評,píng,V,6,2,2,,False,https://forvo.com/word/评/#zh
L6-0630,评选,評選,píngxuǎn,V,6,2-3,2-3,,False,https://forvo.com/word/评选/#zh
L6-0631,屏幕,屏幕,píngmù,N,6,2-4,2-4,,False,https://forvo.com/word/屏幕/#zh
L6-0632,坡,坡,pō,N,6,1,1,,False,https://forvo.com/word/坡/#zh
L6-0633,扑,撲,pū,V,6,1,1,,False,https://forvo.com/word/扑/#zh
L6-0634,铺,鋪,pū,V,6,1,1,,False,https://forvo.com/word/铺/#zh
L6-0635,欺负,欺負,qīfu,V,6,1-N,1-N,neutral_tone,False,https://forvo.com/word/欺负/#zh
L6-0636,奇妙,奇妙,qímiào,Adj,6,2-4,2-4,,False,https://forvo.com/word/奇妙/#zh
L6-0637,企图,企圖,qǐtú,V/N,6,3-2,3-2,,False,https://forvo.com/word/企图/#zh
L6-0638,起点,起點,qǐdiǎn,N,6,3-3,2-3,third_tone_sandhi,False,https://forvo.com/word/起点/#zh
L6-0639,起诉,起訴,qǐsù,V,6,3-4,3-4,,False,https://forvo.com/word/起诉/#zh
L6-0640,气氛,氣氛,qìfēn,N,6,4-1,4-1,,False,https://forvo.com/word/气氛/#zh
L6-0641,恰当,恰當,qiàdàng,Adj,6,4-4,4-4,,False,https://forvo.com/word/恰当/#zh
L6-0642,恰好,恰好,qiàhǎo,Adv,6,4-3,4-3,,False,https://forvo.com/word/恰好/#zh
L6-0643,恰恰,恰恰,qiàqià,Adv,6,4-4,4-4,,False,https://forvo.com/word/恰恰/#zh
L6-0644,牵,牽,qiān,V,6,1,1,,False,https://forvo.com/word/牵/#zh
L6-0645,铅笔,鉛筆,qiānbǐ,N,6,1-3,1-3,,False,https://forvo.com/word/铅笔/#zh
L6-0646,谦虚,謙虛,qiānxū,Adj,6,1-1,1-1,,False,https://forvo.com/word/谦虚/#zh
L6-0647,前方,前方,qiánfāng,N,6,2-1,2-1,,False,https://forvo.com/word/前方/#zh
L6-0648,前来,前來,qiánlái,V,6,2-2,2-2,,False,https://forvo.com/word/前来/#zh
L6-0649,潜力,潛力,qiánlì,N,6,2-4,2-4,,False,https://forvo.com/word/潜力/#zh
L6-0650,强盗,強盜,qiángdào,N,6,2-4,2-4,,False,https://forvo.com/word/强盗/#zh
L6-0651,强化,強化,qiánghuà,V,6,2-4,2-4,,False,https://forvo.com/word/强化/#zh
L6-0652,强势,強勢,qiángshì,N/Adj,6,2-4,2-4,,False,https://forvo.com/word/强势/#zh
L6-0653,强壮,強壯,qiángzhuàng,Adj/V,6,2-4,2-4,,False,https://forvo.com/word/强壮/#zh
L6-0654,桥梁,橋梁,qiáoliáng,N,6,2-2,2-2,,False,https://forvo.com/word/桥梁/#zh
L6-0655,巧妙,巧妙,qiǎomiào,Adj,6,3-4,3-4,,False,https://forvo.com/word/巧妙/#zh
L6-0656,茄子,茄子,qiézi,N,6,2-N,2-N,neutral_tone,False,https://forvo.com/word/茄子/#zh
L6-0657,切实,切實,qièshí,Adj,6,4-2,4-2,,False,https://forvo.com/word/切实/#zh
L6-0658,侵犯,侵犯,qīnfàn,V,6,1-4,1-4,,False,https://forvo.com/word/侵犯/#zh
L6-0659,亲属,親屬,qīnshǔ,N,6,1-3,1-3,,False,https://forvo.com/word/亲属/#zh
L6-0660,亲眼,親眼,qīnyǎn,Adv,6,1-3,1-3,,False,https://forvo.com/word/亲眼/#zh
L6-0661,倾向,傾向,qīngxiàng,V/N,6,1-4,1-4,,False,https://forvo.com/word/倾向/#zh
L6-0662,清,清,qīng,Adj/V,6,1,1,,False,https://forvo.com/word/清/#zh
L6-0663,清洁,清潔,qīngjié,Adj,6,1-2,1-2,,False,https://forvo.com/word/清洁/#zh
L6-0664,清洁工,清潔工,qīngjiégōng,N,6,1-2-1,1-2-1,,False,https://forvo.com/word/清洁工/#zh
L6-0665,清明节,清明節,Qīngmíng Jié,N,6,1-2-2,1-2-2,,False,https://forvo.com/word/清明节/#zh
L6-0666,清洗,清洗,qīngxǐ,V,6,1-3,1-3,,False,https://forvo.com/word/清洗/#zh
L6-0667,情绪,情緒,qíngxù,N,6,2-4,2-4,,False,https://forvo.com/word/情绪/#zh
L6-0668,求职,求職,qiúzhí,V,6,2-2,2-2,,False,https://forvo.com/word/求职/#zh
L6-0669,球拍,球拍,qiúpāi,N,6,2-1,2-1,,False,https://forvo.com/word/球拍/#zh
L6-0670,球星,球星,qiúxīng,N,6,2-1,2-1,,False,https://forvo.com/word/球星/#zh
L6-0671,球员,球員,qiúyuán,N,6,2-2,2-2,,False,https://forvo.com/word/球员/#zh
L6-0672,区分,區分,qūfēn,V,6,1-1,1-1,,False,https://forvo.com/word/区分/#zh
L6-0673,渠道,渠道,qúdào,N,6,2-4,2-4,,False,https://forvo.com/word/渠道/#zh
L6-0674,取款,取款,qǔkuǎn,V,6,3-3,2-3,third_tone_sandhi,False,https://forvo.com/word/取款/#zh
L6-0675,取款机,取款機,qǔkuǎnjī,N,6,3-3-1,2-3-1,third_tone_sandhi,False,https://forvo.com/word/取款机/#zh
L6-0676,去掉,去掉,qùdiào,,6,4-4,4-4,,False,https://forvo.com/word/去掉/#zh
L6-0677,权,權,quán,N,6,2,2,,False,https://forvo.com/word/权/#zh
L6-0678,权力,權力,quánlì,N,6,2-4,2-4,,False,https://forvo.com/word/权力/#zh
L6-0679,全力,全力,quánlì,N,6,2-4,2-4,,False,https://forvo.com/word/全力/#zh
L6-0680,全新,全新,quánxīn,Adj,6,2-1,2-1,,False,https://forvo.com/word/全新/#zh
L6-0681,券,券,quàn,N,6,4,4,,False,https://forvo.com/word/券/#zh
L6-0682,缺陷,缺陷,quēxiàn,N,6,1-4,1-4,,False,https://forvo.com/word/缺陷/#zh
L6-0683,却是,卻是,què shì,,6,4-4,4-4,,False,https://forvo.com/word/却是/#zh
L6-0684,让座,讓座,ràngzuò,,6,4-4,4-4,,False,https://forvo.com/word/让座/#zh
L6-0685,热点,熱點,rèdiǎn,N,6,4-3,4-3,,False,https://forvo.com/word/热点/#zh
L6-0686,热水,熱水,rèshuǐ,N,6,4-3,4-3,,False,https://forvo.com/word/热水/#zh
L6-0687,热水器,熱水器,rèshuǐqì,N,6,4-3-4,4-3-4,,False,https://forvo.com/word/热水器/#zh
L6-0688,热线,熱線,rèxiàn,N,6,4-4,4-4,,False,https://forvo.com/word/热线/#zh
L6-0689,人权,人權,rénquán,N,6,2-2,2-2,,False,https://forvo.com/word/人权/#zh
L6-0690,认同,認同,rèntóng,V,6,4-2,4-2,,False,https://forvo.com/word/认同/#zh
L6-0691,日夜,日夜,rìyè,N,6,4-4,4-4,,False,https://forvo.com/word/日夜/#zh
L6-0692,日语,日語,Rìyǔ,N,6,4-3,4-3,,False,https://forvo.com/word/日语/#zh
L6-0693,融合,融合,rónghé,V,6,2-2,2-2,,False,https://forvo.com/word/融合/#zh
L6-0694,融入,融入,róngrù,,6,2-4,2-4,,False,https://forvo.com/word/融入/#zh
L6-0695,如,如,rú,V/Conj,6,2,2,,False,https://forvo.com/word/如/#zh
L6-0696,如一,如一,rúyī,V,6,2-1,2-1,,False,https://forvo.com/word/如一/#zh
L6-0697,乳制品,乳製品,rǔzhìpǐn,N,6,3-4-3,3-4-3,,False,https://forvo.com/word/乳制品/#zh
L6-0698,入,入,rù,V,6,4,4,,False,https://forvo.com/word/入/#zh
L6-0699,入学,入學,rùxué,,6,4-2,4-2,,False,https://forvo.com/word/入学/#zh
L6-0700,若,若,ruò,Conj,6,4,4,,False,https://forvo.com/word/若/#zh
L6-0701,塞,塞,sāi,V,6,1,1,,False,https://forvo.com/word/塞/#zh
L6-0702,赛,賽,sài,V,6,4,4,,False,https://forvo.com/word/赛/#zh
L6-0703,赛场,賽場,sàichǎng,N,6,4-3,4-3,,False,https://forvo.com/word/赛场/#zh
L6-0704,三明治,三明治,sānmíngzhì,N,6,1-2-4,1-2-4,,False,https://forvo.com/word/三明治/#zh
L6-0705,丧失,喪失,sàngshī,V,6,4-1,4-1,,False,https://forvo.com/word/丧失/#zh
L6-0706,山峰,山峰,shānfēng,N,6,1-1,1-1,,False,https://forvo.com/word/山峰/#zh
L6-0707,山谷,山谷,shāngǔ,N,6,1-3,1-3,,False,https://forvo.com/word/山谷/#zh
L6-0708,山坡,山坡,shānpō,N,6,1-1,1-1,,False,https://forvo.com/word/山坡/#zh
L6-0709,伤口,傷口,shāngkǒu,N,6,1-3,1-3,,False,https://forvo.com/word/伤口/#zh
L6-0710,伤亡,傷亡,shāngwáng,V/N,6,1-2,1-2,,False,https://forvo.com/word/伤亡/#zh
L6-0711,伤员,傷員,shāngyuán,N,6,1-2,1-2,,False,https://forvo.com/word/伤员/#zh
L6-0712,商城,商城,shāngchéng,N,6,1-2,1-2,,False,https://forvo.com/word/商城/#zh
L6-0713,上当,上當,shàngdàng,,6,4-4,4-4,,False,https://forvo.com/word/上当/#zh
L6-0714,上帝,上帝,Shàngdì,N,6,4-4,4-4,,False,https://forvo.com/word/上帝/#zh
L6-0715,上市,上市,shàngshì,,6,4-4,4-4,,False,https://forvo.com/word/上市/#zh
L6-0716,上台,上台,shàngtái,,6,4-2,4-2,,False,https://forvo.com/word/上台/#zh
L6-0717,上演,上演,shàngyǎn,V,6,4-3,4-3,,False,https://forvo.com/word/上演/#zh
L6-0718,勺,勺,sháo,N,6,2,2,,False,https://forvo.com/word/勺/#zh
L6-0719,少儿,少兒,shào'ér,N,6,4-2,4-2,,False,https://forvo.com/word/少儿/#zh
L6-0720,舌头,舌頭,shétou,N,6,2-N,2-N,neutral_tone,False,https://forvo.com/word/舌头/#zh
L6-0721,设计师,設計師,shèjìshī,N,6,4-4-1,4-4-1,,False,https://forvo.com/word/设计师/#zh
L6-0722,涉及,涉及,shèjí,V,6,4-2,4-2,,False,https://forvo.com/word/涉及/#zh
L6-0723,深化,深化,shēnhuà,V,6,1-4,1-4,,False,https://forvo.com/word/深化/#zh
L6-0724,深深,深深,shēnshēn,,6,1-1,1-1,,False,https://forvo.com/word/深深/#zh
L6-0725,审查,審查,shěnchá,V,6,3-2,3-2,,False,https://forvo.com/word/审查/#zh
L6-0726,升级,升級,shēngjí,,6,1-2,1-2,,False,https://forvo.com/word/升级/#zh
L6-0727,升学,升學,shēngxué,,6,1-2,1-2,,False,https://forvo.com/word/升学/#zh
L6-0728,升值,升值,shēngzhí,V,6,1-2,1-2,,False,https://forvo.com/word/升值/#zh
L6-0729,生活费,生活費,shēnghuófèi,N,6,1-2-4,1-2-4,,False,https://forvo.com/word/生活费/#zh
L6-0730,省钱,省錢,shěngqián,,6,3-2,3-2,,False,https://forvo.com/word/省钱/#zh
L6-0731,圣诞节,聖誕節,Shèngdàn Jié,N,6,4-4-2,4-4-2,,False,https://forvo.com/word/圣诞节/#zh
L6-0732,盛行,盛行,shèngxíng,V,6,4-2,4-2,,False,https://forvo.com/word/盛行/#zh
L6-0733,师父,師父,shīfu,N,6,1-N,1-N,neutral_tone,False,https://forvo.com/word/师父/#zh
L6-0734,师生,師生,shīshēng,N,6,1-1,1-1,,False,https://forvo.com/word/师生/#zh
L6-0735,时而,時而,shí'ér,Adv,6,2-2,2-2,,False,https://forvo.com/word/时而/#zh
L6-0736,时节,時節,shíjié,N,6,2-2,2-2,,False,https://forvo.com/word/时节/#zh
L6-0737,时期,時期,shíqī,N,6,2-1,2-1,,False,https://forvo.com/word/时期/#zh
L6-0738,时时,時時,shíshí,Adv,6,2-2,2-2,,False,https://forvo.com/word/时时/#zh
L6-0739,时装,時裝,shízhuāng,N,6,2-1,2-1,,False,https://forvo.com/word/时装/#zh
L6-0740,识,識,shí,V,6,2,2,,False,https://forvo.com/word/识/#zh
L6-0741,识字,識字,shízì,,6,2-4,2-4,,False,https://forvo.com/word/识字/#zh
L6-0742,实践,實踐,shíjiàn,V/N,6,2-4,2-4,,False,https://forvo.com/word/实践/#zh
L6-0743,食欲,食慾,shíyù,N,6,2-4,2-4,,False,https://forvo.com/word/食欲/#zh
L6-0744,市民,市民,shìmín,N,6,4-2,4-2,,False,https://forvo.com/word/市民/#zh
L6-0745,事后,事後,shìhòu,N,6,4-4,4-4,,False,https://forvo.com/word/事后/#zh
L6-0746,试点,試點,shìdiǎn,V/N,6,4-3,4-3,,False,https://forvo.com/word/试点/#zh
L6-0747,适当,適當,shìdàng,Adj,6,4-4,4-4,,False,https://forvo.com/word/适当/#zh
L6-0748,收藏,收藏,shōucáng,V,6,1-2,1-2,,False,https://forvo.com/word/收藏/#zh
L6-0749,收取,收取,shōuqǔ,V,6,1-3,1-3,,False,https://forvo.com/word/收取/#zh
L6-0750,收养,收養,shōuyǎng,V,6,1-3,1-3,,False,https://forvo.com/word/收养/#zh
L6-0751,手续费,手續費,shǒuxùfèi,N,6,3-4-4,3-4-4,,False,https://forvo.com/word/手续费/#zh
L6-0752,首,首,shǒu,N,6,3,3,,False,https://forvo.com/word/首/#zh
L6-0753,首次,首次,shǒucì,,6,3-4,3-4,,False,https://forvo.com/word/首次/#zh
L6-0754,首脑,首腦,shǒunǎo,N,6,3-3,2-3,third_tone_sandhi,False,https://forvo.com/word/首脑/#zh
L6-0755,首席,首席,shǒuxí,N/Adj,6,3-2,3-2,,False,https://forvo.com/word/首席/#zh
L6-0756,首相,首相,shǒuxiàng,N,6,3-4,3-4,,False,https://forvo.com/word/首相/#zh
L6-0757,书房,書房,shūfáng,N,6,1-2,1-2,,False,https://forvo.com/word/书房/#zh
L6-0758,薯片,薯片,shǔpiàn,N,6,3-4,3-4,,False,https://forvo.com/word/薯片/#zh
L6-0759,薯条,薯條,shǔtiáo,N,6,3-2,3-2,,False,https://forvo.com/word/薯条/#zh
L6-0760,双打,雙打,shuāngdǎ,N,6,1-3,1-3,,False,https://forvo.com/word/双打/#zh
L6-0761,爽,爽,shuǎng,Adj,6,3,3,,False,https://forvo.com/word/爽/#zh
L6-0762,水泥,水泥,shuǐní,N,6,3-2,3-2,,False,https://forvo.com/word/水泥/#zh
L6-0763,税,稅,shuì,N,6,4,4,,False,https://forvo.com/word/税/#zh
L6-0764,顺,順,shùn,Adj/V/Prep,6,4,4,,False,https://forvo.com/word/顺/#zh
L6-0765,说明书,說明書,shuōmíngshū,N,6,1-2-1,1-2-1,,False,https://forvo.com/word/说明书/#zh
L6-0766,说实话,說實話,shuō shíhuà,,6,1-2-4,1-2-4,,False,https://forvo.com/word/说实话/#zh
L6-0767,司长,司長,sīzhǎng,N,6,1-3,1-3,,False,https://forvo.com/word/司长/#zh
L6-0768,死亡,死亡,sǐwáng,V,6,3-2,3-2,,False,https://forvo.com/word/死亡/#zh
L6-0769,四处,四處,sìchù,N,6,4-4,4-4,,False,https://forvo.com/word/四处/#zh
L6-0770,寺,寺,sì,N,6,4,4,,False,https://forvo.com/word/寺/#zh
L6-0771,送礼,送禮,sònglǐ,,6,4-3,4-3,,False,https://forvo.com/word/送礼/#zh
L6-0772,送行,送行,sòngxíng,,6,4-2,4-2,,False,https://forvo.com/word/送行/#zh
L6-0773,素质,素質,sùzhì,N,6,4-4,4-4,,False,https://forvo.com/word/素质/#zh
L6-0774,算了,算了,suànle,V,6,4-N,4-N,neutral_tone,False,https://forvo.com/word/算了/#zh
L6-0775,算是,算是,suànshì,Adv,6,4-4,4-4,,False,https://forvo.com/word/算是/#zh
L6-0776,虽,雖,suī,Conj,6,1,1,,False,https://forvo.com/word/虽/#zh
L6-0777,岁数,歲數,suìshu,N,6,4-N,4-N,neutral_tone,False,https://forvo.com/word/岁数/#zh
L6-0778,所,所,suǒ,Aux,6,3,3,,False,https://forvo.com/word/所/#zh
L6-0779,踏实,踏實,tāshi,Adj,6,1-N,1-N,neutral_tone,False,https://forvo.com/word/踏实/#zh
L6-0780,塔,塔,tǎ,N,6,3,3,,False,https://forvo.com/word/塔/#zh
L6-0781,踏,踏,tà,V,6,4,4,,False,https://forvo.com/word/踏/#zh
L6-0782,台灯,檯燈,táidēng,N,6,2-1,2-1,,False,https://forvo.com/word/台灯/#zh
L6-0783,太阳能,太陽能,tàiyángnéng,N,6,4-2-2,4-2-2,,False,https://forvo.com/word/太阳能/#zh
L6-0784,叹气,嘆氣,tànqì,,6,4-4,4-4,,False,https://forvo.com/word/叹气/#zh
L6-0785,探索,探索,tànsuǒ,V,6,4-3,4-3,,False,https://forvo.com/word/探索/#zh
L6-0786,探讨,探討,tàntǎo,V,6,4-3,4-3,,False,https://forvo.com/word/探讨/#zh
L6-0787,趟,趟,tàng,M,6,4,4,,False,https://forvo.com/word/趟/#zh
L6-0788,掏,掏,tāo,V,6,1,1,,False,https://forvo.com/word/掏/#zh
L6-0789,特,特,tè,Adv,6,4,4,,False,https://forvo.com/word/特/#zh
L6-0790,特大,特大,tèdà,Adj,6,4-4,4-4,,False,https://forvo.com/word/特大/#zh
L6-0791,特地,特地,tèdì,Adv,6,4-4,4-4,,False,https://forvo.com/word/特地/#zh
L6-0792,特快,特快,tèkuài,Adj,6,4-4,4-4,,False,https://forvo.com/word/特快/#zh
L6-0793,特意,特意,tèyì,Adv,6,4-4,4-4,,False,https://forvo.com/word/特意/#zh
L6-0794,疼痛,疼痛,téngtòng,Adj,6,2-4,2-4,,False,https://forvo.com/word/疼痛/#zh
L6-0795,踢,踢,tī,V,6,1,1,,False,https://forvo.com/word/踢/#zh
L6-0796,提交,提交,tíjiāo,V,6,2-1,2-1,,False,https://forvo.com/word/提交/#zh
L6-0797,提升,提升,tíshēng,V,6,2-1,2-1,,False,https://forvo.com/word/提升/#zh
L6-0798,天然,天然,tiānrán,Adj,6,1-2,1-2,,False,https://forvo.com/word/天然/#zh
L6-0799,天堂,天堂,tiāntáng,N,6,1-2,1-2,,False,https://forvo.com/word/天堂/#zh
L6-0800,天下,天下,tiānxià,N,6,1-4,1-4,,False,https://forvo.com/word/天下/#zh
L6-0801,添,添,tiān,V,6,1,1,,False,https://forvo.com/word/添/#zh
L6-0802,田,田,tián,N,6,2,2,,False,https://forvo.com/word/田/#zh
L6-0803,田径,田徑,tiánjìng,N,6,2-4,2-4,,False,https://forvo.com/word/田径/#zh
L6-0804,跳水,跳水,tiàoshuǐ,V,6,4-3,4-3,,False,https://forvo.com/word/跳水/#zh
L6-0805,听取,聽取,tīngqǔ,V,6,1-3,1-3,,False,https://forvo.com/word/听取/#zh
L6-0806,通报,通報,tōngbào,V/N,6,1-4,1-4,,False,https://forvo.com/word/通报/#zh
L6-0807,通道,通道,tōngdào,N,6,1-4,1-4,,False,https://forvo.com/word/通道/#zh
L6-0808,通红,通紅,tōnghóng,Adj,6,1-2,1-2,,False,https://forvo.com/word/通红/#zh
L6-0809,通话,通話,tōnghuà,,6,1-4,1-4,,False,https://forvo.com/word/通话/#zh
L6-0810,通行,通行,tōngxíng,V,6,1-2,1-2,,False,https://forvo.com/word/通行/#zh
L6-0811,通讯,通訊,tōngxùn,N,6,1-4,1-4,,False,https://forvo.com/word/通讯/#zh
L6-0812,同,同,tóng,Adj/Adv/Prep,6,2,2,,False,https://forvo.com/word/同/#zh
L6-0813,同胞,同胞,tóngbāo,N,6,2-1,2-1,,False,https://forvo.com/word/同胞/#zh
L6-0814,同行,同行,tóngháng,N,6,2-2,2-2,,False,https://forvo.com/word/同行/#zh
L6-0815,同期,同期,tóngqī,N,6,2-1,2-1,,False,https://forvo.com/word/同期/#zh
L6-0816,同一,同一,tóngyī,Adj,6,2-1,2-1,,False,https://forvo.com/word/同一/#zh
L6-0817,铜牌,銅牌,tóngpái,N,6,2-2,2-2,,False,https://forvo.com/word/铜牌/#zh
L6-0818,头疼,頭疼,tóuténg,Adj,6,2-2,2-2,,False,https://forvo.com/word/头疼/#zh
L6-0819,投票,投票,tóupiào,,6,2-4,2-4,,False,https://forvo.com/word/投票/#zh
L6-0820,透露,透露,tòulù,V,6,4-4,4-4,,False,https://forvo.com/word/透露/#zh
L6-0821,图书,圖書,túshū,N,6,2-1,2-1,,False,https://forvo.com/word/图书/#zh
L6-0822,徒弟,徒弟,túdì,N,6,2-4,2-4,,False,https://forvo.com/word/徒弟/#zh
L6-0823,途径,途徑,tújìng,N,6,2-4,2-4,,False,https://forvo.com/word/途径/#zh
L6-0824,土,土,tǔ,Adj,6,3,3,,False,https://forvo.com/word/土/#zh
L6-0825,团队,團隊,tuánduì,N,6,2-4,2-4,,False,https://forvo.com/word/团队/#zh
L6-0826,推出,推出,tuīchū,V,6,1-1,1-1,,False,https://forvo.com/word/推出/#zh
L6-0827,退票,退票,tuìpiào,,6,4-4,4-4,,False,https://forvo.com/word/退票/#zh
L6-0828,吞,吞,tūn,V,6,1,1,,False,https://forvo.com/word/吞/#zh
L6-0829,托,托,tuō,V,6,1,1,,False,https://forvo.com/word/托/#zh
L6-0830,拖,拖,tuō,V,6,1,1,,False,https://forvo.com/word/拖/#zh
L6-0831,拖鞋,拖鞋,tuōxié,N,6,1-2,1-2,,False,https://forvo.com/word/拖鞋/#zh
L6-0832,挖,挖,wā,V,6,1,1,,False,https://forvo.com/word/挖/#zh
L6-0833,娃娃,娃娃,wáwa,N,6,2-N,2-N,neutral_tone,False,https://forvo.com/word/娃娃/#zh
L6-0834,哇,哇,wa,Aux,6,N,N,neutral_tone,False,https://forvo.com/word/哇/#zh
L6-0835,外币,外幣,wàibì,N,6,4-4,4-4,,False,https://forvo.com/word/外币/#zh
L6-0836,外部,外部,wàibù,N,6,4-4,4-4,,False,https://forvo.com/word/外部/#zh
L6-0837,外出,外出,wàichū,V,6,4-1,4-1,,False,https://forvo.com/word/外出/#zh
L6-0838,外观,外觀,wàiguān,N,6,4-1,4-1,,False,https://forvo.com/word/外观/#zh
L6-0839,外科,外科,wàikē,N,6,4-1,4-1,,False,https://forvo.com/word/外科/#zh
L6-0840,外来,外來,wàilái,Adj,6,4-2,4-2,,False,https://forvo.com/word/外来/#zh
L6-0841,外头,外頭,wàitou,N,6,4-N,4-N,neutral_tone,False,https://forvo.com/word/外头/#zh
L6-0842,外衣,外衣,wàiyī,N,6,4-1,4-1,,False,https://forvo.com/word/外衣/#zh
L6-0843,外资,外資,wàizī,N,6,4-1,4-1,,False,https://forvo.com/word/外资/#zh
L6-0844,弯曲,彎曲,wānqū,Adj,6,1-1,1-1,,False,https://forvo.com/word/弯曲/#zh
L6-0845,顽皮,頑皮,wánpí,Adj,6,2-2,2-2,,False,https://forvo.com/word/顽皮/#zh
L6-0846,顽强,頑強,wánqiáng,Adj,6,2-2,2-2,,False,https://forvo.com/word/顽强/#zh
L6-0847,王后,王后,wánghòu,N,6,2-4,2-4,,False,https://forvo.com/word/王后/#zh
L6-0848,王子,王子,wángzǐ,N,6,2-3,2-3,,False,https://forvo.com/word/王子/#zh
L6-0849,网吧,網吧,wǎngbā,N,6,3-1,3-1,,False,https://forvo.com/word/网吧/#zh
L6-0850,网页,網頁,wǎngyè,N,6,3-4,3-4,,False,https://forvo.com/word/网页/#zh
L6-0851,往后,往後,wǎnghòu,N,6,3-4,3-4,,False,https://forvo.com/word/往后/#zh
L6-0852,往来,往來,wǎnglái,V,6,3-2,3-2,,False,https://forvo.com/word/往来/#zh
L6-0853,往年,往年,wǎngnián,N,6,3-2,3-2,,False,https://forvo.com/word/往年/#zh
L6-0854,望见,望見,wàngjiàn,,6,4-4,4-4,,False,https://forvo.com/word/望见/#zh
L6-0855,危机,危機,wēijī,N,6,1-1,1-1,,False,https://forvo.com/word/危机/#zh
L6-0856,威胁,威脅,wēixié,V,6,1-2,1-2,,False,https://forvo.com/word/威胁/#zh
L6-0857,微波炉,微波爐,wēibōlú,N,6,1-1-2,1-1-2,,False,https://forvo.com/word/微波炉/#zh
L6-0858,维生素,維生素,wéishēngsù,N,6,2-1-4,2-1-4,,False,https://forvo.com/word/维生素/#zh
L6-0859,为此,為此,wèicǐ,Conj,6,4-3,4-3,,False,https://forvo.com/word/为此/#zh
L6-0860,为何,為何,wèihé,Adv,6,4-2,4-2,,False,https://forvo.com/word/为何/#zh
L6-0861,文娱,文娛,wényú,N,6,2-2,2-2,,False,https://forvo.com/word/文娱/#zh
L6-0862,卧铺,臥鋪,wòpù,N,6,4-4,4-4,,False,https://forvo.com/word/卧铺/#zh
L6-0863,乌云,烏雲,wūyún,N,6,1-2,1-2,,False,https://forvo.com/word/乌云/#zh
L6-0864,无边,無邊,wúbiān,V,6,2-1,2-1,,False,https://forvo.com/word/无边/#zh
L6-0865,无关,無關,wúguān,V,6,2-1,2-1,,False,https://forvo.com/word/无关/#zh
L6-0866,无效,無效,wúxiào,V,6,2-4,2-4,,False,https://forvo.com/word/无效/#zh
L6-0867,舞蹈,舞蹈,wǔdǎo,N,6,3-3,2-3,third_tone_sandhi,False,https://forvo.com/word/舞蹈/#zh
L6-0868,物品,物品,wùpǐn,N,6,4-3,4-3,,False,https://forvo.com/word/物品/#zh
L6-0869,误,誤,wù,V,6,4,4,,False,https://forvo.com/word/误/#zh
L6-0870,西班牙语,西班牙語,Xībānyáyǔ,N,6,1-1-2-3,1-1-2-3,,False,https://forvo.com/word/西班牙语/#zh
L6-0871,吸毒,吸毒,xīdú,,6,1-2,1-2,,False,https://forvo.com/word/吸毒/#zh
L6-0872,牺牲,犧牲,xīshēng,V/N,6,1-1,1-1,,False,https://forvo.com/word/牺牲/#zh
L6-0873,洗衣粉,洗衣粉,xǐyīfěn,N,6,3-1-3,3-1-3,,False,https://forvo.com/word/洗衣粉/#zh
L6-0874,戏曲,戲曲,xìqǔ,N,6,4-3,4-3,,False,https://forvo.com/word/戏曲/#zh
L6-0875,细胞,細胞,xìbāo,N,6,4-1,4-1,,False,https://forvo.com/word/细胞/#zh
L6-0876,细菌,細菌,xìjūn,N,6,4-1,4-1,,False,https://forvo.com/word/细菌/#zh
L6-0877,先锋,先鋒,xiānfēng,N,6,1-1,1-1,,False,https://forvo.com/word/先锋/#zh
L6-0878,嫌,嫌,xián,V,6,2,2,,False,https://forvo.com/word/嫌/#zh
L6-0879,显出,顯出,xiǎnchū,,6,3-1,3-1,,False,https://forvo.com/word/显出/#zh
L6-0880,险,險,xiǎn,Adj,6,3,3,,False,https://forvo.com/word/险/#zh
L6-0881,线路,線路,xiànlù,N,6,4-4,4-4,,False,https://forvo.com/word/线路/#zh
L6-0882,陷入,陷入,xiànrù,V,6,4-4,4-4,,False,https://forvo.com/word/陷入/#zh
L6-0883,响声,響聲,xiǎngshēng,N,6,3-1,3-1,,False,https://forvo.com/word/响声/#zh
L6-0884,想不到,想不到,xiǎngbudào,V,6,3-N-4,3-N-4,neutral_tone,False,https://forvo.com/word/想不到/#zh
L6-0885,消耗,消耗,xiāohào,V/N,6,1-4,1-4,,False,https://forvo.com/word/消耗/#zh
L6-0886,消灭,消滅,xiāomiè,V,6,1-4,1-4,,False,https://forvo.com/word/消灭/#zh
L6-0887,小费,小費,xiǎofèi,N,6,3-4,3-4,,False,https://forvo.com/word/小费/#zh
L6-0888,小麦,小麥,xiǎomài,N,6,3-4,3-4,,False,https://forvo.com/word/小麦/#zh
L6-0889,小于,小於,xiǎoyú,V,6,3-2,3-2,,False,https://forvo.com/word/小于/#zh
L6-0890,晓得,曉得,xiǎode,V,6,3-N,3-N,neutral_tone,False,https://forvo.com/word/晓得/#zh
L6-0891,笑脸,笑臉,xiàoliǎn,N,6,4-3,4-3,,False,https://forvo.com/word/笑脸/#zh
L6-0892,笑容,笑容,xiàoróng,N,6,4-2,4-2,,False,https://forvo.com/word/笑容/#zh
L6-0893,笑声,笑聲,xiàoshēng,N,6,4-1,4-1,,False,https://forvo.com/word/笑声/#zh
L6-0894,协会,協會,xiéhuì,N,6,2-4,2-4,,False,https://forvo.com/word/协会/#zh
L6-0895,协商,協商,xiéshāng,V,6,2-1,2-1,,False,https://forvo.com/word/协商/#zh
L6-0896,协调,協調,xiétiáo,V/Adj,6,2-2,2-2,,False,https://forvo.com/word/协调/#zh
L6-0897,协助,協助,xiézhù,V,6,2-4,2-4,,False,https://forvo.com/word/协助/#zh
L6-0898,写字楼,寫字樓,xiězìlóu,N,6,3-4-2,3-4-2,,False,https://forvo.com/word/写字楼/#zh
L6-0899,写字台,寫字檯,xiězìtái,N,6,3-4-2,3-4-2,,False,https://forvo.com/word/写字台/#zh
L6-0900,心灵,心靈,xīnlíng,N,6,1-2,1-2,,False,https://forvo.com/word/心灵/#zh
L6-0901,心愿,心願,xīnyuàn,N,6,1-4,1-4,,False,https://forvo.com/word/心愿/#zh
L6-0902,心脏,心臟,xīnzàng,N,6,1-4,1-4,,False,https://forvo.com/word/心脏/#zh
L6-0903,心脏病,心臟病,xīnzàngbìng,N,6,1-4-4,1-4-4,,False,https://forvo.com/word/心脏病/#zh
L6-0904,新人,新人,xīnrén,N,6,1-2,1-2,,False,https://forvo.com/word/新人/#zh
L6-0905,新兴,新興,xīnxīng,Adj,6,1-1,1-1,,False,https://forvo.com/word/新兴/#zh
L6-0906,薪水,薪水,xīnshui,N,6,1-3,1-3,,False,https://forvo.com/word/薪水/#zh
L6-0907,信仰,信仰,xìnyǎng,V,6,4-3,4-3,,False,https://forvo.com/word/信仰/#zh
L6-0908,信用,信用,xìnyòng,N,6,4-4,4-4,,False,https://forvo.com/word/信用/#zh
L6-0909,兴旺,興旺,xīngwàng,Adj,6,1-4,1-4,,False,https://forvo.com/word/兴旺/#zh
L6-0910,行程,行程,xíngchéng,N,6,2-2,2-2,,False,https://forvo.com/word/行程/#zh
L6-0911,形,形,xíng,N,6,2,2,,False,https://forvo.com/word/形/#zh
L6-0912,凶,凶,xiōng,Adj,6,1,1,,False,https://forvo.com/word/凶/#zh
L6-0913,凶手,兇手,xiōngshǒu,N,6,1-3,1-3,,False,https://forvo.com/word/凶手/#zh
L6-0914,修车,修車,xiū chē,,6,1-1,1-1,,False,https://forvo.com/word/修车/#zh
L6-0915,袖珍,袖珍,xiùzhēn,Adj,6,4-1,4-1,,False,https://forvo.com/word/袖珍/#zh
L6-0916,悬,懸,xuán,V,6,2,2,,False,https://forvo.com/word/悬/#zh
L6-0917,旋转,旋轉,xuánzhuǎn,V,6,2-3,2-3,,False,https://forvo.com/word/旋转/#zh
L6-0918,选拔,選拔,xuǎnbá,V,6,3-2,3-2,,False,https://forvo.com/word/选拔/#zh
L6-0919,选举,選舉,xuǎnjǔ,V/N,6,3-3,2-3,third_tone_sandhi,False,https://forvo.com/word/选举/#zh
L6-0920,学会,學會,xuéhuì,N,6,2-4,2-4,,False,https://forvo.com/word/学会/#zh
L6-0921,学员,學員,xuéyuán,N,6,2-2,2-2,,False,https://forvo.com/word/学员/#zh
L6-0922,血管,血管,xuèguǎn,N,6,4-3,4-3,,False,https://forvo.com/word/血管/#zh
L6-0923,血液,血液,xuèyè,N,6,4-4,4-4,,False,https://forvo.com/word/血液/#zh
L6-0924,循环,循環,xúnhuán,V,6,2-2,2-2,,False,https://forvo.com/word/循环/#zh
L6-0925,压迫,壓迫,yāpò,V,6,1-4,1-4,,False,https://forvo.com/word/压迫/#zh
L6-0926,烟花,煙花,yānhuā,N,6,1-1,1-1,,False,https://forvo.com/word/烟花/#zh
L6-0927,沿,沿,yán,Prep,6,2,2,,False,https://forvo.com/word/沿/#zh
L6-0928,沿海,沿海,yánhǎi,N,6,2-3,2-3,,False,https://forvo.com/word/沿海/#zh
L6-0929,沿着,沿著,yánzhe,,6,2-N,2-N,neutral_tone,False,https://forvo.com/word/沿着/#zh
L6-0930,研发,研發,yánfā,V,6,2-1,2-1,,False,https://forvo.com/word/研发/#zh
L6-0931,眼看,眼看,yǎnkàn,V/Adv,6,3-4,3-4,,False,https://forvo.com/word/眼看/#zh
L6-0932,演奏,演奏,yǎnzòu,V,6,3-4,3-4,,False,https://forvo.com/word/演奏/#zh
L6-0933,宴会,宴會,yànhuì,N,6,4-4,4-4,,False,https://forvo.com/word/宴会/#zh
L6-0934,洋,洋,yáng,Adj,6,2,2,,False,https://forvo.com/word/洋/#zh
L6-0935,仰,仰,yǎng,V,6,3,3,,False,https://forvo.com/word/仰/#zh
L6-0936,养老,養老,yǎnglǎo,,6,3-3,2-3,third_tone_sandhi,False,https://forvo.com/word/养老/#zh
L6-0937,氧气,氧氣,yǎngqì,N,6,3-4,3-4,,False,https://forvo.com/word/氧气/#zh
L6-0938,样,樣,yàng,N/M,6,4,4,,False,https://forvo.com/word/样/#zh
L6-0939,药品,藥品,yàopǐn,N,6,4-3,4-3,,False,https://forvo.com/word/药品/#zh
L6-0940,要不然,要不然,yàobùrán,Conj,6,4-4-2,4-4-2,,False,https://forvo.com/word/要不然/#zh
L6-0941,要好,要好,yàohǎo,Adj,6,4-3,4-3,,False,https://forvo.com/word/要好/#zh
L6-0942,要么,要麼,yàome,Conj,6,4-N,4-N,neutral_tone,False,https://forvo.com/word/要么/#zh
L6-0943,要素,要素,yàosù,N,6,4-4,4-4,,False,https://forvo.com/word/要素/#zh
L6-0944,野,野,yě,Adj,6,3,3,,False,https://forvo.com/word/野/#zh
L6-0945,野生,野生,yěshēng,Adj,6,3-1,3-1,,False,https://forvo.com/word/野生/#zh
L6-0946,医药,醫藥,yīyào,N,6,1-4,1-4,,False,https://forvo.com/word/医药/#zh
L6-0947,依次,依次,yīcì,Adv,6,1-4,1-4,,False,https://forvo.com/word/依次/#zh
L6-0948,依赖,依賴,yīlài,V,6,1-4,1-4,,False,https://forvo.com/word/依赖/#zh
L6-0949,一次性,一次性,yīcìxìng,Adj,6,1-4-4,2-4-4,yi_before_t4,False,https://forvo.com/word/一次性/#zh
L6-0950,一代,一代,yīdài,N,6,1-4,2-4,yi_before_t4,False,https://forvo.com/word/一代/#zh
L6-0951,一道,一道,yīdào,Adv,6,1-4,2-4,yi_before_t4,False,https://forvo.com/word/一道/#zh
L6-0952,一贯,一貫,yīguàn,Adj,6,1-4,2-4,yi_before_t4,False,https://forvo.com/word/一贯/#zh
L6-0953,一路上,一路上,yīlù shang,,6,1-4-4,2-4-4,yi_before_t4,False,https://forvo.com/word/一路上/#zh
L6-0954,仪器,儀器,yíqì,N,6,2-4,2-4,,False,https://forvo.com/word/仪器/#zh
L6-0955,仪式,儀式,yíshì,N,6,2-4,2-4,,False,https://forvo.com/word/仪式/#zh
L6-0956,遗憾,遺憾,yíhàn,Adj/N,6,2-4,2-4,,False,https://forvo.com/word/遗憾/#zh
L6-0957,一番,一番,yīfān,,6,1-1,4-1,yi_before_non_t4,False,https://forvo.com/word/一番/#zh
L6-0958,一模一样,一模一樣,yīmú-yīyàng,,6,1-2-1-4,4-2-2-4,yi_before_non_t4;yi_before_t4,False,https://forvo.com/word/一模一样/#zh
L6-0959,一齐,一齊,yīqí,Adv,6,1-2,4-2,yi_before_non_t4,False,https://forvo.com/word/一齐/#zh
L6-0960,一时,一時,yīshí,N/Adv,6,1-2,4-2,yi_before_non_t4,False,https://forvo.com/word/一时/#zh
L6-0961,一同,一同,yītóng,Adv,6,1-2,4-2,yi_before_non_t4,False,https://forvo.com/word/一同/#zh
L6-0962,一行,一行,yīxíng,N,6,1-2,4-2,yi_before_non_t4,False,https://forvo.com/word/一行/#zh
L6-0963,艺人,藝人,yìrén,N,6,4-2,4-2,,False,https://forvo.com/word/艺人/#zh
L6-0964,议题,議題,yìtí,N,6,4-2,4-2,,False,https://forvo.com/word/议题/#zh
L6-0965,异常,異常,yìcháng,Adj/Adv,6,4-2,4-2,,False,https://forvo.com/word/异常/#zh
L6-0966,意想不到,意想不到,yìxiǎng bù dào,,6,4-3-4-4,4-3-2-4,bu_before_t4,False,https://forvo.com/word/意想不到/#zh
L6-0967,意愿,意願,yìyuàn,N,6,4-4,4-4,,False,https://forvo.com/word/意愿/#zh
L6-0968,因,因,yīn,Prep/Conj,6,1,1,,False,https://forvo.com/word/因/#zh
L6-0969,因素,因素,yīnsù,N,6,1-4,1-4,,False,https://forvo.com/word/因素/#zh
L6-0970,阴谋,陰謀,yīnmóu,N,6,1-2,1-2,,False,https://forvo.com/word/阴谋/#zh
L6-0971,阴影,陰影,yīnyǐng,N,6,1-3,1-3,,False,https://forvo.com/word/阴影/#zh
L6-0972,音量,音量,yīnliàng,N,6,1-4,1-4,,False,https://forvo.com/word/音量/#zh
L6-0973,音像,音像,yīnxiàng,N,6,1-4,1-4,,False,https://forvo.com/word/音像/#zh
L6-0974,隐藏,隱藏,yǐncáng,V,6,3-2,3-2,,False,https://forvo.com/word/隐藏/#zh
L6-0975,隐私,隱私,yǐnsī,N,6,3-1,3-1,,False,https://forvo.com/word/隐私/#zh
L6-0976,印,印,yìn,V,6,4,4,,False,https://forvo.com/word/印/#zh
L6-0977,英雄,英雄,yīngxióng,N,6,1-2,1-2,,False,https://forvo.com/word/英雄/#zh
L6-0978,迎来,迎來,yínglái,,6,2-2,2-2,,False,https://forvo.com/word/迎来/#zh
L6-0979,影迷,影迷,yǐngmí,N,6,3-2,3-2,,False,https://forvo.com/word/影迷/#zh
L6-0980,影星,影星,yǐngxīng,N,6,3-1,3-1,,False,https://forvo.com/word/影星/#zh
L6-0981,应对,應對,yìngduì,V,6,4-4,4-4,,False,https://forvo.com/word/应对/#zh
L6-0982,应急,應急,yìngjí,,6,4-2,4-2,,False,https://forvo.com/word/应急/#zh
L6-0983,用处,用處,yòngchù,N,6,4-N,4-N,neutral_tone,False,https://forvo.com/word/用处/#zh
L6-0984,用得着,用得著,yòngdezháo,V,6,4-N-2,4-N-2,neutral_tone,False,https://forvo.com/word/用得着/#zh
L6-0985,用法,用法,yòngfǎ,N,6,4-3,4-3,,False,https://forvo.com/word/用法/#zh
L6-0986,用品,用品,yòngpǐn,N,6,4-3,4-3,,False,https://forvo.com/word/用品/#zh
L6-0987,用心,用心,yòngxīn,N,6,4-1,4-1,,False,https://forvo.com/word/用心/#zh
L6-0988,优质,優質,yōuzhì,Adj,6,1-4,1-4,,False,https://forvo.com/word/优质/#zh
L6-0989,游人,遊人,yóurén,N,6,2-2,2-2,,False,https://forvo.com/word/游人/#zh
L6-0990,游玩,遊玩,yóuwán,V,6,2-2,2-2,,False,https://forvo.com/word/游玩/#zh
L6-0991,游戏机,遊戲機,yóuxìjī,N,6,2-4-1,2-4-1,,False,https://forvo.com/word/游戏机/#zh
L6-0992,游行,遊行,yóuxíng,V,6,2-2,2-2,,False,https://forvo.com/word/游行/#zh
L6-0993,有关,有關,yǒuguān,V,6,3-1,3-1,,False,https://forvo.com/word/有关/#zh
L6-0994,有没有,有沒有,yǒu méiyǒu,,6,3-2-3,3-2-3,,False,https://forvo.com/word/有没有/#zh
L6-0995,有事,有事,yǒushì,V,6,3-4,3-4,,False,https://forvo.com/word/有事/#zh
L6-0996,于,于,yú,Prep,6,2,2,,False,https://forvo.com/word/于/#zh
L6-0997,娱乐,娛樂,yúlè,V/N,6,2-4,2-4,,False,https://forvo.com/word/娱乐/#zh
L6-0998,愉快,愉快,yúkuài,Adj,6,2-4,2-4,,False,https://forvo.com/word/愉快/#zh
L6-0999,与,與,yǔ,Prep/Conj,6,3,3,,False,https://forvo.com/word/与/#zh
L6-1000,宇航员,宇航員,yǔhángyuán,N,6,3-2-2,3-2-2,,False,https://forvo.com/word/宇航员/#zh
L6-1001,雨衣,雨衣,yǔyī,N,6,3-1,3-1,,False,https://forvo.com/word/雨衣/#zh
L6-1002,预约,預約,yùyuē,V,6,4-1,4-1,,False,https://forvo.com/word/预约/#zh
L6-1003,元素,元素,yuánsù,N,6,2-4,2-4,,False,https://forvo.com/word/元素/#zh
L6-1004,园,園,yuán,N,6,2,2,,False,https://forvo.com/word/园/#zh
L6-1005,园地,園地,yuándì,N,6,2-4,2-4,,False,https://forvo.com/word/园地/#zh
L6-1006,原,原,yuán,Adj,6,2,2,,False,https://forvo.com/word/原/#zh
L6-1007,原告,原告,yuángào,N,6,2-4,2-4,,False,https://forvo.com/word/原告/#zh
L6-1008,原谅,原諒,yuánliàng,V,6,2-4,2-4,,False,https://forvo.com/word/原谅/#zh
L6-1009,圆珠笔,圓珠筆,yuánzhūbǐ,N,6,2-1-3,2-1-3,,False,https://forvo.com/word/圆珠笔/#zh
L6-1010,援助,援助,yuánzhù,V,6,2-4,2-4,,False,https://forvo.com/word/援助/#zh
L6-1011,缘故,緣故,yuángù,N,6,2-4,2-4,,False,https://forvo.com/word/缘故/#zh
L6-1012,远方,遠方,yuǎnfāng,N,6,3-1,3-1,,False,https://forvo.com/word/远方/#zh
L6-1013,远离,遠離,yuǎnlí,V,6,3-2,3-2,,False,https://forvo.com/word/远离/#zh
L6-1014,远远,遠遠,yuǎnyuǎn,,6,3-3,2-3,third_tone_sandhi,False,https://forvo.com/word/远远/#zh
L6-1015,约定,約定,yuēdìng,V,6,1-4,1-4,,False,https://forvo.com/word/约定/#zh
L6-1016,乐曲,樂曲,yuèqǔ,N,6,4-3,4-3,,False,https://forvo.com/word/乐曲/#zh
L6-1017,晕,暈,yūn,V/Adj,6,1,1,,False,https://forvo.com/word/晕/#zh
L6-1018,允许,允許,yǔnxǔ,V,6,3-3,2-3,third_tone_sandhi,False,https://forvo.com/word/允许/#zh
L6-1019,运作,運作,yùnzuò,V,6,4-4,4-4,,False,https://forvo.com/word/运作/#zh
L6-1020,晕车,暈車,yùnchē,,6,4-1,4-1,,False,https://forvo.com/word/晕车/#zh
L6-1021,杂,雜,zá,Adj,6,2,2,,False,https://forvo.com/word/杂/#zh
L6-1022,再生,再生,zàishēng,V,6,4-1,4-1,,False,https://forvo.com/word/再生/#zh
L6-1023,再说,再說,zàishuō,V/Conj,6,4-1,4-1,,False,https://forvo.com/word/再说/#zh
L6-1024,遭到,遭到,zāodào,,6,1-4,1-4,,False,https://forvo.com/word/遭到/#zh
L6-1025,遭受,遭受,zāoshòu,V,6,1-4,1-4,,False,https://forvo.com/word/遭受/#zh
L6-1026,遭遇,遭遇,zāoyù,V/N,6,1-4,1-4,,False,https://forvo.com/word/遭遇/#zh
L6-1027,早晚,早晚,zǎowǎn,N/Adv,6,3-3,2-3,third_tone_sandhi,False,https://forvo.com/word/早晚/#zh
L6-1028,增进,增進,zēngjìn,V,6,1-4,1-4,,False,https://forvo.com/word/增进/#zh
L6-1029,增值,增值,zēngzhí,V,6,1-2,1-2,,False,https://forvo.com/word/增值/#zh
L6-1030,扎,扎,zhā,V,6,1,1,,False,https://forvo.com/word/扎/#zh
L6-1031,扎实,紮實,zhāshi,Adj,6,1-N,1-N,neutral_tone,False,https://forvo.com/word/扎实/#zh
L6-1032,炸,炸,zhà,V,6,4,4,,False,https://forvo.com/word/炸/#zh
L6-1033,炸弹,炸彈,zhàdàn,N,6,4-4,4-4,,False,https://forvo.com/word/炸弹/#zh
L6-1034,炸药,炸藥,zhàyào,N,6,4-4,4-4,,False,https://forvo.com/word/炸药/#zh
L6-1035,债,債,zhài,N,6,4,4,,False,https://forvo.com/word/债/#zh
L6-1036,占据,佔據,zhànjù,V,6,4-4,4-4,,False,https://forvo.com/word/占据/#zh
L6-1037,战场,戰場,zhànchǎng,N,6,4-3,4-3,,False,https://forvo.com/word/战场/#zh
L6-1038,战略,戰略,zhànlüè,N,6,4-4,4-4,,False,https://forvo.com/word/战略/#zh
L6-1039,战术,戰術,zhànshù,N,6,4-4,4-4,,False,https://forvo.com/word/战术/#zh
L6-1040,战友,戰友,zhànyǒu,N,6,4-3,4-3,,False,https://forvo.com/word/战友/#zh
L6-1041,站台,站臺,zhàntái,N,6,4-2,4-2,,False,https://forvo.com/word/站台/#zh
L6-1042,章,章,zhāng,M,6,1,1,,False,https://forvo.com/word/章/#zh
L6-1043,长（秘书长）,長（秘書長）,zhǎng (mìshūzhǎng),Suffix,6,3,3,,False,https://forvo.com/word/长（秘书长）/#zh
L6-1044,掌声,掌聲,zhǎngshēng,N,6,3-1,3-1,,False,https://forvo.com/word/掌声/#zh
L6-1045,账,賬,zhàng,N,6,4,4,,False,https://forvo.com/word/账/#zh
L6-1046,账户,賬戶,zhànghù,N,6,4-4,4-4,,False,https://forvo.com/word/账户/#zh
L6-1047,涨,漲,zhàng,V,6,4,4,,False,https://forvo.com/word/涨/#zh
L6-1048,障碍,障礙,zhàng'ài,N/V,6,4-4,4-4,,False,https://forvo.com/word/障碍/#zh
L6-1049,招,招,zhāo,V,6,1,1,,False,https://forvo.com/word/招/#zh
L6-1050,招聘,招聘,zhāopìn,V,6,1-4,1-4,,False,https://forvo.com/word/招聘/#zh
L6-1051,照样,照樣,zhàoyàng,Adv,6,4-4,4-4,,False,https://forvo.com/word/照样/#zh
L6-1052,照耀,照耀,zhàoyào,V,6,4-4,4-4,,False,https://forvo.com/word/照耀/#zh
L6-1053,哲学,哲學,zhéxué,N,6,2-2,2-2,,False,https://forvo.com/word/哲学/#zh
L6-1054,这就是说,這就是說,zhè jiùshì shuō,,6,4-4-4-1,4-4-4-1,,False,https://forvo.com/word/这就是说/#zh
L6-1055,镇,鎮,zhèn,V/N,6,4,4,,False,https://forvo.com/word/镇/#zh
L6-1056,争夺,爭奪,zhēngduó,V,6,1-2,1-2,,False,https://forvo.com/word/争夺/#zh
L6-1057,整顿,整頓,zhěngdùn,V,6,3-4,3-4,,False,https://forvo.com/word/整顿/#zh
L6-1058,整治,整治,zhěngzhì,V,6,3-4,3-4,,False,https://forvo.com/word/整治/#zh
L6-1059,正当,正當,zhèngdàng,Adj,6,4-4,4-4,,False,https://forvo.com/word/正当/#zh
L6-1060,政策,政策,zhèngcè,N,6,4-4,4-4,,False,https://forvo.com/word/政策/#zh
L6-1061,政党,政黨,zhèngdǎng,N,6,4-3,4-3,,False,https://forvo.com/word/政党/#zh
L6-1062,政权,政權,zhèngquán,N,6,4-2,4-2,,False,https://forvo.com/word/政权/#zh
L6-1063,症状,症狀,zhèngzhuàng,N,6,4-4,4-4,,False,https://forvo.com/word/症状/#zh
L6-1064,之类,之類,zhīlèi,N,6,1-4,1-4,,False,https://forvo.com/word/之类/#zh
L6-1065,支撑,支撐,zhīchēng,V,6,1-1,1-1,,False,https://forvo.com/word/支撑/#zh
L6-1066,支援,支援,zhīyuán,V/N,6,1-2,1-2,,False,https://forvo.com/word/支援/#zh
L6-1067,枝,枝,zhī,N/M,6,1,1,,False,https://forvo.com/word/枝/#zh
L6-1068,知名,知名,zhīmíng,Adj,6,1-2,1-2,,False,https://forvo.com/word/知名/#zh
L6-1069,织,織,zhī,V,6,1,1,,False,https://forvo.com/word/织/#zh
L6-1070,直升机,直升機,zhíshēngjī,N,6,2-1-1,2-1-1,,False,https://forvo.com/word/直升机/#zh
L6-1071,职责,職責,zhízé,N,6,2-2,2-2,,False,https://forvo.com/word/职责/#zh
L6-1072,止,止,zhǐ,V,6,3,3,,False,https://forvo.com/word/止/#zh
L6-1073,只得,只得,zhǐdé,Adv,6,3-2,3-2,,False,https://forvo.com/word/只得/#zh
L6-1074,只顾,只顧,zhǐgù,Adv,6,3-4,3-4,,False,https://forvo.com/word/只顾/#zh
L6-1075,只管,只管,zhǐguǎn,Adv,6,3-3,2-3,third_tone_sandhi,False,https://forvo.com/word/只管/#zh
L6-1076,指定,指定,zhǐdìng,V,6,3-4,3-4,,False,https://forvo.com/word/指定/#zh
L6-1077,指数,指數,zhǐshù,N,6,3-4,3-4,,False,https://forvo.com/word/指数/#zh
L6-1078,指头,指頭,zhǐtou,N,6,3-N,3-N,neutral_tone,False,https://forvo.com/word/指头/#zh
L6-1079,指着,指著,zhǐzhe,,6,3,3,,False,https://forvo.com/word/指着/#zh
L6-1080,至于,至於,zhìyú,V/Prep,6,4-2,4-2,,False,https://forvo.com/word/至于/#zh
L6-1081,治病,治病,zhì bìng,,6,4-4,4-4,,False,https://forvo.com/word/治病/#zh
L6-1082,智慧,智慧,zhìhuì,N,6,4-4,4-4,,False,https://forvo.com/word/智慧/#zh
L6-1083,中等,中等,zhōngděng,Adj,6,1-3,1-3,,False,https://forvo.com/word/中等/#zh
L6-1084,中华,中華,Zhōnghuá,N,6,1-2,1-2,,False,https://forvo.com/word/中华/#zh
L6-1085,中期,中期,zhōngqī,N,6,1-1,1-1,,False,https://forvo.com/word/中期/#zh
L6-1086,中外,中外,zhōngwài,N,6,1-4,1-4,,False,https://forvo.com/word/中外/#zh
L6-1087,忠心,忠心,zhōngxīn,N,6,1-1,1-1,,False,https://forvo.com/word/忠心/#zh
L6-1088,钟头,鐘頭,zhōngtóu,N,6,1-2,1-2,,False,https://forvo.com/word/钟头/#zh
L6-1089,肿,腫,zhǒng,V,6,3,3,,False,https://forvo.com/word/肿/#zh
L6-1090,种种,種種,zhǒngzhǒng,Pron,6,3-3,2-3,third_tone_sandhi,False,https://forvo.com/word/种种/#zh
L6-1091,粥,粥,zhōu,N,6,1,1,,False,https://forvo.com/word/粥/#zh
L6-1092,珠宝,珠寶,zhūbǎo,N,6,1-3,1-3,,False,https://forvo.com/word/珠宝/#zh
L6-1093,诸位,諸位,zhūwèi,Pron,6,1-4,1-4,,False,https://forvo.com/word/诸位/#zh
L6-1094,主持人,主持人,zhǔchírén,N,6,3-2-2,3-2-2,,False,https://forvo.com/word/主持人/#zh
L6-1095,主角,主角,zhǔjué,N,6,3-2,3-2,,False,https://forvo.com/word/主角/#zh
L6-1096,主流,主流,zhǔliú,N,6,3-2,3-2,,False,https://forvo.com/word/主流/#zh
L6-1097,煮,煮,zhǔ,V,6,3,3,,False,https://forvo.com/word/煮/#zh
L6-1098,住宅,住宅,zhùzhái,N,6,4-2,4-2,,False,https://forvo.com/word/住宅/#zh
L6-1099,驻,駐,zhù,V,6,4,4,,False,https://forvo.com/word/驻/#zh
L6-1100,柱子,柱子,zhùzi,N,6,4-N,4-N,neutral_tone,False,https://forvo.com/word/柱子/#zh
L6-1101,祝愿,祝願,zhùyuàn,V,6,4-4,4-4,,False,https://forvo.com/word/祝愿/#zh
L6-1102,专用,專用,zhuānyòng,V,6,1-4,1-4,,False,https://forvo.com/word/专用/#zh
L6-1103,转,轉,zhuàn,V,6,4,4,,False,https://forvo.com/word/转/#zh
L6-1104,转动,轉動,zhuàndòng,V,6,4-4,4-4,,False,https://forvo.com/word/转动/#zh
L6-1105,赚,賺,zhuàn,V,6,4,4,,False,https://forvo.com/word/赚/#zh
L6-1106,赚钱,賺錢,zhuànqián,,6,4-2,4-2,,False,https://forvo.com/word/赚钱/#zh
L6-1107,装备,裝備,zhuāngbèi,V/N,6,1-4,1-4,,False,https://forvo.com/word/装备/#zh
L6-1108,壮观,壯觀,zhuàngguān,Adj/N,6,4-1,4-1,,False,https://forvo.com/word/壮观/#zh
L6-1109,追究,追究,zhuījiū,V,6,1-1,1-1,,False,https://forvo.com/word/追究/#zh
L6-1110,捉,捉,zhuō,V,6,1,1,,False,https://forvo.com/word/捉/#zh
L6-1111,咨询,咨詢,zīxún,V,6,1-2,1-2,,False,https://forvo.com/word/咨询/#zh
L6-1112,自来水,自來水,zìláishuǐ,N,6,4-2-3,4-2-3,,False,https://forvo.com/word/自来水/#zh
L6-1113,自我,自我,zìwǒ,Pron,6,4-3,4-3,,False,https://forvo.com/word/自我/#zh
L6-1114,自学,自學,zìxué,V,6,4-2,4-2,,False,https://forvo.com/word/自学/#zh
L6-1115,自言自语,自言自語,zìyán-zìyǔ,,6,4-2-4-3,4-2-4-3,,False,https://forvo.com/word/自言自语/#zh
L6-1116,自在,自在,zìzai,Adj,6,4-N,4-N,neutral_tone,False,https://forvo.com/word/自在/#zh
L6-1117,宗教,宗教,zōngjiào,N,6,1-4,1-4,,False,https://forvo.com/word/宗教/#zh
L6-1118,总部,總部,zǒngbù,N,6,3-4,3-4,,False,https://forvo.com/word/总部/#zh
L6-1119,总监,總監,zǒngjiān,N,6,3-1,3-1,,False,https://forvo.com/word/总监/#zh
L6-1120,总经理,總經理,zǒngjīnglǐ,N,6,3-1-3,3-1-3,,False,https://forvo.com/word/总经理/#zh
L6-1121,总量,總量,zǒngliàng,N,6,3-4,3-4,,False,https://forvo.com/word/总量/#zh
L6-1122,走私,走私,zǒusī,,6,3-1,3-1,,False,https://forvo.com/word/走私/#zh
L6-1123,奏,奏,zòu,V,6,4,4,,False,https://forvo.com/word/奏/#zh
L6-1124,租金,租金,zūjīn,N,6,1-1,1-1,,False,https://forvo.com/word/租金/#zh
L6-1125,足,足,zú,Adj/Adv,6,2,2,,False,https://forvo.com/word/足/#zh
L6-1126,足以,足以,zúyǐ,V,6,2-3,2-3,,False,https://forvo.com/word/足以/#zh
L6-1127,族,族,zú,N,6,2,2,,False,https://forvo.com/word/族/#zh
L6-1128,族（上班族）,族（上班族）,zú (shàngbānzú),Suffix,6,2,2,,False,https://forvo.com/word/族（上班族）/#zh
L6-1129,祖父,祖父,zǔfù,N,6,3-4,3-4,,False,https://forvo.com/word/祖父/#zh
L6-1130,祖国,祖國,zǔguó,N,6,3-2,3-2,,False,https://forvo.com/word/祖国/#zh
L6-1131,祖母,祖母,zǔmǔ,N,6,3-3,2-3,third_tone_sandhi,False,https://forvo.com/word/祖母/#zh
L6-1132,钻,鑽,zuān,V,6,1,1,,False,https://forvo.com/word/钻/#zh
L6-1133,最佳,最佳,zuìjiā,Adj,6,4-1,4-1,,False,https://forvo.com/word/最佳/#zh
L6-1134,最终,最終,zuìzhōng,N,6,4-1,4-1,,False,https://forvo.com/word/最终/#zh
L6-1135,罪,罪,zuì,N,6,4,4,,False,https://forvo.com/word/罪/#zh
L6-1136,罪恶,罪惡,zuì'è,N,6,4-4,4-4,,False,https://forvo.com/word/罪恶/#zh
L6-1137,作,作,zuò,V,6,4,4,,False,https://forvo.com/word/作/#zh
L6-1138,作废,作廢,zuòfèi,V,6,4-4,4-4,,False,https://forvo.com/word/作废/#zh
L6-1139,作战,作戰,zuòzhàn,V,6,4-4,4-4,,False,https://forvo.com/word/作战/#zh
L6-1140,座谈会,座談會,zuòtánhuì,N,6,4-2-4,4-2-4,,False,https://forvo.com/word/座谈会/#zh
L7-0001,阿拉伯语,阿拉伯語,Ālābóyǔ,N,7-9,1-1-2-3,1-1-2-3,,False,https://forvo.com/word/阿拉伯语/#zh
L7-0002,哎,哎,āi,Intj,7-9,1,1,,False,https://forvo.com/word/哎/#zh
L7-0003,哎呀,哎呀,āiyā,Intj,7-9,1-1,1-1,,False,https://forvo.com/word/哎呀/#zh
L7-0004,哀求,哀求,āiqiú,V,7-9,1-2,1-2,,False,https://forvo.com/word/哀求/#zh
L7-0005,挨家挨户,挨家挨戶,āijiā-āihù,,7-9,1-1-1-4,1-1-1-4,,False,https://forvo.com/word/挨家挨户/#zh
L7-0006,癌,癌,ái,N,7-9,2,2,,False,https://forvo.com/word/癌/#zh
L7-0007,癌症,癌症,áizhèng,N,7-9,2-4,2-4,,False,https://forvo.com/word/癌症/#zh
L7-0008,艾滋病,艾滋病,àizībìng,N,7-9,4-1-4,4-1-4,,False,https://forvo.com/word/艾滋病/#zh
L7-0009,唉,唉,ài,Intj,7-9,4,4,,False,https://forvo.com/word/唉/#zh
L7-0010,爱不释手,愛不釋手,àibùshìshǒu,,7-9,4-4-4-3,4-2-4-3,bu_before_t4,False,https://forvo.com/word/爱不释手/#zh
L7-0011,爱理不理,愛理不理,àilǐ-bùlǐ,,7-9,4-3-4-3,4-3-N-3,bu_a_not_a,False,https://forvo.com/word/爱理不理/#zh
L7-0012,爱面子,愛面子,ài miànzi,,7-9,4-4-N,4-4-N,neutral_tone,False,https://forvo.com/word/爱面子/#zh
L7-0013,爱惜,愛惜,àixī,V,7-9,4-1,4-1,,False,https://forvo.com/word/爱惜/#zh
L7-0014,碍事,礙事,àishì,,7-9,4-4,4-4,,False,https://forvo.com/word/碍事/#zh
L7-0015,安定,安定,āndìng,Adj/V,7-9,1-4,1-4,,False,https://forvo.com/word/安定/#zh
L7-0016,安抚,安撫,ānfǔ,V,7-9,1-3,1-3,,False,https://forvo.com/word/安抚/#zh
L7-0017,安眠药,安眠藥,ānmiányào,N,7-9,1-2-4,1-2-4,,False,https://forvo.com/word/安眠药/#zh
L7-0018,安宁,安寧,ānníng,Adj,7-9,1-2,1-2,,False,https://forvo.com/word/安宁/#zh
L7-0019,安稳,安穩,ānwěn,Adj,7-9,1-3,1-3,,False,https://forvo.com/word/安稳/#zh
L7-0020,安心,安心,ānxīn,Adj,7-9,1-1,1-1,,False,https://forvo.com/word/安心/#zh
L7-0021,安逸,安逸,ānyì,Adj,7-9,1-4,1-4,,False,https://forvo.com/word/安逸/#zh
L7-0022,按键,按鍵,ànjiàn,N,7-9,4-4,4-4,,False,https://forvo.com/word/按键/#zh
L7-0023,按理说,按理說,ànlǐ shuō,,7-9,4-3-1,4-3-1,,False,https://forvo.com/word/按理说/#zh
L7-0024,按说,按說,ànshuō,Adv,7-9,4-1,4-1,,False,https://forvo.com/word/按说/#zh
L7-0025,案件,案件,ànjiàn,N,7-9,4-4,4-4,,False,https://forvo.com/word/案件/#zh
L7-0026,暗地里,暗地裡,àndìlǐ,N,7-9,4-4-N,4-4-N,neutral_tone,False,https://forvo.com/word/暗地里/#zh
L7-0027,暗杀,暗殺,ànshā,V,7-9,4-1,4-1,,False,https://forvo.com/word/暗杀/#zh
L7-0028,暗中,暗中,ànzhōng,N,7-9,4-1,4-1,,False,https://forvo.com/word/暗中/#zh
L7-0029,昂贵,昂貴,ángguì,Adj,7-9,2-4,2-4,,False,https://forvo.com/word/昂贵/#zh
L7-0030,凹,凹,āo,Adj,7-9,1,1,,False,https://forvo.com/word/凹/#zh
L7-0031,熬,熬,áo,V,7-9,2,2,,False,https://forvo.com/word/熬/#zh
L7-0032,熬夜,熬夜,áoyè,,7-9,2-4,2-4,,False,https://forvo.com/word/熬夜/#zh
L7-0033,傲,傲,ào,Adj,7-9,4,4,,False,https://forvo.com/word/傲/#zh
L7-0034,傲慢,傲慢,àomàn,Adj,7-9,4-4,4-4,,False,https://forvo.com/word/傲慢/#zh
L7-0035,奥秘,奧祕,àomì,N,7-9,4-4,4-4,,False,https://forvo.com/word/奥秘/#zh
L7-0036,奥运会,奧運會,Àoyùnhuì,N,7-9,4-4-4,4-4-4,,False,https://forvo.com/word/奥运会/#zh
L7-0037,八卦,八卦,bāguà,N,7-9,1-4,1-4,,False,https://forvo.com/word/八卦/#zh
L7-0038,巴不得,巴不得,bābudé,V,7-9,1-N-N,1-N-N,neutral_tone,False,https://forvo.com/word/巴不得/#zh
L7-0039,扒,扒,bā,V,7-9,1,1,,False,https://forvo.com/word/扒/#zh
L7-0040,芭蕾,芭蕾,bālěi,N,7-9,1-3,1-3,,False,https://forvo.com/word/芭蕾/#zh
L7-0041,把柄,把柄,bǎbǐng,N,7-9,3-3,2-3,third_tone_sandhi,False,https://forvo.com/word/把柄/#zh
L7-0042,把关,把關,bǎguān,,7-9,3-1,3-1,,False,https://forvo.com/word/把关/#zh
L7-0043,把手,把手,bǎshou,N,7-9,3-N,3-N,neutral_tone,False,https://forvo.com/word/把手/#zh
L7-0044,靶子,靶子,bǎzi,N,7-9,3-N,3-N,neutral_tone,False,https://forvo.com/word/靶子/#zh
L7-0045,坝,壩,bà,N,7-9,4,4,,False,https://forvo.com/word/坝/#zh
L7-0046,罢免,罷免,bàmiǎn,V,7-9,4-3,4-3,,False,https://forvo.com/word/罢免/#zh
L7-0047,罢休,罷休,bàxiū,V,7-9,4-1,4-1,,False,https://forvo.com/word/罢休/#zh
L7-0048,霸占,霸佔,bàzhàn,V,7-9,4-4,4-4,,False,https://forvo.com/word/霸占/#zh
L7-0049,掰,掰,bāi,V,7-9,1,1,,False,https://forvo.com/word/掰/#zh
L7-0050,白白,白白,báibái,Adv,7-9,2-2,2-2,,False,https://forvo.com/word/白白/#zh
L7-0051,百分比,百分比,bǎifēnbǐ,N,7-9,3-1-3,3-1-3,,False,https://forvo.com/word/百分比/#zh
L7-0052,百合,百合,bǎihé,N,7-9,3-2,3-2,,False,https://forvo.com/word/百合/#zh
L7-0053,百科全书,百科全書,bǎikē quánshū,,7-9,3-1-2-1,3-1-2-1,,False,https://forvo.com/word/百科全书/#zh
L7-0054,柏树,柏樹,bǎishù,N,7-9,3-4,3-4,,False,https://forvo.com/word/柏树/#zh
L7-0055,摆放,擺放,bǎifàng,V,7-9,3-4,3-4,,False,https://forvo.com/word/摆放/#zh
L7-0056,摆平,擺平,bǎipíng,,7-9,3-2,3-2,,False,https://forvo.com/word/摆平/#zh
L7-0057,摆设,擺設,bǎishe,N,7-9,3-N,3-N,neutral_tone,False,https://forvo.com/word/摆设/#zh
L7-0058,拜会,拜會,bàihuì,V,7-9,4-4,4-4,,False,https://forvo.com/word/拜会/#zh
L7-0059,拜见,拜見,bàijiàn,V,7-9,4-4,4-4,,False,https://forvo.com/word/拜见/#zh
L7-0060,拜年,拜年,bàinián,,7-9,4-2,4-2,,False,https://forvo.com/word/拜年/#zh
L7-0061,拜托,拜託,bàituō,V,7-9,4-1,4-1,,False,https://forvo.com/word/拜托/#zh
L7-0062,扳,扳,bān,V,7-9,1,1,,False,https://forvo.com/word/扳/#zh
L7-0063,颁布,頒布,bānbù,V,7-9,1-4,1-4,,False,https://forvo.com/word/颁布/#zh
L7-0064,颁发,頒發,bānfā,V,7-9,1-1,1-1,,False,https://forvo.com/word/颁发/#zh
L7-0065,颁奖,頒獎,bānjiǎng,,7-9,1-3,1-3,,False,https://forvo.com/word/颁奖/#zh
L7-0066,斑点,斑點,bāndiǎn,N,7-9,1-3,1-3,,False,https://forvo.com/word/斑点/#zh
L7-0067,搬迁,搬遷,bānqiān,V,7-9,1-1,1-1,,False,https://forvo.com/word/搬迁/#zh
L7-0068,板块,板塊,bǎnkuài,N,7-9,3-4,3-4,,False,https://forvo.com/word/板块/#zh
L7-0069,办不到,辦不到,bàn bu dào,,7-9,4-N-4,4-N-4,neutral_tone,False,https://forvo.com/word/办不到/#zh
L7-0070,半边天,半邊天,bànbiāntiān,N,7-9,4-1-1,4-1-1,,False,https://forvo.com/word/半边天/#zh
L7-0071,半场,半場,bànchǎng,N,7-9,4-3,4-3,,False,https://forvo.com/word/半场/#zh
L7-0072,半岛,半島,bàndǎo,N,7-9,4-3,4-3,,False,https://forvo.com/word/半岛/#zh
L7-0073,半路,半路,bànlù,N,7-9,4-4,4-4,,False,https://forvo.com/word/半路/#zh
L7-0074,半数,半數,bànshù,N,7-9,4-4,4-4,,False,https://forvo.com/word/半数/#zh
L7-0075,半途而废,半途而廢,bàntú'érfèi,,7-9,4-2-2-4,4-2-2-4,,False,https://forvo.com/word/半途而废/#zh
L7-0076,半信半疑,半信半疑,bànxìn-bànyí,,7-9,4-4-4-2,4-4-4-2,,False,https://forvo.com/word/半信半疑/#zh
L7-0077,半真半假,半真半假,bànzhēn-bànjiǎ,,7-9,4-1-4-3,4-1-4-3,,False,https://forvo.com/word/半真半假/#zh
L7-0078,扮,扮,bàn,V,7-9,4,4,,False,https://forvo.com/word/扮/#zh
L7-0079,伴,伴,bàn,V/N,7-9,4,4,,False,https://forvo.com/word/伴/#zh
L7-0080,伴侣,伴侶,bànlǚ,N,7-9,4-3,4-3,,False,https://forvo.com/word/伴侣/#zh
L7-0081,伴随,伴隨,bànsuí,V,7-9,4-2,4-2,,False,https://forvo.com/word/伴随/#zh
L7-0082,伴奏,伴奏,bànzòu,V,7-9,4-4,4-4,,False,https://forvo.com/word/伴奏/#zh
L7-0083,拌,拌,bàn,V,7-9,4,4,,False,https://forvo.com/word/拌/#zh
L7-0084,帮手,幫手,bāngshou,N,7-9,1-3,1-3,,False,https://forvo.com/word/帮手/#zh
L7-0085,绑,綁,bǎng,V,7-9,3,3,,False,https://forvo.com/word/绑/#zh
L7-0086,绑架,綁架,bǎngjià,V,7-9,3-4,3-4,,False,https://forvo.com/word/绑架/#zh
L7-0087,榜样,榜樣,bǎngyàng,N,7-9,3-4,3-4,,False,https://forvo.com/word/榜样/#zh
L7-0088,棒球,棒球,bàngqiú,N,7-9,4-2,4-2,,False,https://forvo.com/word/棒球/#zh
L7-0089,磅,磅,bàng,M/N,7-9,4,4,,False,https://forvo.com/word/磅/#zh
L7-0090,包袱,包袱,bāofu,N,7-9,1-N,1-N,neutral_tone,False,https://forvo.com/word/包袱/#zh
L7-0091,包容,包容,bāoróng,V,7-9,1-2,1-2,,False,https://forvo.com/word/包容/#zh
L7-0092,包扎,包紮,bāozā,V,7-9,1-1,1-1,,False,https://forvo.com/word/包扎/#zh
L7-0093,剥,剝,bāo,V,7-9,1,1,,False,https://forvo.com/word/剥/#zh
L7-0094,煲,煲,bāo,N/V,7-9,1,1,,False,https://forvo.com/word/煲/#zh
L7-0095,饱和,飽和,bǎohé,V,7-9,3-2,3-2,,False,https://forvo.com/word/饱和/#zh
L7-0096,饱满,飽滿,bǎomǎn,Adj,7-9,3-3,2-3,third_tone_sandhi,False,https://forvo.com/word/饱满/#zh
L7-0097,宝库,寶庫,bǎokù,N,7-9,3-4,3-4,,False,https://forvo.com/word/宝库/#zh
L7-0098,宝藏,寶藏,bǎozàng,N,7-9,3-4,3-4,,False,https://forvo.com/word/宝藏/#zh
L7-0099,保管,保管,bǎoguǎn,V/N,7-9,3-3,2-3,third_tone_sandhi,False,https://forvo.com/word/保管/#zh
L7-0100,保姆,保姆,bǎomǔ,N,7-9,3-3,2-3,third_tone_sandhi,False,https://forvo.com/word/保姆/#zh
L7-0101,保暖,保暖,bǎonuǎn,,7-9,3-3,2-3,third_tone_sandhi,False,https://forvo.com/word/保暖/#zh
L7-0102,保鲜,保鮮,bǎoxiān,V,7-9,3-1,3-1,,False,https://forvo.com/word/保鲜/#zh
L7-0103,保修,保修,bǎoxiū,V,7-9,3-1,3-1,,False,https://forvo.com/word/保修/#zh
L7-0104,保佑,保佑,bǎoyòu,V,7-9,3-4,3-4,,False,https://forvo.com/word/保佑/#zh
L7-0105,保障,保障,bǎozhàng,V/N,7-9,3-4,3-4,,False,https://forvo.com/word/保障/#zh
L7-0106,保质期,保質期,bǎozhìqī,N,7-9,3-4-1,3-4-1,,False,https://forvo.com/word/保质期/#zh
L7-0107,保重,保重,bǎozhòng,V,7-9,3-4,3-4,,False,https://forvo.com/word/保重/#zh
L7-0108,堡垒,堡壘,bǎolěi,N,7-9,3-3,2-3,third_tone_sandhi,False,https://forvo.com/word/堡垒/#zh
L7-0109,报,報,bào,V,7-9,4,4,,False,https://forvo.com/word/报/#zh
L7-0110,报仇,報仇,bàochóu,,7-9,4-2,4-2,,False,https://forvo.com/word/报仇/#zh
L7-0111,报酬,報酬,bàochou,N,7-9,4-N,4-N,neutral_tone,False,https://forvo.com/word/报酬/#zh
L7-0112,报废,報廢,bàofèi,,7-9,4-4,4-4,,False,https://forvo.com/word/报废/#zh
L7-0113,报复,報復,bàofù,V,7-9,4-4,4-4,,False,https://forvo.com/word/报复/#zh
L7-0114,报社,報社,bàoshè,N,7-9,4-4,4-4,,False,https://forvo.com/word/报社/#zh
L7-0115,报亭,報亭,bàotíng,N,7-9,4-2,4-2,,False,https://forvo.com/word/报亭/#zh
L7-0116,报销,報銷,bàoxiāo,V,7-9,4-1,4-1,,False,https://forvo.com/word/报销/#zh
L7-0117,抱负,抱負,bàofù,N,7-9,4-4,4-4,,False,https://forvo.com/word/抱负/#zh
L7-0118,豹,豹,bào,N,7-9,4,4,,False,https://forvo.com/word/豹/#zh
L7-0119,暴风骤雨,暴風驟雨,bàofēng-zhòuyǔ,,7-9,4-1-4-3,4-1-4-3,,False,https://forvo.com/word/暴风骤雨/#zh
L7-0120,暴利,暴利,bàolì,N,7-9,4-4,4-4,,False,https://forvo.com/word/暴利/#zh
L7-0121,暴躁,暴躁,bàozào,Adj,7-9,4-4,4-4,,False,https://forvo.com/word/暴躁/#zh
L7-0122,曝光,曝光,bàoguāng,,7-9,4-1,4-1,,False,https://forvo.com/word/曝光/#zh
L7-0123,爆冷门,爆冷門,bào lěngmén,,7-9,4-3-2,4-3-2,,False,https://forvo.com/word/爆冷门/#zh
L7-0124,爆满,爆滿,bàomǎn,V,7-9,4-3,4-3,,False,https://forvo.com/word/爆满/#zh
L7-0125,爆竹,爆竹,bàozhú,N,7-9,4-2,4-2,,False,https://forvo.com/word/爆竹/#zh
L7-0126,卑鄙,卑鄙,bēibǐ,Adj,7-9,1-3,1-3,,False,https://forvo.com/word/卑鄙/#zh
L7-0127,悲哀,悲哀,bēi'āi,Adj,7-9,1-1,1-1,,False,https://forvo.com/word/悲哀/#zh
L7-0128,悲观,悲觀,bēiguān,Adj,7-9,1-1,1-1,,False,https://forvo.com/word/悲观/#zh
L7-0129,悲欢离合,悲歡離合,bēihuān-líhé,,7-9,1-1-2-2,1-1-2-2,,False,https://forvo.com/word/悲欢离合/#zh
L7-0130,悲痛,悲痛,bēitòng,Adj,7-9,1-4,1-4,,False,https://forvo.com/word/悲痛/#zh
L7-0131,碑,碑,bēi,N,7-9,1,1,,False,https://forvo.com/word/碑/#zh
L7-0132,贝壳,貝殼,bèiké,N,7-9,4-2,4-2,,False,https://forvo.com/word/贝壳/#zh
L7-0133,备课,備課,bèikè,,7-9,4-4,4-4,,False,https://forvo.com/word/备课/#zh
L7-0134,备受,備受,bèishòu,V,7-9,4-4,4-4,,False,https://forvo.com/word/备受/#zh
L7-0135,备用,備用,bèiyòng,V,7-9,4-4,4-4,,False,https://forvo.com/word/备用/#zh
L7-0136,背面,背面,bèimiàn,N,7-9,4-4,4-4,,False,https://forvo.com/word/背面/#zh
L7-0137,背叛,背叛,bèipàn,V,7-9,4-4,4-4,,False,https://forvo.com/word/背叛/#zh
L7-0138,背诵,背誦,bèisòng,V,7-9,4-4,4-4,,False,https://forvo.com/word/背诵/#zh
L7-0139,被捕,被捕,bèibǔ,V,7-9,4-3,4-3,,False,https://forvo.com/word/被捕/#zh
L7-0140,奔波,奔波,bēnbō,V,7-9,1-1,1-1,,False,https://forvo.com/word/奔波/#zh
L7-0141,奔赴,奔赴,bēnfù,V,7-9,1-4,1-4,,False,https://forvo.com/word/奔赴/#zh
L7-0142,本分,本分,běnfèn,N/Adj,7-9,3-4,3-4,,False,https://forvo.com/word/本分/#zh
L7-0143,本能,本能,běnnéng,N,7-9,3-2,3-2,,False,https://forvo.com/word/本能/#zh
L7-0144,本钱,本錢,běnqián,N,7-9,3-2,3-2,,False,https://forvo.com/word/本钱/#zh
L7-0145,本色,本色,běnsè,N,7-9,3-4,3-4,,False,https://forvo.com/word/本色/#zh
L7-0146,本性,本性,běnxìng,N,7-9,3-4,3-4,,False,https://forvo.com/word/本性/#zh
L7-0147,本意,本意,běnyì,N,7-9,3-4,3-4,,False,https://forvo.com/word/本意/#zh
L7-0148,本着,本著,běnzhe,Prep,7-9,3-N,3-N,neutral_tone,False,https://forvo.com/word/本着/#zh
L7-0149,奔,奔,bèn,V,7-9,4,4,,False,https://forvo.com/word/奔/#zh
L7-0150,笨蛋,笨蛋,bèndàn,N,7-9,4-4,4-4,,False,https://forvo.com/word/笨蛋/#zh
L7-0151,笨重,笨重,bènzhòng,Adj,7-9,4-4,4-4,,False,https://forvo.com/word/笨重/#zh
L7-0152,崩溃,崩潰,bēngkuì,V,7-9,1-4,1-4,,False,https://forvo.com/word/崩溃/#zh
L7-0153,绷,繃,bēng,V,7-9,1,1,,False,https://forvo.com/word/绷/#zh
L7-0154,绷带,繃帶,bēngdài,N,7-9,1-4,1-4,,False,https://forvo.com/word/绷带/#zh
L7-0155,蹦,蹦,bèng,V,7-9,4,4,,False,https://forvo.com/word/蹦/#zh
L7-0156,逼近,逼近,bījìn,V,7-9,1-4,1-4,,False,https://forvo.com/word/逼近/#zh
L7-0157,逼迫,逼迫,bīpò,V,7-9,1-4,1-4,,False,https://forvo.com/word/逼迫/#zh
L7-0158,逼真,逼真,bīzhēn,Adj,7-9,1-1,1-1,,False,https://forvo.com/word/逼真/#zh
L7-0159,鼻涕,鼻涕,bítì,N,7-9,2-4,2-4,,False,https://forvo.com/word/鼻涕/#zh
L7-0160,比比皆是,比比皆是,bǐbǐ-jiēshì,,7-9,3-3-1-4,2-3-1-4,third_tone_sandhi,False,https://forvo.com/word/比比皆是/#zh
L7-0161,比不上,比不上,bǐ bu shàng,,7-9,3-4-4,3-2-4,bu_before_t4,False,https://forvo.com/word/比不上/#zh
L7-0162,比起,比起,bǐqǐ,,7-9,3-3,2-3,third_tone_sandhi,False,https://forvo.com/word/比起/#zh
L7-0163,比试,比試,bǐshi,V,7-9,3-4,3-4,,False,https://forvo.com/word/比试/#zh
L7-0164,比喻,比喻,bǐyù,N/V,7-9,3-4,3-4,,False,https://forvo.com/word/比喻/#zh
L7-0165,鄙视,鄙視,bǐshì,V,7-9,3-4,3-4,,False,https://forvo.com/word/鄙视/#zh
L7-0166,必不可少,必不可少,bìbùkěshǎo,,7-9,4-4-3-3,4-4-2-3,third_tone_sandhi,False,https://forvo.com/word/必不可少/#zh
L7-0167,必定,必定,bìdìng,Adv,7-9,4-4,4-4,,False,https://forvo.com/word/必定/#zh
L7-0168,碧绿,碧綠,bìlǜ,Adj,7-9,4-4,4-4,,False,https://forvo.com/word/碧绿/#zh
L7-0169,弊病,弊病,bìbìng,N,7-9,4-4,4-4,,False,https://forvo.com/word/弊病/#zh
L7-0170,弊端,弊端,bìduān,N,7-9,4-1,4-1,,False,https://forvo.com/word/弊端/#zh
L7-0171,壁画,壁畫,bìhuà,N,7-9,4-4,4-4,,False,https://forvo.com/word/壁画/#zh
L7-0172,避难,避難,bìnàn,,7-9,4-4,4-4,,False,https://forvo.com/word/避难/#zh
L7-0173,避暑,避暑,bìshǔ,,7-9,4-3,4-3,,False,https://forvo.com/word/避暑/#zh
L7-0174,边疆,邊疆,biānjiāng,N,7-9,1-1,1-1,,False,https://forvo.com/word/边疆/#zh
L7-0175,边界,邊界,biānjiè,N,7-9,1-4,1-4,,False,https://forvo.com/word/边界/#zh
L7-0176,边远,邊遠,biānyuǎn,Adj,7-9,1-3,1-3,,False,https://forvo.com/word/边远/#zh
L7-0177,编号,編號,biānhào,N,7-9,1-4,1-4,,False,https://forvo.com/word/编号/#zh
L7-0178,编剧,編劇,biānjù,N,7-9,1-4,1-4,,False,https://forvo.com/word/编剧/#zh
L7-0179,编排,編排,biānpái,V,7-9,1-2,1-2,,False,https://forvo.com/word/编排/#zh
L7-0180,编写,編寫,biānxiě,V,7-9,1-3,1-3,,False,https://forvo.com/word/编写/#zh
L7-0181,编造,編造,biānzào,V,7-9,1-4,1-4,,False,https://forvo.com/word/编造/#zh
L7-0182,鞭策,鞭策,biāncè,V,7-9,1-4,1-4,,False,https://forvo.com/word/鞭策/#zh
L7-0183,鞭炮,鞭炮,biānpào,N,7-9,1-4,1-4,,False,https://forvo.com/word/鞭炮/#zh
L7-0184,贬值,貶值,biǎnzhí,V,7-9,3-2,3-2,,False,https://forvo.com/word/贬值/#zh
L7-0185,变革,變革,biàngé,V,7-9,4-2,4-2,,False,https://forvo.com/word/变革/#zh
L7-0186,变幻莫测,變幻莫測,biànhuàn-mòcè,,7-9,4-4-4-4,4-4-4-4,,False,https://forvo.com/word/变幻莫测/#zh
L7-0187,变迁,變遷,biànqiān,V/N,7-9,4-1,4-1,,False,https://forvo.com/word/变迁/#zh
L7-0188,变异,變異,biànyì,V,7-9,4-4,4-4,,False,https://forvo.com/word/变异/#zh
L7-0189,变质,變質,biànzhì,,7-9,4-4,4-4,,False,https://forvo.com/word/变质/#zh
L7-0190,便道,便道,biàndào,N,7-9,4-4,4-4,,False,https://forvo.com/word/便道/#zh
L7-0191,便饭,便飯,biànfàn,N,7-9,4-4,4-4,,False,https://forvo.com/word/便饭/#zh
L7-0192,便捷,便捷,biànjié,Adj,7-9,4-2,4-2,,False,https://forvo.com/word/便捷/#zh
L7-0193,便利店,便利店,biànlìdiàn,N,7-9,4-4-4,4-4-4,,False,https://forvo.com/word/便利店/#zh
L7-0194,遍布,遍布,biànbù,V,7-9,4-4,4-4,,False,https://forvo.com/word/遍布/#zh
L7-0195,辨别,辨別,biànbié,V,7-9,4-2,4-2,,False,https://forvo.com/word/辨别/#zh
L7-0196,辨认,辨認,biànrèn,V,7-9,4-4,4-4,,False,https://forvo.com/word/辨认/#zh
L7-0197,辩,辯,biàn,V,7-9,4,4,,False,https://forvo.com/word/辩/#zh
L7-0198,辩护,辯護,biànhù,V,7-9,4-4,4-4,,False,https://forvo.com/word/辩护/#zh
L7-0199,辩解,辯解,biànjiě,V,7-9,4-3,4-3,,False,https://forvo.com/word/辩解/#zh
L7-0200,辫子,辮子,biànzi,N,7-9,4-N,4-N,neutral_tone,False,https://forvo.com/word/辫子/#zh
L7-0201,标,標,biāo,V,7-9,1,1,,False,https://forvo.com/word/标/#zh
L7-0202,标榜,標榜,biāobǎng,V,7-9,1-3,1-3,,False,https://forvo.com/word/标榜/#zh
L7-0203,标本,標本,biāoběn,N,7-9,1-3,1-3,,False,https://forvo.com/word/标本/#zh
L7-0204,标签,標籤,biāoqiān,N,7-9,1-1,1-1,,False,https://forvo.com/word/标签/#zh
L7-0205,标示,標示,biāoshì,V,7-9,1-4,1-4,,False,https://forvo.com/word/标示/#zh
L7-0206,标语,標語,biāoyǔ,N,7-9,1-3,1-3,,False,https://forvo.com/word/标语/#zh
L7-0207,标致,標致,biāozhì,Adj,7-9,1-4,1-4,,False,https://forvo.com/word/标致/#zh
L7-0208,飙升,飆升,biāoshēng,V,7-9,1-1,1-1,,False,https://forvo.com/word/飙升/#zh
L7-0209,表白,表白,biǎobái,V,7-9,3-2,3-2,,False,https://forvo.com/word/表白/#zh
L7-0210,表决,表決,biǎojué,V,7-9,3-2,3-2,,False,https://forvo.com/word/表决/#zh
L7-0211,表述,表述,biǎoshù,V,7-9,3-4,3-4,,False,https://forvo.com/word/表述/#zh
L7-0212,表率,表率,biǎoshuài,N,7-9,3-4,3-4,,False,https://forvo.com/word/表率/#zh
L7-0213,表态,表態,biǎotài,,7-9,3-4,3-4,,False,https://forvo.com/word/表态/#zh
L7-0214,表彰,表彰,biǎozhāng,V,7-9,3-1,3-1,,False,https://forvo.com/word/表彰/#zh
L7-0215,憋,憋,biē,V/Adj,7-9,1,1,,False,https://forvo.com/word/憋/#zh
L7-0216,别具匠心,別具匠心,biéjù-jiàngxīn,,7-9,2-4-4-1,2-4-4-1,,False,https://forvo.com/word/别具匠心/#zh
L7-0217,别看,別看,biékàn,Conj,7-9,2-4,2-4,,False,https://forvo.com/word/别看/#zh
L7-0218,别墅,別墅,biéshù,N,7-9,2-4,2-4,,False,https://forvo.com/word/别墅/#zh
L7-0219,别说,別說,biéshuō,Conj,7-9,2-1,2-1,,False,https://forvo.com/word/别说/#zh
L7-0220,别提了,別提了,biétí le,,7-9,2-2-N,2-2-N,neutral_tone,False,https://forvo.com/word/别提了/#zh
L7-0221,别致,別緻,biézhì,Adj,7-9,2-4,2-4,,False,https://forvo.com/word/别致/#zh
L7-0222,别扭,彆扭,bièniu,Adj,7-9,4-N,4-N,neutral_tone,False,https://forvo.com/word/别扭/#zh
L7-0223,彬彬有礼,彬彬有禮,bīnbīn-yǒulǐ,,7-9,1-1-3-3,1-1-2-3,third_tone_sandhi,False,https://forvo.com/word/彬彬有礼/#zh
L7-0224,滨海,濱海,bīn hǎi,,7-9,1-3,1-3,,False,https://forvo.com/word/滨海/#zh
L7-0225,缤纷,繽紛,bīnfēn,Adj,7-9,1-1,1-1,,False,https://forvo.com/word/缤纷/#zh
L7-0226,冰棍儿,冰棍兒,bīnggùnr,N,7-9,1-4-N,1-4-N,neutral_tone,False,https://forvo.com/word/冰棍儿/#zh
L7-0227,冰山,冰山,bīngshān,N,7-9,1-1,1-1,,False,https://forvo.com/word/冰山/#zh
L7-0228,丙,丙,bǐng,N,7-9,3,3,,False,https://forvo.com/word/丙/#zh
L7-0229,秉承,秉承,bǐngchéng,V,7-9,3-2,3-2,,False,https://forvo.com/word/秉承/#zh
L7-0230,并非,並非,bìngfēi,V,7-9,4-1,4-1,,False,https://forvo.com/word/并非/#zh
L7-0231,并购,併購,bìnggòu,V,7-9,4-4,4-4,,False,https://forvo.com/word/并购/#zh
L7-0232,并列,並列,bìngliè,V,7-9,4-4,4-4,,False,https://forvo.com/word/并列/#zh
L7-0233,并行,並行,bìngxíng,V,7-9,4-2,4-2,,False,https://forvo.com/word/并行/#zh
L7-0234,病床,病床,bìngchuáng,N,7-9,4-2,4-2,,False,https://forvo.com/word/病床/#zh
L7-0235,病症,病症,bìngzhèng,N,7-9,4-4,4-4,,False,https://forvo.com/word/病症/#zh
L7-0236,拨,撥,bō,V,7-9,1,1,,False,https://forvo.com/word/拨/#zh
L7-0237,拨款,撥款,bōkuǎn,N,7-9,1-3,1-3,,False,https://forvo.com/word/拨款/#zh
L7-0238,拨通,撥通,bōtōng,,7-9,1-1,1-1,,False,https://forvo.com/word/拨通/#zh
L7-0239,波及,波及,bōjí,V,7-9,1-2,1-2,,False,https://forvo.com/word/波及/#zh
L7-0240,波澜,波瀾,bōlán,N,7-9,1-2,1-2,,False,https://forvo.com/word/波澜/#zh
L7-0241,波涛,波濤,bōtāo,N,7-9,1-1,1-1,,False,https://forvo.com/word/波涛/#zh
L7-0242,波折,波折,bōzhé,N,7-9,1-2,1-2,,False,https://forvo.com/word/波折/#zh
L7-0243,剥夺,剝奪,bōduó,V,7-9,1-2,1-2,,False,https://forvo.com/word/剥夺/#zh
L7-0244,剥削,剝削,bōxuē,V/N,7-9,1-1,1-1,,False,https://forvo.com/word/剥削/#zh
L7-0245,伯伯,伯伯,bóbo,N,7-9,2-N,2-N,neutral_tone,False,https://forvo.com/word/伯伯/#zh
L7-0246,伯父,伯父,bófù,N,7-9,2-4,2-4,,False,https://forvo.com/word/伯父/#zh
L7-0247,伯母,伯母,bómǔ,N,7-9,2-3,2-3,,False,https://forvo.com/word/伯母/#zh
L7-0248,驳回,駁回,bóhuí,V,7-9,2-2,2-2,,False,https://forvo.com/word/驳回/#zh
L7-0249,脖子,脖子,bózi,N,7-9,2-N,2-N,neutral_tone,False,https://forvo.com/word/脖子/#zh
L7-0250,搏斗,搏鬥,bódòu,V,7-9,2-4,2-4,,False,https://forvo.com/word/搏斗/#zh
L7-0251,不定,不定,bùdìng,Adj/Adv,7-9,4-4,2-4,bu_before_t4,False,https://forvo.com/word/不定/#zh
L7-0252,不见得,不見得,bùjiàndé,Adv,7-9,4-4-N,2-4-N,bu_before_t4;neutral_tone,False,https://forvo.com/word/不见得/#zh
L7-0253,不利于,不利於,bùlì yú,,7-9,4-4-2,2-4-2,bu_before_t4,False,https://forvo.com/word/不利于/#zh
L7-0254,不慎,不慎,bùshèn,Adj,7-9,4-4,2-4,bu_before_t4,False,https://forvo.com/word/不慎/#zh
L7-0255,不适,不適,bùshì,Adj,7-9,4-4,2-4,bu_before_t4,False,https://forvo.com/word/不适/#zh
L7-0256,不算,不算,bù suàn,,7-9,4-4,2-4,bu_before_t4,False,https://forvo.com/word/不算/#zh
L7-0257,不像话,不像話,bùxiànghuà,Adj,7-9,4-4-4,2-4-4,bu_before_t4,False,https://forvo.com/word/不像话/#zh
L7-0258,不屑,不屑,bùxiè,V,7-9,4-4,2-4,bu_before_t4,False,https://forvo.com/word/不屑/#zh
L7-0259,不懈,不懈,bùxiè,Adj,7-9,4-4,2-4,bu_before_t4,False,https://forvo.com/word/不懈/#zh
L7-0260,不亚于,不亞於,bùyàyú,V,7-9,4-4-2,2-4-2,bu_before_t4,False,https://forvo.com/word/不亚于/#zh
L7-0261,不亦乐乎,不亦樂乎,bùyìlèhū,,7-9,4-4-4-1,2-4-4-1,bu_before_t4,False,https://forvo.com/word/不亦乐乎/#zh
L7-0262,不翼而飞,不翼而飛,bùyì'érfēi,,7-9,4-4-2-1,2-4-2-1,bu_before_t4,False,https://forvo.com/word/不翼而飞/#zh
L7-0263,不用说,不用說,bùyòngshuō,,7-9,4-4-1,2-4-1,bu_before_t4,False,https://forvo.com/word/不用说/#zh
L7-0264,不正之风,不正之風,bùzhèngzhīfēng,,7-9,4-4-1-1,2-4-1-1,bu_before_t4,False,https://forvo.com/word/不正之风/#zh
L7-0265,补给,補給,bǔjǐ,V/N,7-9,3-3,2-3,third_tone_sandhi,False,https://forvo.com/word/补给/#zh
L7-0266,补救,補救,bǔjiù,V,7-9,3-4,3-4,,False,https://forvo.com/word/补救/#zh
L7-0267,捕捉,捕捉,bǔzhuō,V,7-9,3-1,3-1,,False,https://forvo.com/word/捕捉/#zh
L7-0268,哺育,哺育,bǔyù,V,7-9,3-4,3-4,,False,https://forvo.com/word/哺育/#zh
L7-0269,不耻下问,不恥下問,bùchǐ-xiàwèn,,7-9,4-3-4-4,4-3-4-4,,False,https://forvo.com/word/不耻下问/#zh
L7-0270,不辞而别,不辭而別,bùcí'érbié,,7-9,4-2-2-2,4-2-2-2,,False,https://forvo.com/word/不辞而别/#zh
L7-0271,不得而知,不得而知,bùdé'érzhī,,7-9,4-2-2-1,4-2-2-1,,False,https://forvo.com/word/不得而知/#zh
L7-0272,不得已,不得已,bùdéyǐ,Adj,7-9,4-2-3,4-2-3,,False,https://forvo.com/word/不得已/#zh
L7-0273,不妨,不妨,bùfáng,Adv,7-9,4-2,4-2,,False,https://forvo.com/word/不妨/#zh
L7-0274,不服,不服,bùfú,V,7-9,4-2,4-2,,False,https://forvo.com/word/不服/#zh
L7-0275,不服气,不服氣,bù fúqì,,7-9,4-2-4,4-2-4,,False,https://forvo.com/word/不服气/#zh
L7-0276,不假思索,不假思索,bùjiǎ-sīsuǒ,,7-9,4-3-1-3,4-3-1-3,,False,https://forvo.com/word/不假思索/#zh
L7-0277,不解,不解,bùjiě,V,7-9,4-3,4-3,,False,https://forvo.com/word/不解/#zh
L7-0278,不经意,不經意,bùjīngyì,V,7-9,4-1-4,4-1-4,,False,https://forvo.com/word/不经意/#zh
L7-0279,不景气,不景氣,bùjǐngqì,Adj,7-9,4-3-4,4-3-4,,False,https://forvo.com/word/不景气/#zh
L7-0280,不堪,不堪,bùkān,V/Adj,7-9,4-1,4-1,,False,https://forvo.com/word/不堪/#zh
L7-0281,不可避免,不可避免,bùkě-bìmiǎn,,7-9,4-3-4-3,4-3-4-3,,False,https://forvo.com/word/不可避免/#zh
L7-0282,不可思议,不可思議,bùkě-sīyì,,7-9,4-3-1-4,4-3-1-4,,False,https://forvo.com/word/不可思议/#zh
L7-0283,不肯,不肯,bù kěn,,7-9,4-3,4-3,,False,https://forvo.com/word/不肯/#zh
L7-0284,不理,不理,bù lǐ,,7-9,4-3,4-3,,False,https://forvo.com/word/不理/#zh
L7-0285,不了了之,不了了之,bùliǎo-liǎozhī,,7-9,4-3-3-1,4-2-3-1,third_tone_sandhi,False,https://forvo.com/word/不了了之/#zh
L7-0286,不难,不難,bù nán,,7-9,4-2,4-2,,False,https://forvo.com/word/不难/#zh
L7-0287,不平,不平,bùpíng,Adj/N,7-9,4-2,4-2,,False,https://forvo.com/word/不平/#zh
L7-0288,不起眼,不起眼,bùqǐyǎn,,7-9,4-3-3,4-2-3,third_tone_sandhi,False,https://forvo.com/word/不起眼/#zh
L7-0289,不容,不容,bùróng,V,7-9,4-2,4-2,,False,https://forvo.com/word/不容/#zh
L7-0290,不如说,不如說,bùrú shuō,,7-9,4-2-1,4-2-1,,False,https://forvo.com/word/不如说/#zh
L7-0291,不同寻常,不同尋常,bùtóng-xúncháng,,7-9,4-2-2-2,4-2-2-2,,False,https://forvo.com/word/不同寻常/#zh
L7-0292,不为人知,不為人知,bùwéirénzhī,,7-9,4-2-2-1,4-2-2-1,,False,https://forvo.com/word/不为人知/#zh
L7-0293,不惜,不惜,bùxī,V,7-9,4-1,4-1,,False,https://forvo.com/word/不惜/#zh
L7-0294,不相上下,不相上下,bùxiāng-shàngxià,,7-9,4-1-4-4,4-1-4-4,,False,https://forvo.com/word/不相上下/#zh
L7-0295,不宜,不宜,bùyí,V,7-9,4-2,4-2,,False,https://forvo.com/word/不宜/#zh
L7-0296,不已,不已,bùyǐ,V,7-9,4-3,4-3,,False,https://forvo.com/word/不已/#zh
L7-0297,不以为然,不以為然,bùyǐwéirán,,7-9,4-3-2-2,4-3-2-2,,False,https://forvo.com/word/不以为然/#zh
L7-0298,不由得,不由得,bùyóude,V/Adv,7-9,4-2-N,4-2-N,neutral_tone,False,https://forvo.com/word/不由得/#zh
L7-0299,不由自主,不由自主,bùyóuzìzhǔ,,7-9,4-2-4-3,4-2-4-3,,False,https://forvo.com/word/不由自主/#zh
L7-0300,不予,不予,bù yǔ,,7-9,4-3,4-3,,False,https://forvo.com/word/不予/#zh
L7-0301,不约而同,不約而同,bùyuē'értóng,,7-9,4-1-2-2,4-1-2-2,,False,https://forvo.com/word/不约而同/#zh
L7-0302,不知,不知,bùzhī,V,7-9,4-1,4-1,,False,https://forvo.com/word/不知/#zh
L7-0303,不知不觉,不知不覺,bùzhī-bùjué,,7-9,4-1-4-2,4-1-4-2,,False,https://forvo.com/word/不知不觉/#zh
L7-0304,不准,不准,bù zhǔn,,7-9,4-3,4-3,,False,https://forvo.com/word/不准/#zh
L7-0305,布局,佈局,bùjú,N/V,7-9,4-2,4-2,,False,https://forvo.com/word/布局/#zh
L7-0306,步伐,步伐,bùfá,N,7-9,4-2,4-2,,False,https://forvo.com/word/步伐/#zh
L7-0307,步入,步入,bùrù,V,7-9,4-4,4-4,,False,https://forvo.com/word/步入/#zh
L7-0308,步骤,步驟,bùzhòu,N,7-9,4-4,4-4,,False,https://forvo.com/word/步骤/#zh
L7-0309,部件,部件,bùjiàn,N,7-9,4-4,4-4,,False,https://forvo.com/word/部件/#zh
L7-0310,部署,部署,bùshǔ,V,7-9,4-3,4-3,,False,https://forvo.com/word/部署/#zh
L7-0311,猜谜,猜謎,cāimí,,7-9,1-2,1-2,,False,https://forvo.com/word/猜谜/#zh
L7-0312,猜想,猜想,cāixiǎng,V,7-9,1-3,1-3,,False,https://forvo.com/word/猜想/#zh
L7-0313,才华,才華,cáihuá,N,7-9,2-2,2-2,,False,https://forvo.com/word/才华/#zh
L7-0314,财经,財經,cáijīng,N,7-9,2-1,2-1,,False,https://forvo.com/word/财经/#zh
L7-0315,财力,財力,cáilì,N,7-9,2-4,2-4,,False,https://forvo.com/word/财力/#zh
L7-0316,财务,財務,cáiwù,N,7-9,2-4,2-4,,False,https://forvo.com/word/财务/#zh
L7-0317,财物,財物,cáiwù,N,7-9,2-4,2-4,,False,https://forvo.com/word/财物/#zh
L7-0318,财政,財政,cáizhèng,N,7-9,2-4,2-4,,False,https://forvo.com/word/财政/#zh
L7-0319,裁,裁,cái,V,7-9,2,2,,False,https://forvo.com/word/裁/#zh
L7-0320,裁定,裁定,cáidìng,V,7-9,2-4,2-4,,False,https://forvo.com/word/裁定/#zh
L7-0321,裁决,裁決,cáijué,V,7-9,2-2,2-2,,False,https://forvo.com/word/裁决/#zh
L7-0322,采,採,cǎi,V,7-9,3,3,,False,https://forvo.com/word/采/#zh
L7-0323,采集,採集,cǎijí,V,7-9,3-2,3-2,,False,https://forvo.com/word/采集/#zh
L7-0324,采矿,採礦,cǎikuàng,,7-9,3-4,3-4,,False,https://forvo.com/word/采矿/#zh
L7-0325,彩电,彩電,cǎidiàn,N,7-9,3-4,3-4,,False,https://forvo.com/word/彩电/#zh
L7-0326,彩虹,彩虹,cǎihóng,N,7-9,3-2,3-2,,False,https://forvo.com/word/彩虹/#zh
L7-0327,彩霞,彩霞,cǎixiá,N,7-9,3-2,3-2,,False,https://forvo.com/word/彩霞/#zh
L7-0328,菜市场,菜市場,càishìchǎng,N,7-9,4-4-3,4-4-3,,False,https://forvo.com/word/菜市场/#zh
L7-0329,参见,參見,cānjiàn,V,7-9,1-4,1-4,,False,https://forvo.com/word/参见/#zh
L7-0330,参军,參軍,cānjūn,,7-9,1-1,1-1,,False,https://forvo.com/word/参军/#zh
L7-0331,参谋,參謀,cānmóu,V/N,7-9,1-2,1-2,,False,https://forvo.com/word/参谋/#zh
L7-0332,参照,參照,cānzhào,V,7-9,1-4,1-4,,False,https://forvo.com/word/参照/#zh
L7-0333,餐桌,餐桌,cānzhuō,N,7-9,1-1,1-1,,False,https://forvo.com/word/餐桌/#zh
L7-0334,残,殘,cán,V,7-9,2,2,,False,https://forvo.com/word/残/#zh
L7-0335,残留,殘留,cánliú,V,7-9,2-2,2-2,,False,https://forvo.com/word/残留/#zh
L7-0336,残缺,殘缺,cánquē,V,7-9,2-1,2-1,,False,https://forvo.com/word/残缺/#zh
L7-0337,残忍,殘忍,cánrěn,Adj,7-9,2-3,2-3,,False,https://forvo.com/word/残忍/#zh
L7-0338,惭愧,慚愧,cánkuì,Adj,7-9,2-4,2-4,,False,https://forvo.com/word/惭愧/#zh
L7-0339,惨白,慘白,cǎnbái,Adj,7-9,3-2,3-2,,False,https://forvo.com/word/惨白/#zh
L7-0340,惨痛,慘痛,cǎntòng,Adj,7-9,3-4,3-4,,False,https://forvo.com/word/惨痛/#zh
L7-0341,惨重,慘重,cǎnzhòng,Adj,7-9,3-4,3-4,,False,https://forvo.com/word/惨重/#zh
L7-0342,灿烂,燦爛,cànlàn,Adj,7-9,4-4,4-4,,False,https://forvo.com/word/灿烂/#zh
L7-0343,苍蝇,蒼蠅,cāngying,N,7-9,1-N,1-N,neutral_tone,False,https://forvo.com/word/苍蝇/#zh
L7-0344,沧桑,滄桑,cāngsāng,N,7-9,1-1,1-1,,False,https://forvo.com/word/沧桑/#zh
L7-0345,舱,艙,cāng,N,7-9,1,1,,False,https://forvo.com/word/舱/#zh
L7-0346,藏匿,藏匿,cángnì,V,7-9,2-4,2-4,,False,https://forvo.com/word/藏匿/#zh
L7-0347,藏品,藏品,cángpǐn,N,7-9,2-3,2-3,,False,https://forvo.com/word/藏品/#zh
L7-0348,藏身,藏身,cángshēn,V,7-9,2-1,2-1,,False,https://forvo.com/word/藏身/#zh
L7-0349,操控,操控,cāokòng,V,7-9,1-4,1-4,,False,https://forvo.com/word/操控/#zh
L7-0350,操劳,操勞,cāoláo,V,7-9,1-2,1-2,,False,https://forvo.com/word/操劳/#zh
L7-0351,操心,操心,cāoxīn,,7-9,1-1,1-1,,False,https://forvo.com/word/操心/#zh
L7-0352,槽,槽,cáo,N,7-9,2,2,,False,https://forvo.com/word/槽/#zh
L7-0353,草案,草案,cǎo'àn,N,7-9,3-4,3-4,,False,https://forvo.com/word/草案/#zh
L7-0354,草坪,草坪,cǎopíng,N,7-9,3-2,3-2,,False,https://forvo.com/word/草坪/#zh
L7-0355,侧面,側面,cèmiàn,N,7-9,4-4,4-4,,False,https://forvo.com/word/侧面/#zh
L7-0356,侧重,側重,cèzhòng,V,7-9,4-4,4-4,,False,https://forvo.com/word/侧重/#zh
L7-0357,测算,測算,cèsuàn,V,7-9,4-4,4-4,,False,https://forvo.com/word/测算/#zh
L7-0358,测验,測驗,cèyàn,V/N,7-9,4-4,4-4,,False,https://forvo.com/word/测验/#zh
L7-0359,层出不穷,層出不窮,céngchū-bùqióng,,7-9,2-1-4-2,2-1-4-2,,False,https://forvo.com/word/层出不穷/#zh
L7-0360,蹭,蹭,cèng,V,7-9,4,4,,False,https://forvo.com/word/蹭/#zh
L7-0361,差错,差錯,chācuò,N,7-9,1-4,1-4,,False,https://forvo.com/word/差错/#zh
L7-0362,差额,差額,chā'é,N,7-9,1-2,1-2,,False,https://forvo.com/word/差额/#zh
L7-0363,插手,插手,chāshǒu,,7-9,1-3,1-3,,False,https://forvo.com/word/插手/#zh
L7-0364,插图,插圖,chātú,N,7-9,1-2,1-2,,False,https://forvo.com/word/插图/#zh
L7-0365,插嘴,插嘴,chāzuǐ,,7-9,1-3,1-3,,False,https://forvo.com/word/插嘴/#zh
L7-0366,茶道,茶道,chádào,N,7-9,2-4,2-4,,False,https://forvo.com/word/茶道/#zh
L7-0367,茶馆儿,茶館兒,cháguǎnr,N,7-9,2-3-N,2-3-N,neutral_tone,False,https://forvo.com/word/茶馆儿/#zh
L7-0368,查处,查處,cháchǔ,V,7-9,2-3,2-3,,False,https://forvo.com/word/查处/#zh
L7-0369,查明,查明,chámíng,V,7-9,2-2,2-2,,False,https://forvo.com/word/查明/#zh
L7-0370,查找,查找,cházhǎo,V,7-9,2-3,2-3,,False,https://forvo.com/word/查找/#zh
L7-0371,察觉,察覺,chájué,V,7-9,2-2,2-2,,False,https://forvo.com/word/察觉/#zh
L7-0372,察看,察看,chákàn,V,7-9,2-4,2-4,,False,https://forvo.com/word/察看/#zh
L7-0373,诧异,詫異,chàyì,Adj,7-9,4-4,4-4,,False,https://forvo.com/word/诧异/#zh
L7-0374,掺,摻,chān,V,7-9,1,1,,False,https://forvo.com/word/掺/#zh
L7-0375,搀,攙,chān,V,7-9,1,1,,False,https://forvo.com/word/搀/#zh
L7-0376,馋,饞,chán,Adj/V,7-9,2,2,,False,https://forvo.com/word/馋/#zh
L7-0377,禅杖,禪杖,chánzhàng,N,7-9,2-4,2-4,,False,https://forvo.com/word/禅杖/#zh
L7-0378,缠,纏,chán,V,7-9,2,2,,False,https://forvo.com/word/缠/#zh
L7-0379,产,產,chǎn,V,7-9,3,3,,False,https://forvo.com/word/产/#zh
L7-0380,产地,產地,chǎndì,N,7-9,3-4,3-4,,False,https://forvo.com/word/产地/#zh
L7-0381,产物,產物,chǎnwù,N,7-9,3-4,3-4,,False,https://forvo.com/word/产物/#zh
L7-0382,产值,產值,chǎnzhí,N,7-9,3-2,3-2,,False,https://forvo.com/word/产值/#zh
L7-0383,铲,剷,chǎn,V,7-9,3,3,,False,https://forvo.com/word/铲/#zh
L7-0384,铲子,鏟子,chǎnzi,N,7-9,3-N,3-N,neutral_tone,False,https://forvo.com/word/铲子/#zh
L7-0385,阐述,闡述,chǎnshù,V,7-9,3-4,3-4,,False,https://forvo.com/word/阐述/#zh
L7-0386,颤抖,顫抖,chàndǒu,V,7-9,4-3,4-3,,False,https://forvo.com/word/颤抖/#zh
L7-0387,猖狂,猖狂,chāngkuáng,Adj,7-9,1-2,1-2,,False,https://forvo.com/word/猖狂/#zh
L7-0388,长达,長達,cháng dá,,7-9,2-2,2-2,,False,https://forvo.com/word/长达/#zh
L7-0389,长期以来,長期以來,chángqī yǐlái,,7-9,2-1-3-2,2-1-3-2,,False,https://forvo.com/word/长期以来/#zh
L7-0390,长效,長效,chángxiào,N/Adj,7-9,2-4,2-4,,False,https://forvo.com/word/长效/#zh
L7-0391,长征,長征,chángzhēng,N,7-9,2-1,2-1,,False,https://forvo.com/word/长征/#zh
L7-0392,长足,長足,chángzú,Adj,7-9,2-2,2-2,,False,https://forvo.com/word/长足/#zh
L7-0393,常理,常理,chánglǐ,N,7-9,2-3,2-3,,False,https://forvo.com/word/常理/#zh
L7-0394,常人,常人,chángrén,N,7-9,2-2,2-2,,False,https://forvo.com/word/常人/#zh
L7-0395,常态,常態,chángtài,N,7-9,2-4,2-4,,False,https://forvo.com/word/常态/#zh
L7-0396,常温,常溫,chángwēn,N,7-9,2-1,2-1,,False,https://forvo.com/word/常温/#zh
L7-0397,偿还,償還,chánghuán,V,7-9,2-2,2-2,,False,https://forvo.com/word/偿还/#zh
L7-0398,嫦娥,嫦娥,Cháng'é,N,7-9,2-2,2-2,,False,https://forvo.com/word/嫦娥/#zh
L7-0399,厂家,廠家,chǎngjiā,N,7-9,3-1,3-1,,False,https://forvo.com/word/厂家/#zh
L7-0400,敞开,敞開,chǎngkāi,V,7-9,3-1,3-1,,False,https://forvo.com/word/敞开/#zh
L7-0401,畅谈,暢談,chàngtán,V,7-9,4-2,4-2,,False,https://forvo.com/word/畅谈/#zh
L7-0402,畅销,暢銷,chàngxiāo,V,7-9,4-1,4-1,,False,https://forvo.com/word/畅销/#zh
L7-0403,倡议,倡議,chàngyì,V/N,7-9,4-4,4-4,,False,https://forvo.com/word/倡议/#zh
L7-0404,抄袭,抄襲,chāoxí,V,7-9,1-2,1-2,,False,https://forvo.com/word/抄袭/#zh
L7-0405,钞票,鈔票,chāopiào,N,7-9,1-4,1-4,,False,https://forvo.com/word/钞票/#zh
L7-0406,超标,超標,chāobiāo,,7-9,1-1,1-1,,False,https://forvo.com/word/超标/#zh
L7-0407,超车,超車,chāochē,,7-9,1-1,1-1,,False,https://forvo.com/word/超车/#zh
L7-0408,超前,超前,chāoqián,Adj/V,7-9,1-2,1-2,,False,https://forvo.com/word/超前/#zh
L7-0409,超速,超速,chāosù,V,7-9,1-4,1-4,,False,https://forvo.com/word/超速/#zh
L7-0410,朝代,朝代,cháodài,N,7-9,2-4,2-4,,False,https://forvo.com/word/朝代/#zh
L7-0411,朝着,朝著,cháozhe,,7-9,2-N,2-N,neutral_tone,False,https://forvo.com/word/朝着/#zh
L7-0412,嘲弄,嘲弄,cháonòng,V,7-9,2-4,2-4,,False,https://forvo.com/word/嘲弄/#zh
L7-0413,嘲笑,嘲笑,cháoxiào,V,7-9,2-4,2-4,,False,https://forvo.com/word/嘲笑/#zh
L7-0414,吵嘴,吵嘴,chǎozuǐ,,7-9,3-3,2-3,third_tone_sandhi,False,https://forvo.com/word/吵嘴/#zh
L7-0415,车道,車道,chēdào,N,7-9,1-4,1-4,,False,https://forvo.com/word/车道/#zh
L7-0416,车祸,車禍,chēhuò,N,7-9,1-4,1-4,,False,https://forvo.com/word/车祸/#zh
L7-0417,车间,車間,chējiān,N,7-9,1-1,1-1,,False,https://forvo.com/word/车间/#zh
L7-0418,车轮,車輪,chēlún,N,7-9,1-2,1-2,,False,https://forvo.com/word/车轮/#zh
L7-0419,车速,車速,chēsù,N,7-9,1-4,1-4,,False,https://forvo.com/word/车速/#zh
L7-0420,车位,車位,chēwèi,N,7-9,1-4,1-4,,False,https://forvo.com/word/车位/#zh
L7-0421,车厢,車廂,chēxiāng,N,7-9,1-1,1-1,,False,https://forvo.com/word/车厢/#zh
L7-0422,车型,車型,chēxíng,N,7-9,1-2,1-2,,False,https://forvo.com/word/车型/#zh
L7-0423,车轴,車軸,chēzhóu,N,7-9,1-2,1-2,,False,https://forvo.com/word/车轴/#zh
L7-0424,扯,扯,chě,V,7-9,3,3,,False,https://forvo.com/word/扯/#zh
L7-0425,彻夜,徹夜,chèyè,Adv,7-9,4-4,4-4,,False,https://forvo.com/word/彻夜/#zh
L7-0426,撤,撤,chè,V,7-9,4,4,,False,https://forvo.com/word/撤/#zh
L7-0427,撤换,撤換,chèhuàn,V,7-9,4-4,4-4,,False,https://forvo.com/word/撤换/#zh
L7-0428,沉甸甸,沉甸甸,chéndiàndiàn,Adj,7-9,2-4-4,2-4-4,,False,https://forvo.com/word/沉甸甸/#zh
L7-0429,沉淀,沉澱,chéndiàn,V/N,7-9,2-4,2-4,,False,https://forvo.com/word/沉淀/#zh
L7-0430,沉浸,沉浸,chénjìn,V,7-9,2-4,2-4,,False,https://forvo.com/word/沉浸/#zh
L7-0431,沉闷,沉悶,chénmèn,Adj,7-9,2-4,2-4,,False,https://forvo.com/word/沉闷/#zh
L7-0432,沉迷,沉迷,chénmí,V,7-9,2-2,2-2,,False,https://forvo.com/word/沉迷/#zh
L7-0433,沉思,沉思,chénsī,V,7-9,2-1,2-1,,False,https://forvo.com/word/沉思/#zh
L7-0434,沉稳,沉穩,chénwěn,Adj,7-9,2-3,2-3,,False,https://forvo.com/word/沉稳/#zh
L7-0435,沉着,沉著,chénzhuó,Adj,7-9,2-2,2-2,,False,https://forvo.com/word/沉着/#zh
L7-0436,陈旧,陳舊,chénjiù,Adj,7-9,2-4,2-4,,False,https://forvo.com/word/陈旧/#zh
L7-0437,陈列,陳列,chénliè,V,7-9,2-4,2-4,,False,https://forvo.com/word/陈列/#zh
L7-0438,陈述,陳述,chénshù,V,7-9,2-4,2-4,,False,https://forvo.com/word/陈述/#zh
L7-0439,衬托,襯托,chèntuō,V,7-9,4-1,4-1,,False,https://forvo.com/word/衬托/#zh
L7-0440,趁,趁,chèn,Prep,7-9,4,4,,False,https://forvo.com/word/趁/#zh
L7-0441,趁机,趁機,chènjī,Adv,7-9,4-1,4-1,,False,https://forvo.com/word/趁机/#zh
L7-0442,趁早,趁早,chènzǎo,Adv,7-9,4-3,4-3,,False,https://forvo.com/word/趁早/#zh
L7-0443,趁着,趁著,chènzhe,,7-9,4,4,,False,https://forvo.com/word/趁着/#zh
L7-0444,称呼,稱呼,chēnghu,V/N,7-9,1-N,1-N,neutral_tone,False,https://forvo.com/word/称呼/#zh
L7-0445,称作,稱作,chēngzuò,,7-9,1-4,1-4,,False,https://forvo.com/word/称作/#zh
L7-0446,成才,成才,chéngcái,V,7-9,2-2,2-2,,False,https://forvo.com/word/成才/#zh
L7-0447,成家,成家,chéngjiā,,7-9,2-1,2-1,,False,https://forvo.com/word/成家/#zh
L7-0448,成年,成年,chéngnián,V,7-9,2-2,2-2,,False,https://forvo.com/word/成年/#zh
L7-0449,成年,成年,chéngnián,Adv,7-9,2-2,2-2,,False,https://forvo.com/word/成年/#zh
L7-0450,成千上万,成千上萬,chéngqiān-shàngwàn,,7-9,2-1-4-4,2-1-4-4,,False,https://forvo.com/word/成千上万/#zh
L7-0451,成群结队,成群結隊,chéngqún-jiéduì,,7-9,2-2-2-4,2-2-2-4,,False,https://forvo.com/word/成群结队/#zh
L7-0452,成天,成天,chéngtiān,Adv,7-9,2-1,2-1,,False,https://forvo.com/word/成天/#zh
L7-0453,成问题,成問題,chéngwèntí,,7-9,2-4-2,2-4-2,,False,https://forvo.com/word/成问题/#zh
L7-0454,成型,成型,chéngxíng,V,7-9,2-2,2-2,,False,https://forvo.com/word/成型/#zh
L7-0455,呈现,呈現,chéngxiàn,V,7-9,2-4,2-4,,False,https://forvo.com/word/呈现/#zh
L7-0456,诚恳,誠懇,chéngkěn,Adj,7-9,2-3,2-3,,False,https://forvo.com/word/诚恳/#zh
L7-0457,诚心诚意,誠心誠意,chéngxīn-chéngyì,,7-9,2-1-2-4,2-1-2-4,,False,https://forvo.com/word/诚心诚意/#zh
L7-0458,诚意,誠意,chéngyì,N,7-9,2-4,2-4,,False,https://forvo.com/word/诚意/#zh
L7-0459,诚挚,誠摯,chéngzhì,Adj,7-9,2-4,2-4,,False,https://forvo.com/word/诚挚/#zh
L7-0460,承包,承包,chéngbāo,V,7-9,2-1,2-1,,False,https://forvo.com/word/承包/#zh
L7-0461,承载,承載,chéngzài,V,7-9,2-4,2-4,,False,https://forvo.com/word/承载/#zh
L7-0462,城墙,城牆,chéngqiáng,N,7-9,2-2,2-2,,False,https://forvo.com/word/城墙/#zh
L7-0463,乘人之危,乘人之危,chéngrénzhīwēi,,7-9,2-2-1-1,2-2-1-1,,False,https://forvo.com/word/乘人之危/#zh
L7-0464,盛,盛,chéng,V,7-9,2,2,,False,https://forvo.com/word/盛/#zh
L7-0465,惩处,懲處,chéngchǔ,V,7-9,2-3,2-3,,False,https://forvo.com/word/惩处/#zh
L7-0466,惩罚,懲罰,chéngfá,V/N,7-9,2-2,2-2,,False,https://forvo.com/word/惩罚/#zh
L7-0467,澄清,澄清,chéngqīng,V/Adj,7-9,2-1,2-1,,False,https://forvo.com/word/澄清/#zh
L7-0468,橙汁,橙汁,chéngzhī,N,7-9,2-1,2-1,,False,https://forvo.com/word/橙汁/#zh
L7-0469,逞能,逞能,chěngnéng,,7-9,3-2,3-2,,False,https://forvo.com/word/逞能/#zh
L7-0470,逞强,逞強,chěngqiáng,,7-9,3-2,3-2,,False,https://forvo.com/word/逞强/#zh
L7-0471,秤,秤,chèng,N,7-9,4,4,,False,https://forvo.com/word/秤/#zh
L7-0472,吃不上,吃不上,chī bushàng,V,7-9,1-N-4,1-N-4,neutral_tone,False,https://forvo.com/word/吃不上/#zh
L7-0473,吃喝玩乐,吃喝玩樂,chī-hē-wán-lè,,7-9,1-1-2-4,1-1-2-4,,False,https://forvo.com/word/吃喝玩乐/#zh
L7-0474,吃苦,吃苦,chīkǔ,,7-9,1-3,1-3,,False,https://forvo.com/word/吃苦/#zh
L7-0475,吃亏,吃虧,chīkuī,,7-9,1-1,1-1,,False,https://forvo.com/word/吃亏/#zh
L7-0476,痴呆,痴獃,chīdāi,Adj,7-9,1-1,1-1,,False,https://forvo.com/word/痴呆/#zh
L7-0477,痴迷,痴迷,chīmí,V,7-9,1-2,1-2,,False,https://forvo.com/word/痴迷/#zh
L7-0478,痴心,痴心,chīxīn,N,7-9,1-1,1-1,,False,https://forvo.com/word/痴心/#zh
L7-0479,池塘,池塘,chítáng,N,7-9,2-2,2-2,,False,https://forvo.com/word/池塘/#zh
L7-0480,驰名,馳名,chímíng,V,7-9,2-2,2-2,,False,https://forvo.com/word/驰名/#zh
L7-0481,迟迟,遲遲,chíchí,Adv,7-9,2-2,2-2,,False,https://forvo.com/word/迟迟/#zh
L7-0482,迟疑,遲疑,chíyí,Adj,7-9,2-2,2-2,,False,https://forvo.com/word/迟疑/#zh
L7-0483,迟早,遲早,chízǎo,Adv,7-9,2-3,2-3,,False,https://forvo.com/word/迟早/#zh
L7-0484,持,持,chí,V,7-9,2,2,,False,https://forvo.com/word/持/#zh
L7-0485,持久,持久,chíjiǔ,Adj,7-9,2-3,2-3,,False,https://forvo.com/word/持久/#zh
L7-0486,持之以恒,持之以恆,chízhī-yǐhéng,,7-9,2-1-3-2,2-1-3-2,,False,https://forvo.com/word/持之以恒/#zh
L7-0487,尺度,尺度,chǐdù,N,7-9,3-4,3-4,,False,https://forvo.com/word/尺度/#zh
L7-0488,耻辱,恥辱,chǐrǔ,N,7-9,3-3,2-3,third_tone_sandhi,False,https://forvo.com/word/耻辱/#zh
L7-0489,耻笑,恥笑,chǐxiào,V,7-9,3-4,3-4,,False,https://forvo.com/word/耻笑/#zh
L7-0490,赤字,赤字,chìzì,N,7-9,4-4,4-4,,False,https://forvo.com/word/赤字/#zh
L7-0491,翅膀,翅膀,chìbǎng,N,7-9,4-3,4-3,,False,https://forvo.com/word/翅膀/#zh
L7-0492,冲刺,衝刺,chōngcì,V,7-9,1-4,1-4,,False,https://forvo.com/word/冲刺/#zh
L7-0493,冲浪,衝浪,chōnglàng,V,7-9,1-4,1-4,,False,https://forvo.com/word/冲浪/#zh
L7-0494,冲洗,沖洗,chōngxǐ,V,7-9,1-3,1-3,,False,https://forvo.com/word/冲洗/#zh
L7-0495,冲撞,衝撞,chōngzhuàng,V,7-9,1-4,1-4,,False,https://forvo.com/word/冲撞/#zh
L7-0496,充,充,chōng,V,7-9,1,1,,False,https://forvo.com/word/充/#zh
L7-0497,充当,充當,chōngdāng,V,7-9,1-1,1-1,,False,https://forvo.com/word/充当/#zh
L7-0498,充沛,充沛,chōngpèi,Adj,7-9,1-4,1-4,,False,https://forvo.com/word/充沛/#zh
L7-0499,充实,充實,chōngshí,Adj/V,7-9,1-2,1-2,,False,https://forvo.com/word/充实/#zh
L7-0500,重播,重播,chóngbō,V,7-9,2-1,2-1,,False,https://forvo.com/word/重播/#zh
L7-0501,重叠,重疊,chóngdié,V,7-9,2-2,2-2,,False,https://forvo.com/word/重叠/#zh
L7-0502,重返,重返,chóngfǎn,V,7-9,2-3,2-3,,False,https://forvo.com/word/重返/#zh
L7-0503,重合,重合,chónghé,V,7-9,2-2,2-2,,False,https://forvo.com/word/重合/#zh
L7-0504,重申,重申,chóngshēn,V,7-9,2-1,2-1,,False,https://forvo.com/word/重申/#zh
L7-0505,重现,重現,chóngxiàn,V,7-9,2-4,2-4,,False,https://forvo.com/word/重现/#zh
L7-0506,崇高,崇高,chónggāo,Adj,7-9,2-1,2-1,,False,https://forvo.com/word/崇高/#zh
L7-0507,崇尚,崇尚,chóngshàng,V,7-9,2-4,2-4,,False,https://forvo.com/word/崇尚/#zh
L7-0508,宠,寵,chǒng,V,7-9,3,3,,False,https://forvo.com/word/宠/#zh
L7-0509,宠爱,寵愛,chǒng'ài,V,7-9,3-4,3-4,,False,https://forvo.com/word/宠爱/#zh
L7-0510,抽签,抽籤,chōuqiān,,7-9,1-1,1-1,,False,https://forvo.com/word/抽签/#zh
L7-0511,抽屉,抽屜,chōuti,N,7-9,1-N,1-N,neutral_tone,False,https://forvo.com/word/抽屉/#zh
L7-0512,抽象,抽象,chōuxiàng,Adj,7-9,1-4,1-4,,False,https://forvo.com/word/抽象/#zh
L7-0513,仇,仇,chóu,N,7-9,2,2,,False,https://forvo.com/word/仇/#zh
L7-0514,仇恨,仇恨,chóuhèn,V/N,7-9,2-4,2-4,,False,https://forvo.com/word/仇恨/#zh
L7-0515,仇人,仇人,chóurén,N,7-9,2-2,2-2,,False,https://forvo.com/word/仇人/#zh
L7-0516,稠,稠,chóu,Adj,7-9,2,2,,False,https://forvo.com/word/稠/#zh
L7-0517,稠密,稠密,chóumì,Adj,7-9,2-4,2-4,,False,https://forvo.com/word/稠密/#zh
L7-0518,愁眉苦脸,愁眉苦臉,chóuméi-kǔliǎn,,7-9,2-2-3-3,2-2-2-3,third_tone_sandhi,False,https://forvo.com/word/愁眉苦脸/#zh
L7-0519,筹,籌,chóu,V,7-9,2,2,,False,https://forvo.com/word/筹/#zh
L7-0520,筹办,籌辦,chóubàn,V,7-9,2-4,2-4,,False,https://forvo.com/word/筹办/#zh
L7-0521,筹备,籌備,chóubèi,V,7-9,2-4,2-4,,False,https://forvo.com/word/筹备/#zh
L7-0522,筹措,籌措,chóucuò,V,7-9,2-4,2-4,,False,https://forvo.com/word/筹措/#zh
L7-0523,筹划,籌劃,chóuhuà,V/N,7-9,2-4,2-4,,False,https://forvo.com/word/筹划/#zh
L7-0524,筹集,籌集,chóují,V,7-9,2-2,2-2,,False,https://forvo.com/word/筹集/#zh
L7-0525,筹码,籌碼,chóumǎ,N,7-9,2-3,2-3,,False,https://forvo.com/word/筹码/#zh
L7-0526,丑恶,醜惡,chǒu'è,Adj,7-9,3-4,3-4,,False,https://forvo.com/word/丑恶/#zh
L7-0527,丑陋,醜陋,chǒulòu,Adj,7-9,3-4,3-4,,False,https://forvo.com/word/丑陋/#zh
L7-0528,丑闻,醜聞,chǒuwén,N,7-9,3-2,3-2,,False,https://forvo.com/word/丑闻/#zh
L7-0529,瞅,瞅,chǒu,V,7-9,3,3,,False,https://forvo.com/word/瞅/#zh
L7-0530,出版社,出版社,chūbǎnshè,N,7-9,1-3-4,1-3-4,,False,https://forvo.com/word/出版社/#zh
L7-0531,出厂,出廠,chūchǎng,,7-9,1-3,1-3,,False,https://forvo.com/word/出厂/#zh
L7-0532,出丑,出醜,chūchǒu,,7-9,1-3,1-3,,False,https://forvo.com/word/出丑/#zh
L7-0533,出道,出道,chūdào,,7-9,1-4,1-4,,False,https://forvo.com/word/出道/#zh
L7-0534,出发点,出發點,chūfādiǎn,N,7-9,1-1-3,1-1-3,,False,https://forvo.com/word/出发点/#zh
L7-0535,出风头,出風頭,chū fēngtou,,7-9,1-1-N,1-1-N,neutral_tone,False,https://forvo.com/word/出风头/#zh
L7-0536,出境,出境,chūjìng,,7-9,1-4,1-4,,False,https://forvo.com/word/出境/#zh
L7-0537,出局,出局,chūjú,,7-9,1-2,1-2,,False,https://forvo.com/word/出局/#zh
L7-0538,出具,出具,chūjù,V,7-9,1-4,1-4,,False,https://forvo.com/word/出具/#zh
L7-0539,出口成章,出口成章,chūkǒu-chéngzhāng,,7-9,1-3-2-1,1-3-2-1,,False,https://forvo.com/word/出口成章/#zh
L7-0540,出卖,出賣,chūmài,V,7-9,1-4,1-4,,False,https://forvo.com/word/出卖/#zh
L7-0541,出毛病,出毛病,chū máobìng,,7-9,1-2-4,1-2-4,,False,https://forvo.com/word/出毛病/#zh
L7-0542,出难题,出難題,chū nántí,,7-9,1-2-2,1-2-2,,False,https://forvo.com/word/出难题/#zh
L7-0543,出人意料,出人意料,chūrényìliào,,7-9,1-2-4-4,1-2-4-4,,False,https://forvo.com/word/出人意料/#zh
L7-0544,出任,出任,chūrèn,V,7-9,1-4,1-4,,False,https://forvo.com/word/出任/#zh
L7-0545,出山,出山,chūshān,,7-9,1-1,1-1,,False,https://forvo.com/word/出山/#zh
L7-0546,出身,出身,chūshēn,V/N,7-9,1-1,1-1,,False,https://forvo.com/word/出身/#zh
L7-0547,出示,出示,chūshì,V,7-9,1-4,1-4,,False,https://forvo.com/word/出示/#zh
L7-0548,出手,出手,chūshǒu,,7-9,1-3,1-3,,False,https://forvo.com/word/出手/#zh
L7-0549,出头,出頭,chūtóu,,7-9,1-2,1-2,,False,https://forvo.com/word/出头/#zh
L7-0550,出土,出土,chūtǔ,,7-9,1-3,1-3,,False,https://forvo.com/word/出土/#zh
L7-0551,出息,出息,chūxi,N,7-9,1-N,1-N,neutral_tone,False,https://forvo.com/word/出息/#zh
L7-0552,出血,出血,chūxiě,,7-9,1-4,1-4,,False,https://forvo.com/word/出血/#zh
L7-0553,出演,出演,chūyǎn,V,7-9,1-3,1-3,,False,https://forvo.com/word/出演/#zh
L7-0554,出洋相,出洋相,chū yángxiàng,,7-9,1-2-4,1-2-4,,False,https://forvo.com/word/出洋相/#zh
L7-0555,出游,出遊,chūyóu,V,7-9,1-2,1-2,,False,https://forvo.com/word/出游/#zh
L7-0556,出众,出眾,chūzhòng,Adj,7-9,1-4,1-4,,False,https://forvo.com/word/出众/#zh
L7-0557,出主意,出主意,chū zhǔyi,,7-9,1-3-N,1-3-N,neutral_tone,False,https://forvo.com/word/出主意/#zh
L7-0558,出资,出資,chūzī,V,7-9,1-1,1-1,,False,https://forvo.com/word/出资/#zh
L7-0559,出自,出自,chūzì,V,7-9,1-4,1-4,,False,https://forvo.com/word/出自/#zh
L7-0560,出走,出走,chūzǒu,V,7-9,1-3,1-3,,False,https://forvo.com/word/出走/#zh
L7-0561,初次,初次,chūcì,N,7-9,1-4,1-4,,False,https://forvo.com/word/初次/#zh
L7-0562,初衷,初衷,chūzhōng,N,7-9,1-1,1-1,,False,https://forvo.com/word/初衷/#zh
L7-0563,除此之外,除此之外,chúcǐzhīwài,,7-9,2-3-1-4,2-3-1-4,,False,https://forvo.com/word/除此之外/#zh
L7-0564,除去,除去,chúqù,V/Prep,7-9,2-4,2-4,,False,https://forvo.com/word/除去/#zh
L7-0565,除外,除外,chúwài,V,7-9,2-4,2-4,,False,https://forvo.com/word/除外/#zh
L7-0566,处方,處方,chǔfāng,V/N,7-9,3-1,3-1,,False,https://forvo.com/word/处方/#zh
L7-0567,处境,處境,chǔjìng,N,7-9,3-4,3-4,,False,https://forvo.com/word/处境/#zh
L7-0568,处置,處置,chǔzhì,V,7-9,3-4,3-4,,False,https://forvo.com/word/处置/#zh
L7-0569,储备,儲備,chǔbèi,V/N,7-9,3-4,3-4,,False,https://forvo.com/word/储备/#zh
L7-0570,储蓄,儲蓄,chǔxù,V/N,7-9,3-4,3-4,,False,https://forvo.com/word/储蓄/#zh
L7-0571,触动,觸動,chùdòng,V,7-9,4-4,4-4,,False,https://forvo.com/word/触动/#zh
L7-0572,触犯,觸犯,chùfàn,V,7-9,4-4,4-4,,False,https://forvo.com/word/触犯/#zh
L7-0573,触觉,觸覺,chùjué,N,7-9,4-2,4-2,,False,https://forvo.com/word/触觉/#zh
L7-0574,触摸,觸摸,chùmō,V,7-9,4-1,4-1,,False,https://forvo.com/word/触摸/#zh
L7-0575,触目惊心,觸目驚心,chùmù-jīngxīn,,7-9,4-4-1-1,4-4-1-1,,False,https://forvo.com/word/触目惊心/#zh
L7-0576,揣,揣,chuāi,V,7-9,1,1,,False,https://forvo.com/word/揣/#zh
L7-0577,揣测,揣測,chuǎicè,V,7-9,3-4,3-4,,False,https://forvo.com/word/揣测/#zh
L7-0578,揣摩,揣摩,chuǎimó,V,7-9,3-2,3-2,,False,https://forvo.com/word/揣摩/#zh
L7-0579,踹,踹,chuài,V,7-9,4,4,,False,https://forvo.com/word/踹/#zh
L7-0580,川流不息,川流不息,chuānliú-bùxī,,7-9,1-2-4-1,1-2-4-1,,False,https://forvo.com/word/川流不息/#zh
L7-0581,穿过,穿過,chuānguò,V,7-9,1-4,1-4,,False,https://forvo.com/word/穿过/#zh
L7-0582,穿小鞋,穿小鞋,chuān xiǎoxié,,7-9,1-3-2,1-3-2,,False,https://forvo.com/word/穿小鞋/#zh
L7-0583,穿越,穿越,chuānyuè,V,7-9,1-4,1-4,,False,https://forvo.com/word/穿越/#zh
L7-0584,穿着,穿著,chuānzhuó,N,7-9,1-2,1-2,,False,https://forvo.com/word/穿着/#zh
L7-0585,传承,傳承,chuánchéng,V/N,7-9,2-2,2-2,,False,https://forvo.com/word/传承/#zh
L7-0586,传奇,傳奇,chuánqí,N,7-9,2-2,2-2,,False,https://forvo.com/word/传奇/#zh
L7-0587,传染,傳染,chuánrǎn,V,7-9,2-3,2-3,,False,https://forvo.com/word/传染/#zh
L7-0588,传染病,傳染病,chuánrǎnbìng,N,7-9,2-3-4,2-3-4,,False,https://forvo.com/word/传染病/#zh
L7-0589,传人,傳人,chuánrén,N,7-9,2-2,2-2,,False,https://forvo.com/word/传人/#zh
L7-0590,传授,傳授,chuánshòu,V,7-9,2-4,2-4,,False,https://forvo.com/word/传授/#zh
L7-0591,传闻,傳聞,chuánwén,V/N,7-9,2-2,2-2,,False,https://forvo.com/word/传闻/#zh
L7-0592,船舶,船舶,chuánbó,N,7-9,2-2,2-2,,False,https://forvo.com/word/船舶/#zh
L7-0593,船桨,船槳,chuánjiǎng,N,7-9,2-3,2-3,,False,https://forvo.com/word/船桨/#zh
L7-0594,喘,喘,chuǎn,V,7-9,3,3,,False,https://forvo.com/word/喘/#zh
L7-0595,喘息,喘息,chuǎnxī,V,7-9,3-1,3-1,,False,https://forvo.com/word/喘息/#zh
L7-0596,串门,串門,chuànmén,,7-9,4-2,4-2,,False,https://forvo.com/word/串门/#zh
L7-0597,创伤,創傷,chuāngshāng,N,7-9,1-1,1-1,,False,https://forvo.com/word/创伤/#zh
L7-0598,床位,床位,chuángwèi,N,7-9,2-4,2-4,,False,https://forvo.com/word/床位/#zh
L7-0599,创,創,chuàng,V,7-9,4,4,,False,https://forvo.com/word/创/#zh
L7-0600,创始人,創始人,chuàngshǐrén,N,7-9,4-3-2,4-3-2,,False,https://forvo.com/word/创始人/#zh
L7-0601,吹了,吹了,chuī le,,7-9,1-N,1-N,neutral_tone,False,https://forvo.com/word/吹了/#zh
L7-0602,吹牛,吹牛,chuīniú,,7-9,1-2,1-2,,False,https://forvo.com/word/吹牛/#zh
L7-0603,吹捧,吹捧,chuīpěng,V,7-9,1-3,1-3,,False,https://forvo.com/word/吹捧/#zh
L7-0604,垂,垂,chuí,V,7-9,2,2,,False,https://forvo.com/word/垂/#zh
L7-0605,垂头丧气,垂頭喪氣,chuítóu-sàngqì,,7-9,2-2-4-4,2-2-4-4,,False,https://forvo.com/word/垂头丧气/#zh
L7-0606,捶,捶,chuí,V,7-9,2,2,,False,https://forvo.com/word/捶/#zh
L7-0607,锤子,錘子,chuízi,N,7-9,2-N,2-N,neutral_tone,False,https://forvo.com/word/锤子/#zh
L7-0608,纯粹,純粹,chúncuì,Adj,7-9,2-4,2-4,,False,https://forvo.com/word/纯粹/#zh
L7-0609,纯洁,純潔,chúnjié,Adj/V,7-9,2-2,2-2,,False,https://forvo.com/word/纯洁/#zh
L7-0610,纯朴,純樸,chúnpǔ,Adj,7-9,2-3,2-3,,False,https://forvo.com/word/纯朴/#zh
L7-0611,醇厚,醇厚,chúnhòu,Adj,7-9,2-4,2-4,,False,https://forvo.com/word/醇厚/#zh
L7-0612,蠢,蠢,chǔn,Adj,7-9,3,3,,False,https://forvo.com/word/蠢/#zh
L7-0613,戳,戳,chuō,V/N,7-9,1,1,,False,https://forvo.com/word/戳/#zh
L7-0614,绰号,綽號,chuòhào,N,7-9,4-4,4-4,,False,https://forvo.com/word/绰号/#zh
L7-0615,瓷,瓷,cí,N,7-9,2,2,,False,https://forvo.com/word/瓷/#zh
L7-0616,瓷器,瓷器,cíqì,N,7-9,2-4,2-4,,False,https://forvo.com/word/瓷器/#zh
L7-0617,辞,辭,cí,V,7-9,2,2,,False,https://forvo.com/word/辞/#zh
L7-0618,辞呈,辭呈,cíchéng,N,7-9,2-2,2-2,,False,https://forvo.com/word/辞呈/#zh
L7-0619,辞去,辭去,cíqù,,7-9,2-4,2-4,,False,https://forvo.com/word/辞去/#zh
L7-0620,辞退,辭退,cítuì,V,7-9,2-4,2-4,,False,https://forvo.com/word/辞退/#zh
L7-0621,慈善,慈善,císhàn,Adj,7-9,2-4,2-4,,False,https://forvo.com/word/慈善/#zh
L7-0622,慈祥,慈祥,cíxiáng,Adj,7-9,2-2,2-2,,False,https://forvo.com/word/慈祥/#zh
L7-0623,磁带,磁帶,cídài,N,7-9,2-4,2-4,,False,https://forvo.com/word/磁带/#zh
L7-0624,磁卡,磁卡,cíkǎ,N,7-9,2-3,2-3,,False,https://forvo.com/word/磁卡/#zh
L7-0625,磁盘,磁盤,cípán,N,7-9,2-2,2-2,,False,https://forvo.com/word/磁盘/#zh
L7-0626,此起彼伏,此起彼伏,cǐqǐ-bǐfú,,7-9,3-3-3-2,2-2-3-2,third_tone_grouping_ambiguous;third_tone_sandhi,True,https://forvo.com/word/此起彼伏/#zh
L7-0627,次日,次日,cìrì,N,7-9,4-4,4-4,,False,https://forvo.com/word/次日/#zh
L7-0628,伺候,伺候,cìhou,V,7-9,4-N,4-N,neutral_tone,False,https://forvo.com/word/伺候/#zh
L7-0629,刺耳,刺耳,cì'ěr,Adj,7-9,4-3,4-3,,False,https://forvo.com/word/刺耳/#zh
L7-0630,刺骨,刺骨,cìgǔ,V,7-9,4-3,4-3,,False,https://forvo.com/word/刺骨/#zh
L7-0631,刺绣,刺繡,cìxiù,V/N,7-9,4-4,4-4,,False,https://forvo.com/word/刺绣/#zh
L7-0632,赐,賜,cì,V,7-9,4,4,,False,https://forvo.com/word/赐/#zh
L7-0633,赐教,賜教,cìjiào,V,7-9,4-4,4-4,,False,https://forvo.com/word/赐教/#zh
L7-0634,匆匆,匆匆,cōngcōng,Adj,7-9,1-1,1-1,,False,https://forvo.com/word/匆匆/#zh
L7-0635,匆忙,匆忙,cōngmáng,Adj,7-9,1-2,1-2,,False,https://forvo.com/word/匆忙/#zh
L7-0636,葱,蔥,cōng,N,7-9,1,1,,False,https://forvo.com/word/葱/#zh
L7-0637,从今以后,從今以後,cóng jīn yǐhòu,,7-9,2-1-3-4,2-1-3-4,,False,https://forvo.com/word/从今以后/#zh
L7-0638,从来不,從來不,cónglái bù,,7-9,2-2-4,2-2-4,,False,https://forvo.com/word/从来不/#zh
L7-0639,从容,從容,cóngróng,Adj,7-9,2-2,2-2,,False,https://forvo.com/word/从容/#zh
L7-0640,从容不迫,從容不迫,cóngróng-bùpò,,7-9,2-2-4-4,2-2-2-4,bu_before_t4,False,https://forvo.com/word/从容不迫/#zh
L7-0641,从头,從頭,cóngtóu,Adv,7-9,2-2,2-2,,False,https://forvo.com/word/从头/#zh
L7-0642,从未,從未,cóngwèi,Adv,7-9,2-4,2-4,,False,https://forvo.com/word/从未/#zh
L7-0643,从业,從業,cóngyè,V,7-9,2-4,2-4,,False,https://forvo.com/word/从业/#zh
L7-0644,从早到晚,從早到晚,cóngzǎo-dàowǎn,,7-9,2-3-4-3,2-3-4-3,,False,https://forvo.com/word/从早到晚/#zh
L7-0645,丛林,叢林,cónglín,N,7-9,2-2,2-2,,False,https://forvo.com/word/丛林/#zh
L7-0646,凑,湊,còu,V,7-9,4,4,,False,https://forvo.com/word/凑/#zh
L7-0647,凑合,湊合,còuhe,V,7-9,4-N,4-N,neutral_tone,False,https://forvo.com/word/凑合/#zh
L7-0648,凑巧,湊巧,còuqiǎo,Adj,7-9,4-3,4-3,,False,https://forvo.com/word/凑巧/#zh
L7-0649,粗暴,粗暴,cūbào,Adj,7-9,1-4,1-4,,False,https://forvo.com/word/粗暴/#zh
L7-0650,粗糙,粗糙,cūcāo,Adj,7-9,1-1,1-1,,False,https://forvo.com/word/粗糙/#zh
L7-0651,粗鲁,粗魯,cūlǔ,Adj,7-9,1-3,1-3,,False,https://forvo.com/word/粗鲁/#zh
L7-0652,粗略,粗略,cūlüè,Adj,7-9,1-4,1-4,,False,https://forvo.com/word/粗略/#zh
L7-0653,粗心大意,粗心大意,cūxīn-dàyì,,7-9,1-1-4-4,1-1-4-4,,False,https://forvo.com/word/粗心大意/#zh
L7-0654,促成,促成,cùchéng,V,7-9,4-2,4-2,,False,https://forvo.com/word/促成/#zh
L7-0655,簇拥,簇擁,cùyōng,V,7-9,4-1,4-1,,False,https://forvo.com/word/簇拥/#zh
L7-0656,窜,竄,cuàn,V,7-9,4,4,,False,https://forvo.com/word/窜/#zh
L7-0657,催,催,cuī,V,7-9,1,1,,False,https://forvo.com/word/催/#zh
L7-0658,催促,催促,cuīcù,V,7-9,1-4,1-4,,False,https://forvo.com/word/催促/#zh
L7-0659,催眠,催眠,cuīmián,V,7-9,1-2,1-2,,False,https://forvo.com/word/催眠/#zh
L7-0660,摧毁,摧毀,cuīhuǐ,V,7-9,1-3,1-3,,False,https://forvo.com/word/摧毁/#zh
L7-0661,脆弱,脆弱,cuìruò,Adj,7-9,4-4,4-4,,False,https://forvo.com/word/脆弱/#zh
L7-0662,翠绿,翠綠,cuìlǜ,Adj,7-9,4-4,4-4,,False,https://forvo.com/word/翠绿/#zh
L7-0663,存放,存放,cúnfàng,V,7-9,2-4,2-4,,False,https://forvo.com/word/存放/#zh
L7-0664,存心,存心,cúnxīn,V/Adv,7-9,2-1,2-1,,False,https://forvo.com/word/存心/#zh
L7-0665,存折,存摺,cúnzhé,N,7-9,2-2,2-2,,False,https://forvo.com/word/存折/#zh
L7-0666,搓,搓,cuō,V,7-9,1,1,,False,https://forvo.com/word/搓/#zh
L7-0667,磋商,磋商,cuōshāng,V,7-9,1-1,1-1,,False,https://forvo.com/word/磋商/#zh
L7-0668,挫折,挫折,cuòzhé,V/N,7-9,4-2,4-2,,False,https://forvo.com/word/挫折/#zh
L7-0669,措手不及,措手不及,cuòshǒu-bùjí,,7-9,4-3-4-2,4-3-4-2,,False,https://forvo.com/word/措手不及/#zh
L7-0670,错别字,錯別字,cuòbiézì,N,7-9,4-2-4,4-2-4,,False,https://forvo.com/word/错别字/#zh
L7-0671,错觉,錯覺,cuòjué,N,7-9,4-2,4-2,,False,https://forvo.com/word/错觉/#zh
L7-0672,错位,錯位,cuòwèi,,7-9,4-4,4-4,,False,https://forvo.com/word/错位/#zh
L7-0673,错综复杂,錯綜複雜,cuòzōng-fùzá,,7-9,4-1-4-2,4-1-4-2,,False,https://forvo.com/word/错综复杂/#zh
L7-0674,搭乘,搭乘,dāchéng,V,7-9,1-2,1-2,,False,https://forvo.com/word/搭乘/#zh
L7-0675,搭建,搭建,dājiàn,V,7-9,1-4,1-4,,False,https://forvo.com/word/搭建/#zh
L7-0676,达标,達標,dábiāo,V,7-9,2-1,2-1,,False,https://forvo.com/word/达标/#zh
L7-0677,答辩,答辯,dábiàn,V,7-9,2-4,2-4,,False,https://forvo.com/word/答辩/#zh
L7-0678,打岔,打岔,dǎchà,,7-9,3-4,3-4,,False,https://forvo.com/word/打岔/#zh
L7-0679,打倒,打倒,dǎdǎo,,7-9,3-3,2-3,third_tone_sandhi,False,https://forvo.com/word/打倒/#zh
L7-0680,打盹儿,打盹兒,dǎdǔnr,,7-9,3-3-N,2-3-N,neutral_tone;third_tone_sandhi,False,https://forvo.com/word/打盹儿/#zh
L7-0681,打交道,打交道,dǎ jiāodao,,7-9,3-1-4,3-1-4,,False,https://forvo.com/word/打交道/#zh
L7-0682,打搅,打攪,dǎjiǎo,V,7-9,3-3,2-3,third_tone_sandhi,False,https://forvo.com/word/打搅/#zh
L7-0683,打捞,打撈,dǎlāo,V,7-9,3-1,3-1,,False,https://forvo.com/word/打捞/#zh
L7-0684,打量,打量,dǎliang,V,7-9,3-N,3-N,neutral_tone,False,https://forvo.com/word/打量/#zh
L7-0685,打猎,打獵,dǎliè,,7-9,3-4,3-4,,False,https://forvo.com/word/打猎/#zh
L7-0686,打磨,打磨,dǎmó,V,7-9,3-2,3-2,,False,https://forvo.com/word/打磨/#zh
L7-0687,打通,打通,dǎtōng,,7-9,3-1,3-1,,False,https://forvo.com/word/打通/#zh
L7-0688,打仗,打仗,dǎzhàng,,7-9,3-4,3-4,,False,https://forvo.com/word/打仗/#zh
L7-0689,打招呼,打招呼,dǎ zhāohu,,7-9,3-1-N,3-1-N,neutral_tone,False,https://forvo.com/word/打招呼/#zh
L7-0690,大包大揽,大包大攬,dàbāo-dàlǎn,,7-9,4-1-4-3,4-1-4-3,,False,https://forvo.com/word/大包大揽/#zh
L7-0691,大笔,大筆,dàbǐ,N,7-9,4-3,4-3,,False,https://forvo.com/word/大笔/#zh
L7-0692,大臣,大臣,dàchén,N,7-9,4-2,4-2,,False,https://forvo.com/word/大臣/#zh
L7-0693,大吃一惊,大吃一驚,dàchī-yījīng,,7-9,4-1-1-1,4-1-4-1,yi_before_non_t4,False,https://forvo.com/word/大吃一惊/#zh
L7-0694,大大咧咧,大大咧咧,dàdaliēliē,Adj,7-9,4-4-1-1,4-4-1-1,,False,https://forvo.com/word/大大咧咧/#zh
L7-0695,大地,大地,dàdì,N,7-9,4-4,4-4,,False,https://forvo.com/word/大地/#zh
L7-0696,大队,大隊,dàduì,N,7-9,4-4,4-4,,False,https://forvo.com/word/大队/#zh
L7-0697,大幅度,大幅度,dà fúdù,,7-9,4-2-4,4-2-4,,False,https://forvo.com/word/大幅度/#zh
L7-0698,大公无私,大公無私,dàgōng-wúsī,,7-9,4-1-2-1,4-1-2-1,,False,https://forvo.com/word/大公无私/#zh
L7-0699,大家庭,大家庭,dàjiātíng,N,7-9,4-1-2,4-1-2,,False,https://forvo.com/word/大家庭/#zh
L7-0700,大街小巷,大街小巷,dàjiē-xiǎoxiàng,,7-9,4-1-3-4,4-1-3-4,,False,https://forvo.com/word/大街小巷/#zh
L7-0701,大惊小怪,大驚小怪,dàjīng-xiǎoguài,,7-9,4-1-3-4,4-1-3-4,,False,https://forvo.com/word/大惊小怪/#zh
L7-0702,大局,大局,dàjú,N,7-9,4-2,4-2,,False,https://forvo.com/word/大局/#zh
L7-0703,大款,大款,dàkuǎn,N,7-9,4-3,4-3,,False,https://forvo.com/word/大款/#zh
L7-0704,大面积,大面積,dà miànjī,,7-9,4-4-1,4-4-1,,False,https://forvo.com/word/大面积/#zh
L7-0705,大名鼎鼎,大名鼎鼎,dàmíng-dǐngdǐng,,7-9,4-2-3-3,4-2-2-3,third_tone_sandhi,False,https://forvo.com/word/大名鼎鼎/#zh
L7-0706,大模大样,大模大樣,dàmú-dàyàng,,7-9,4-2-4-4,4-2-4-4,,False,https://forvo.com/word/大模大样/#zh
L7-0707,大棚,大棚,dàpéng,N,7-9,4-2,4-2,,False,https://forvo.com/word/大棚/#zh
L7-0708,大片,大片,dàpiàn,N,7-9,4-4,4-4,,False,https://forvo.com/word/大片/#zh
L7-0709,大气,大氣,dàqì,N,7-9,4-4,4-4,,False,https://forvo.com/word/大气/#zh
L7-0710,大厦,大廈,dàshà,N,7-9,4-4,4-4,,False,https://forvo.com/word/大厦/#zh
L7-0711,大数据,大數據,dàshùjù,N,7-9,4-4-4,4-4-4,,False,https://forvo.com/word/大数据/#zh
L7-0712,大肆,大肆,dàsì,Adv,7-9,4-4,4-4,,False,https://forvo.com/word/大肆/#zh
L7-0713,大体,大體,dàtǐ,Adv,7-9,4-3,4-3,,False,https://forvo.com/word/大体/#zh
L7-0714,大体上,大體上,dàtǐ shang,,7-9,4-3-4,4-3-4,,False,https://forvo.com/word/大体上/#zh
L7-0715,大同小异,大同小異,dàtóng-xiǎoyì,,7-9,4-2-3-4,4-2-3-4,,False,https://forvo.com/word/大同小异/#zh
L7-0716,大腕儿,大腕兒,dàwànr,N,7-9,4-4-N,4-4-N,neutral_tone,False,https://forvo.com/word/大腕儿/#zh
L7-0717,大选,大選,dàxuǎn,V,7-9,4-3,4-3,,False,https://forvo.com/word/大选/#zh
L7-0718,大雁,大雁,dàyàn,N,7-9,4-4,4-4,,False,https://forvo.com/word/大雁/#zh
L7-0719,大意,大意,dàyì,N,7-9,4-4,4-4,,False,https://forvo.com/word/大意/#zh
L7-0720,大意,大意,dàyi,Adj,7-9,4-N,4-N,neutral_tone,False,https://forvo.com/word/大意/#zh
L7-0721,大有可为,大有可為,dàyǒu-kěwéi,,7-9,4-3-3-2,4-2-3-2,third_tone_sandhi,False,https://forvo.com/word/大有可为/#zh
L7-0722,大宗,大宗,dàzōng,Adj/N,7-9,4-1,4-1,,False,https://forvo.com/word/大宗/#zh
L7-0723,歹徒,歹徒,dǎitú,N,7-9,3-2,3-2,,False,https://forvo.com/word/歹徒/#zh
L7-0724,逮,逮,dǎi,V,7-9,3,3,,False,https://forvo.com/word/逮/#zh
L7-0725,代号,代號,dàihào,N,7-9,4-4,4-4,,False,https://forvo.com/word/代号/#zh
L7-0726,代理人,代理人,dàilǐrén,N,7-9,4-3-2,4-3-2,,False,https://forvo.com/word/代理人/#zh
L7-0727,代言人,代言人,dàiyánrén,N,7-9,4-2-2,4-2-2,,False,https://forvo.com/word/代言人/#zh
L7-0728,带队,帶隊,dàiduì,V,7-9,4-4,4-4,,False,https://forvo.com/word/带队/#zh
L7-0729,带路,帶路,dàilù,,7-9,4-4,4-4,,False,https://forvo.com/word/带路/#zh
L7-0730,带头,帶頭,dàitóu,,7-9,4-2,4-2,,False,https://forvo.com/word/带头/#zh
L7-0731,带头人,帶頭人,dàitóurén,N,7-9,4-2-2,4-2-2,,False,https://forvo.com/word/带头人/#zh
L7-0732,待,待,dài,V,7-9,4,4,,False,https://forvo.com/word/待/#zh
L7-0733,怠工,怠工,dàigōng,,7-9,4-1,4-1,,False,https://forvo.com/word/怠工/#zh
L7-0734,怠慢,怠慢,dàimàn,V,7-9,4-4,4-4,,False,https://forvo.com/word/怠慢/#zh
L7-0735,逮捕,逮捕,dàibǔ,V,7-9,4-3,4-3,,False,https://forvo.com/word/逮捕/#zh
L7-0736,担,擔,dān,V,7-9,1,1,,False,https://forvo.com/word/担/#zh
L7-0737,担当,擔當,dāndāng,V,7-9,1-1,1-1,,False,https://forvo.com/word/担当/#zh
L7-0738,担负,擔負,dānfù,V,7-9,1-4,1-4,,False,https://forvo.com/word/担负/#zh
L7-0739,单边,單邊,dānbiān,Adj,7-9,1-1,1-1,,False,https://forvo.com/word/单边/#zh
L7-0740,单薄,單薄,dānbó,Adj,7-9,1-2,1-2,,False,https://forvo.com/word/单薄/#zh
L7-0741,单方面,單方面,dānfāngmiàn,N,7-9,1-1-4,1-1-4,,False,https://forvo.com/word/单方面/#zh
L7-0742,单身,單身,dānshēn,N,7-9,1-1,1-1,,False,https://forvo.com/word/单身/#zh
L7-0743,耽搁,耽擱,dānge,V,7-9,1-N,1-N,neutral_tone,False,https://forvo.com/word/耽搁/#zh
L7-0744,耽误,耽誤,dānwu,V,7-9,1-N,1-N,neutral_tone,False,https://forvo.com/word/耽误/#zh
L7-0745,胆怯,膽怯,dǎnqiè,Adj,7-9,3-4,3-4,,False,https://forvo.com/word/胆怯/#zh
L7-0746,胆子,膽子,dǎnzi,N,7-9,3-N,3-N,neutral_tone,False,https://forvo.com/word/胆子/#zh
L7-0747,但愿,但願,dànyuàn,V,7-9,4-4,4-4,,False,https://forvo.com/word/但愿/#zh
L7-0748,担,擔,dàn,M,7-9,4,4,,False,https://forvo.com/word/担/#zh
L7-0749,担子,擔子,dànzi,N,7-9,4-N,4-N,neutral_tone,False,https://forvo.com/word/担子/#zh
L7-0750,诞辰,誕辰,dànchén,N,7-9,4-2,4-2,,False,https://forvo.com/word/诞辰/#zh
L7-0751,淡化,淡化,dànhuà,V,7-9,4-4,4-4,,False,https://forvo.com/word/淡化/#zh
L7-0752,淡季,淡季,dànjì,N,7-9,4-4,4-4,,False,https://forvo.com/word/淡季/#zh
L7-0753,蛋白质,蛋白質,dànbáizhì,N,7-9,4-2-4,4-2-4,,False,https://forvo.com/word/蛋白质/#zh
L7-0754,当即,當即,dāngjí,Adv,7-9,1-2,1-2,,False,https://forvo.com/word/当即/#zh
L7-0755,当今,當今,dāngjīn,N,7-9,1-1,1-1,,False,https://forvo.com/word/当今/#zh
L7-0756,当面,當面,dāngmiàn,,7-9,1-4,1-4,,False,https://forvo.com/word/当面/#zh
L7-0757,当日,當日,dāngrì,N,7-9,1-4,1-4,,False,https://forvo.com/word/当日/#zh
L7-0758,当事人,當事人,dāngshìrén,N,7-9,1-4-2,1-4-2,,False,https://forvo.com/word/当事人/#zh
L7-0759,当务之急,當務之急,dāngwùzhījí,,7-9,1-4-1-2,1-4-1-2,,False,https://forvo.com/word/当务之急/#zh
L7-0760,当下,當下,dāngxià,Adv,7-9,1-4,1-4,,False,https://forvo.com/word/当下/#zh
L7-0761,当心,當心,dāngxīn,V,7-9,1-1,1-1,,False,https://forvo.com/word/当心/#zh
L7-0762,当着,當著,dāngzhe,,7-9,1-N,1-N,neutral_tone,False,https://forvo.com/word/当着/#zh
L7-0763,当之无愧,當之無愧,dāngzhīwúkuì,,7-9,1-1-2-4,1-1-2-4,,False,https://forvo.com/word/当之无愧/#zh
L7-0764,当众,當眾,dāngzhòng,Adv,7-9,1-4,1-4,,False,https://forvo.com/word/当众/#zh
L7-0765,当晚,當晚,dàngwǎn,N,7-9,4-3,4-3,,False,https://forvo.com/word/当晚/#zh
L7-0766,当真,當真,dàngzhēn,V/Adv,7-9,4-1,4-1,,False,https://forvo.com/word/当真/#zh
L7-0767,荡漾,盪漾,dàngyàng,V,7-9,4-4,4-4,,False,https://forvo.com/word/荡漾/#zh
L7-0768,档次,檔次,dàngcì,N,7-9,4-4,4-4,,False,https://forvo.com/word/档次/#zh
L7-0769,导弹,導彈,dǎodàn,N,7-9,3-4,3-4,,False,https://forvo.com/word/导弹/#zh
L7-0770,导航,導航,dǎoháng,V,7-9,3-2,3-2,,False,https://forvo.com/word/导航/#zh
L7-0771,导火索,導火索,dǎohuǒsuǒ,N,7-9,3-3-3,2-2-3,third_tone_grouping_ambiguous;third_tone_sandhi,True,https://forvo.com/word/导火索/#zh
L7-0772,导师,導師,dǎoshī,N,7-9,3-1,3-1,,False,https://forvo.com/word/导师/#zh
L7-0773,导向,導向,dǎoxiàng,V/N,7-9,3-4,3-4,,False,https://forvo.com/word/导向/#zh
L7-0774,岛屿,島嶼,dǎoyǔ,N,7-9,3-3,2-3,third_tone_sandhi,False,https://forvo.com/word/岛屿/#zh
L7-0775,捣乱,搗亂,dǎoluàn,,7-9,3-4,3-4,,False,https://forvo.com/word/捣乱/#zh
L7-0776,倒卖,倒賣,dǎomài,V,7-9,3-4,3-4,,False,https://forvo.com/word/倒卖/#zh
L7-0777,倒霉,倒霉,dǎoméi,,7-9,3-2,3-2,,False,https://forvo.com/word/倒霉/#zh
L7-0778,倒塌,倒塌,dǎotā,V,7-9,3-1,3-1,,False,https://forvo.com/word/倒塌/#zh
L7-0779,倒下,倒下,dǎoxia,,7-9,3-4,3-4,,False,https://forvo.com/word/倒下/#zh
L7-0780,到头来,到頭來,dàotóulái,Adv,7-9,4-2-2,4-2-2,,False,https://forvo.com/word/到头来/#zh
L7-0781,到位,到位,dàowèi,,7-9,4-4,4-4,,False,https://forvo.com/word/到位/#zh
L7-0782,倒计时,倒計時,dàojìshí,V,7-9,4-4-2,4-4-2,,False,https://forvo.com/word/倒计时/#zh
L7-0783,倒数,倒數,dàoshǔ,V,7-9,4-3,4-3,,False,https://forvo.com/word/倒数/#zh
L7-0784,盗,盜,dào,V,7-9,4,4,,False,https://forvo.com/word/盗/#zh
L7-0785,盗窃,盜竊,dàoqiè,V,7-9,4-4,4-4,,False,https://forvo.com/word/盗窃/#zh
L7-0786,悼念,悼念,dàoniàn,V,7-9,4-4,4-4,,False,https://forvo.com/word/悼念/#zh
L7-0787,道具,道具,dàojù,N,7-9,4-4,4-4,,False,https://forvo.com/word/道具/#zh
L7-0788,稻草,稻草,dàocǎo,N,7-9,4-3,4-3,,False,https://forvo.com/word/稻草/#zh
L7-0789,得不偿失,得不償失,débùchángshī,,7-9,2-4-2-1,2-4-2-1,,False,https://forvo.com/word/得不偿失/#zh
L7-0790,得当,得當,dédàng,Adj,7-9,2-4,2-4,,False,https://forvo.com/word/得当/#zh
L7-0791,得力,得力,délì,Adj,7-9,2-4,2-4,,False,https://forvo.com/word/得力/#zh
L7-0792,得失,得失,déshī,N,7-9,2-1,2-1,,False,https://forvo.com/word/得失/#zh
L7-0793,得手,得手,déshǒu,Adj,7-9,2-3,2-3,,False,https://forvo.com/word/得手/#zh
L7-0794,得体,得體,détǐ,Adj,7-9,2-3,2-3,,False,https://forvo.com/word/得体/#zh
L7-0795,得天独厚,得天獨厚,détiāndúhòu,,7-9,2-1-2-4,2-1-2-4,,False,https://forvo.com/word/得天独厚/#zh
L7-0796,得益于,得益於,déyì yú,,7-9,2-4-2,2-4-2,,False,https://forvo.com/word/得益于/#zh
L7-0797,得意扬扬,得意揚揚,déyì-yángyáng,,7-9,2-4-2-2,2-4-2-2,,False,https://forvo.com/word/得意扬扬/#zh
L7-0798,得知,得知,dézhī,V,7-9,2-1,2-1,,False,https://forvo.com/word/得知/#zh
L7-0799,得罪,得罪,dézuì,V,7-9,2-4,2-4,,False,https://forvo.com/word/得罪/#zh
L7-0800,德,德,dé,N,7-9,2,2,,False,https://forvo.com/word/德/#zh
L7-0801,灯笼,燈籠,dēnglong,N,7-9,1-2,1-2,,False,https://forvo.com/word/灯笼/#zh
L7-0802,灯泡,燈泡,dēngpào,N,7-9,1-4,1-4,,False,https://forvo.com/word/灯泡/#zh
L7-0803,登机,登機,dēngjī,V,7-9,1-1,1-1,,False,https://forvo.com/word/登机/#zh
L7-0804,登陆,登陸,dēnglù,,7-9,1-4,1-4,,False,https://forvo.com/word/登陆/#zh
L7-0805,蹬,蹬,dēng,V,7-9,1,1,,False,https://forvo.com/word/蹬/#zh
L7-0806,凳子,凳子,dèngzi,N,7-9,4-N,4-N,neutral_tone,False,https://forvo.com/word/凳子/#zh
L7-0807,瞪,瞪,dèng,V,7-9,4,4,,False,https://forvo.com/word/瞪/#zh
L7-0808,低调,低調,dīdiào,N/Adj,7-9,1-4,1-4,,False,https://forvo.com/word/低调/#zh
L7-0809,低估,低估,dīgū,V,7-9,1-1,1-1,,False,https://forvo.com/word/低估/#zh
L7-0810,低谷,低谷,dīgǔ,N,7-9,1-3,1-3,,False,https://forvo.com/word/低谷/#zh
L7-0811,低价,低價,dījià,N,7-9,1-4,1-4,,False,https://forvo.com/word/低价/#zh
L7-0812,低迷,低迷,dīmí,Adj,7-9,1-2,1-2,,False,https://forvo.com/word/低迷/#zh
L7-0813,低碳,低碳,dītàn,Adj,7-9,1-4,1-4,,False,https://forvo.com/word/低碳/#zh
L7-0814,低下,低下,dīxià,Adj,7-9,1-4,1-4,,False,https://forvo.com/word/低下/#zh
L7-0815,堤,堤,dī,N,7-9,1,1,,False,https://forvo.com/word/堤/#zh
L7-0816,堤坝,堤壩,dībà,N,7-9,1-4,1-4,,False,https://forvo.com/word/堤坝/#zh
L7-0817,提防,提防,dīfang,V,7-9,1-N,1-N,neutral_tone,False,https://forvo.com/word/提防/#zh
L7-0818,笛子,笛子,dízi,N,7-9,2-N,2-N,neutral_tone,False,https://forvo.com/word/笛子/#zh
L7-0819,抵触,抵觸,dǐchù,V,7-9,3-4,3-4,,False,https://forvo.com/word/抵触/#zh
L7-0820,抵挡,抵擋,dǐdǎng,V,7-9,3-3,2-3,third_tone_sandhi,False,https://forvo.com/word/抵挡/#zh
L7-0821,抵消,抵消,dǐxiāo,V,7-9,3-1,3-1,,False,https://forvo.com/word/抵消/#zh
L7-0822,抵押,抵押,dǐyā,V,7-9,3-1,3-1,,False,https://forvo.com/word/抵押/#zh
L7-0823,抵御,抵禦,dǐyù,V,7-9,3-4,3-4,,False,https://forvo.com/word/抵御/#zh
L7-0824,抵制,抵制,dǐzhì,V,7-9,3-4,3-4,,False,https://forvo.com/word/抵制/#zh
L7-0825,底层,底層,dǐcéng,N,7-9,3-2,3-2,,False,https://forvo.com/word/底层/#zh
L7-0826,底线,底線,dǐxiàn,N,7-9,3-4,3-4,,False,https://forvo.com/word/底线/#zh
L7-0827,底蕴,底蘊,dǐyùn,N,7-9,3-4,3-4,,False,https://forvo.com/word/底蕴/#zh
L7-0828,底子,底子,dǐzi,N,7-9,3-N,3-N,neutral_tone,False,https://forvo.com/word/底子/#zh
L7-0829,地步,地步,dìbù,N,7-9,4-4,4-4,,False,https://forvo.com/word/地步/#zh
L7-0830,地道,地道,dìdào,N,7-9,4-4,4-4,,False,https://forvo.com/word/地道/#zh
L7-0831,地道,地道,dìdao,Adj,7-9,4-N,4-N,neutral_tone,False,https://forvo.com/word/地道/#zh
L7-0832,地段,地段,dìduàn,N,7-9,4-4,4-4,,False,https://forvo.com/word/地段/#zh
L7-0833,地理,地理,dìlǐ,N,7-9,4-3,4-3,,False,https://forvo.com/word/地理/#zh
L7-0834,地毯,地毯,dìtǎn,N,7-9,4-3,4-3,,False,https://forvo.com/word/地毯/#zh
L7-0835,地下水,地下水,dìxiàshuǐ,N,7-9,4-4-3,4-4-3,,False,https://forvo.com/word/地下水/#zh
L7-0836,地狱,地獄,dìyù,N,7-9,4-4,4-4,,False,https://forvo.com/word/地狱/#zh
L7-0837,地域,地域,dìyù,N,7-9,4-4,4-4,,False,https://forvo.com/word/地域/#zh
L7-0838,地质,地質,dìzhì,N,7-9,4-4,4-4,,False,https://forvo.com/word/地质/#zh
L7-0839,弟子,弟子,dìzǐ,N,7-9,4-3,4-3,,False,https://forvo.com/word/弟子/#zh
L7-0840,帝国,帝國,dìguó,N,7-9,4-2,4-2,,False,https://forvo.com/word/帝国/#zh
L7-0841,帝国主义,帝國主義,dìguó zhǔyì,,7-9,4-2-3-4,4-2-3-4,,False,https://forvo.com/word/帝国主义/#zh
L7-0842,递交,遞交,dìjiāo,V,7-9,4-1,4-1,,False,https://forvo.com/word/递交/#zh
L7-0843,第一手,第一手,dìyīshǒu,Adj,7-9,4-1-3,4-1-3,,False,https://forvo.com/word/第一手/#zh
L7-0844,第一线,第一線,dìyīxiàn,N,7-9,4-1-4,4-1-4,,False,https://forvo.com/word/第一线/#zh
L7-0845,颠倒,顛倒,diāndǎo,V,7-9,1-3,1-3,,False,https://forvo.com/word/颠倒/#zh
L7-0846,颠覆,顛覆,diānfù,V,7-9,1-4,1-4,,False,https://forvo.com/word/颠覆/#zh
L7-0847,巅峰,巔峰,diānfēng,N,7-9,1-1,1-1,,False,https://forvo.com/word/巅峰/#zh
L7-0848,典范,典範,diǎnfàn,N,7-9,3-4,3-4,,False,https://forvo.com/word/典范/#zh
L7-0849,点火,點火,diǎnhuǒ,,7-9,3-3,2-3,third_tone_sandhi,False,https://forvo.com/word/点火/#zh
L7-0850,点击率,點擊率,diǎnjīlǜ,N,7-9,3-1-4,3-1-4,,False,https://forvo.com/word/点击率/#zh
L7-0851,点评,點評,diǎnpíng,V/N,7-9,3-2,3-2,,False,https://forvo.com/word/点评/#zh
L7-0852,点心,點心,diǎnxin,N,7-9,3-N,3-N,neutral_tone,False,https://forvo.com/word/点心/#zh
L7-0853,点缀,點綴,diǎnzhuì,V,7-9,3-4,3-4,,False,https://forvo.com/word/点缀/#zh
L7-0854,点子,點子,diǎnzi,N,7-9,3-N,3-N,neutral_tone,False,https://forvo.com/word/点子/#zh
L7-0855,电报,電報,diànbào,N,7-9,4-4,4-4,,False,https://forvo.com/word/电报/#zh
L7-0856,电铃,電鈴,diànlíng,N,7-9,4-2,4-2,,False,https://forvo.com/word/电铃/#zh
L7-0857,电网,電網,diànwǎng,N,7-9,4-3,4-3,,False,https://forvo.com/word/电网/#zh
L7-0858,电线,電線,diànxiàn,N,7-9,4-4,4-4,,False,https://forvo.com/word/电线/#zh
L7-0859,电信,電信,diànxìn,N,7-9,4-4,4-4,,False,https://forvo.com/word/电信/#zh
L7-0860,电讯,電訊,diànxùn,N,7-9,4-4,4-4,,False,https://forvo.com/word/电讯/#zh
L7-0861,垫,墊,diàn,V,7-9,4,4,,False,https://forvo.com/word/垫/#zh
L7-0862,垫底,墊底,diàndǐ,,7-9,4-3,4-3,,False,https://forvo.com/word/垫底/#zh
L7-0863,垫子,墊子,diànzi,N,7-9,4-N,4-N,neutral_tone,False,https://forvo.com/word/垫子/#zh
L7-0864,淀粉,澱粉,diànfěn,N,7-9,4-3,4-3,,False,https://forvo.com/word/淀粉/#zh
L7-0865,惦记,惦記,diànjì,V,7-9,4-4,4-4,,False,https://forvo.com/word/惦记/#zh
L7-0866,奠定,奠定,diàndìng,V,7-9,4-4,4-4,,False,https://forvo.com/word/奠定/#zh
L7-0867,殿堂,殿堂,diàntáng,N,7-9,4-2,4-2,,False,https://forvo.com/word/殿堂/#zh
L7-0868,刁难,刁難,diāonàn,V,7-9,1-4,1-4,,False,https://forvo.com/word/刁难/#zh
L7-0869,叼,叼,diāo,V,7-9,1,1,,False,https://forvo.com/word/叼/#zh
L7-0870,雕,雕,diāo,V,7-9,1,1,,False,https://forvo.com/word/雕/#zh
L7-0871,雕刻,雕刻,diāokè,V/N,7-9,1-4,1-4,,False,https://forvo.com/word/雕刻/#zh
L7-0872,雕塑,雕塑,diāosù,V/N,7-9,1-4,1-4,,False,https://forvo.com/word/雕塑/#zh
L7-0873,吊销,吊銷,diàoxiāo,V,7-9,4-1,4-1,,False,https://forvo.com/word/吊销/#zh
L7-0874,钓鱼,釣魚,diàoyú,V,7-9,4-2,4-2,,False,https://forvo.com/word/钓鱼/#zh
L7-0875,调度,調度,diàodù,V/N,7-9,4-4,4-4,,False,https://forvo.com/word/调度/#zh
L7-0876,掉队,掉隊,diàoduì,,7-9,4-4,4-4,,False,https://forvo.com/word/掉队/#zh
L7-0877,掉头,掉頭,diàotóu,,7-9,4-2,4-2,,False,https://forvo.com/word/掉头/#zh
L7-0878,爹,爹,diē,N,7-9,1,1,,False,https://forvo.com/word/爹/#zh
L7-0879,迭起,迭起,diéqǐ,V,7-9,2-3,2-3,,False,https://forvo.com/word/迭起/#zh
L7-0880,叠,疊,dié,V,7-9,2,2,,False,https://forvo.com/word/叠/#zh
L7-0881,丁,丁,dīng,N,7-9,1,1,,False,https://forvo.com/word/丁/#zh
L7-0882,叮嘱,叮囑,dīngzhǔ,V,7-9,1-3,1-3,,False,https://forvo.com/word/叮嘱/#zh
L7-0883,盯,盯,dīng,V,7-9,1,1,,False,https://forvo.com/word/盯/#zh
L7-0884,钉子,釘子,dīngzi,N,7-9,1-N,1-N,neutral_tone,False,https://forvo.com/word/钉子/#zh
L7-0885,顶多,頂多,dǐngduō,Adv,7-9,3-1,3-1,,False,https://forvo.com/word/顶多/#zh
L7-0886,顶级,頂級,dǐngjí,Adj,7-9,3-2,3-2,,False,https://forvo.com/word/顶级/#zh
L7-0887,顶尖,頂尖,dǐngjiān,N/Adj,7-9,3-1,3-1,,False,https://forvo.com/word/顶尖/#zh
L7-0888,订单,訂單,dìngdān,N,7-9,4-1,4-1,,False,https://forvo.com/word/订单/#zh
L7-0889,订购,訂購,dìnggòu,V,7-9,4-4,4-4,,False,https://forvo.com/word/订购/#zh
L7-0890,订婚,訂婚,dìnghūn,,7-9,4-1,4-1,,False,https://forvo.com/word/订婚/#zh
L7-0891,订立,訂立,dìnglì,V,7-9,4-4,4-4,,False,https://forvo.com/word/订立/#zh
L7-0892,钉,釘,dìng,V,7-9,4,4,,False,https://forvo.com/word/钉/#zh
L7-0893,定金,定金,dìngjīn,N,7-9,4-1,4-1,,False,https://forvo.com/word/定金/#zh
L7-0894,定居,定居,dìngjū,,7-9,4-1,4-1,,False,https://forvo.com/word/定居/#zh
L7-0895,定论,定論,dìnglùn,N,7-9,4-4,4-4,,False,https://forvo.com/word/定论/#zh
L7-0896,定为,定為,dìngwéi,,7-9,4-2,4-2,,False,https://forvo.com/word/定为/#zh
L7-0897,定向,定向,dìngxiàng,V,7-9,4-4,4-4,,False,https://forvo.com/word/定向/#zh
L7-0898,定心丸,定心丸,dìngxīnwán,N,7-9,4-1-2,4-1-2,,False,https://forvo.com/word/定心丸/#zh
L7-0899,定义,定義,dìngyì,N,7-9,4-4,4-4,,False,https://forvo.com/word/定义/#zh
L7-0900,定做,定做,dìngzuò,V,7-9,4-4,4-4,,False,https://forvo.com/word/定做/#zh
L7-0901,丢掉,丟掉,diūdiào,V,7-9,1-4,1-4,,False,https://forvo.com/word/丢掉/#zh
L7-0902,丢脸,丟臉,diūliǎn,,7-9,1-3,1-3,,False,https://forvo.com/word/丢脸/#zh
L7-0903,丢弃,丟棄,diūqì,V,7-9,1-4,1-4,,False,https://forvo.com/word/丢弃/#zh
L7-0904,丢人,丟人,diūrén,,7-9,1-2,1-2,,False,https://forvo.com/word/丢人/#zh
L7-0905,丢失,丟失,diūshī,V,7-9,1-1,1-1,,False,https://forvo.com/word/丢失/#zh
L7-0906,东奔西走,東奔西走,dōngbēn-xīzǒu,,7-9,1-1-1-3,1-1-1-3,,False,https://forvo.com/word/东奔西走/#zh
L7-0907,东道主,東道主,dōngdàozhǔ,N,7-9,1-4-3,1-4-3,,False,https://forvo.com/word/东道主/#zh
L7-0908,东张西望,東張西望,dōngzhāng-xīwàng,,7-9,1-1-1-4,1-1-1-4,,False,https://forvo.com/word/东张西望/#zh
L7-0909,董事,董事,dǒngshì,N,7-9,3-4,3-4,,False,https://forvo.com/word/董事/#zh
L7-0910,董事会,董事會,dǒngshìhuì,N,7-9,3-4-4,3-4-4,,False,https://forvo.com/word/董事会/#zh
L7-0911,董事长,董事長,dǒngshìzhǎng,N,7-9,3-4-3,3-4-3,,False,https://forvo.com/word/董事长/#zh
L7-0912,懂事,懂事,dǒngshì,,7-9,3-4,3-4,,False,https://forvo.com/word/懂事/#zh
L7-0913,动不动,動不動,dòngbudòng,Adv,7-9,4-N-4,4-N-4,bu_a_not_a;neutral_tone,False,https://forvo.com/word/动不动/#zh
L7-0914,动荡,動盪,dòngdàng,V/Adj,7-9,4-4,4-4,,False,https://forvo.com/word/动荡/#zh
L7-0915,动感,動感,dònggǎn,N,7-9,4-3,4-3,,False,https://forvo.com/word/动感/#zh
L7-0916,动工,動工,dònggōng,,7-9,4-1,4-1,,False,https://forvo.com/word/动工/#zh
L7-0917,动静,動靜,dòngjing,N,7-9,4-4,4-4,,False,https://forvo.com/word/动静/#zh
L7-0918,动脉,動脈,dòngmài,N,7-9,4-4,4-4,,False,https://forvo.com/word/动脉/#zh
L7-0919,动身,動身,dòngshēn,,7-9,4-1,4-1,,False,https://forvo.com/word/动身/#zh
L7-0920,动弹,動彈,dòngtan,V,7-9,4-N,4-N,neutral_tone,False,https://forvo.com/word/动弹/#zh
L7-0921,动听,動聽,dòngtīng,Adj,7-9,4-1,4-1,,False,https://forvo.com/word/动听/#zh
L7-0922,动向,動向,dòngxiàng,N,7-9,4-4,4-4,,False,https://forvo.com/word/动向/#zh
L7-0923,动用,動用,dòngyòng,V,7-9,4-4,4-4,,False,https://forvo.com/word/动用/#zh
L7-0924,冻结,凍結,dòngjié,V,7-9,4-2,4-2,,False,https://forvo.com/word/冻结/#zh
L7-0925,栋,棟,dòng,M,7-9,4,4,,False,https://forvo.com/word/栋/#zh
L7-0926,栋梁,棟梁,dòngliáng,N,7-9,4-2,4-2,,False,https://forvo.com/word/栋梁/#zh
L7-0927,兜,兜,dōu,V,7-9,1,1,,False,https://forvo.com/word/兜/#zh
L7-0928,兜儿,兜兒,dōur,N,7-9,1-N,1-N,neutral_tone,False,https://forvo.com/word/兜儿/#zh
L7-0929,兜售,兜售,dōushòu,V,7-9,1-4,1-4,,False,https://forvo.com/word/兜售/#zh
L7-0930,抖,抖,dǒu,V,7-9,3,3,,False,https://forvo.com/word/抖/#zh
L7-0931,陡,陡,dǒu,Adj,7-9,3,3,,False,https://forvo.com/word/陡/#zh
L7-0932,斗,鬥,dòu,V,7-9,4,4,,False,https://forvo.com/word/斗/#zh
L7-0933,斗志,鬥志,dòuzhì,N,7-9,4-4,4-4,,False,https://forvo.com/word/斗志/#zh
L7-0934,豆浆,豆漿,dòujiāng,N,7-9,4-1,4-1,,False,https://forvo.com/word/豆浆/#zh
L7-0935,豆子,豆子,dòuzi,N,7-9,4-N,4-N,neutral_tone,False,https://forvo.com/word/豆子/#zh
L7-0936,逗,逗,dòu,V/Adj,7-9,4,4,,False,https://forvo.com/word/逗/#zh
L7-0937,都会,都會,dūhuì,N,7-9,1-4,1-4,,False,https://forvo.com/word/都会/#zh
L7-0938,督促,督促,dūcù,V,7-9,1-4,1-4,,False,https://forvo.com/word/督促/#zh
L7-0939,独,獨,dú,Adv,7-9,2,2,,False,https://forvo.com/word/独/#zh
L7-0940,独唱,獨唱,dúchàng,V,7-9,2-4,2-4,,False,https://forvo.com/word/独唱/#zh
L7-0941,独家,獨家,dújiā,N,7-9,2-1,2-1,,False,https://forvo.com/word/独家/#zh
L7-0942,独立自主,獨立自主,dúlì-zìzhǔ,,7-9,2-4-4-3,2-4-4-3,,False,https://forvo.com/word/独立自主/#zh
L7-0943,独身,獨身,dúshēn,V,7-9,2-1,2-1,,False,https://forvo.com/word/独身/#zh
L7-0944,独一无二,獨一無二,dúyī-wú'èr,,7-9,2-1-2-4,2-4-2-4,yi_before_non_t4,False,https://forvo.com/word/独一无二/#zh
L7-0945,堵塞,堵塞,dǔsè,V,7-9,3-4,3-4,,False,https://forvo.com/word/堵塞/#zh
L7-0946,杜绝,杜絕,dùjué,V,7-9,4-2,4-2,,False,https://forvo.com/word/杜绝/#zh
L7-0947,妒忌,妒忌,dùjì,V,7-9,4-4,4-4,,False,https://forvo.com/word/妒忌/#zh
L7-0948,度（知名度）,度（知名度）,dù(zhīmíngdù),Suffix,7-9,4,4,,False,https://forvo.com/word/度（知名度）/#zh
L7-0949,度假,度假,dùjià,V,7-9,4-4,4-4,,False,https://forvo.com/word/度假/#zh
L7-0950,渡过,渡過,dùguò,,7-9,4-4,4-4,,False,https://forvo.com/word/渡过/#zh
L7-0951,端正,端正,duānzhèng,Adj/V,7-9,1-4,1-4,,False,https://forvo.com/word/端正/#zh
L7-0952,短缺,短缺,duǎnquē,V,7-9,3-1,3-1,,False,https://forvo.com/word/短缺/#zh
L7-0953,短暂,短暫,duǎnzàn,Adj,7-9,3-4,3-4,,False,https://forvo.com/word/短暂/#zh
L7-0954,段落,段落,duànluò,N,7-9,4-4,4-4,,False,https://forvo.com/word/段落/#zh
L7-0955,断定,斷定,duàndìng,V,7-9,4-4,4-4,,False,https://forvo.com/word/断定/#zh
L7-0956,断断续续,斷斷續續,duànduànxùxù,Adj,7-9,4-4-4-4,4-4-4-4,,False,https://forvo.com/word/断断续续/#zh
L7-0957,断裂,斷裂,duànliè,V,7-9,4-4,4-4,,False,https://forvo.com/word/断裂/#zh
L7-0958,堆砌,堆砌,duīqì,V,7-9,1-4,1-4,,False,https://forvo.com/word/堆砌/#zh
L7-0959,队形,隊形,duìxíng,N,7-9,4-2,4-2,,False,https://forvo.com/word/队形/#zh
L7-0960,对白,對白,duìbái,N,7-9,4-2,4-2,,False,https://forvo.com/word/对白/#zh
L7-0961,对策,對策,duìcè,N,7-9,4-4,4-4,,False,https://forvo.com/word/对策/#zh
L7-0962,对称,對稱,duìchèn,Adj,7-9,4-4,4-4,,False,https://forvo.com/word/对称/#zh
L7-0963,对得起,對得起,duìdeqǐ,V,7-9,4-N-3,4-N-3,neutral_tone,False,https://forvo.com/word/对得起/#zh
L7-0964,对联,對聯,duìlián,N,7-9,4-2,4-2,,False,https://forvo.com/word/对联/#zh
L7-0965,对弈,對弈,duìyì,V,7-9,4-4,4-4,,False,https://forvo.com/word/对弈/#zh
L7-0966,对照,對照,duìzhào,V,7-9,4-4,4-4,,False,https://forvo.com/word/对照/#zh
L7-0967,对峙,對峙,duìzhì,V,7-9,4-4,4-4,,False,https://forvo.com/word/对峙/#zh
L7-0968,对准,對準,duìzhǔn,,7-9,4-3,4-3,,False,https://forvo.com/word/对准/#zh
L7-0969,兑换,兌換,duìhuàn,V,7-9,4-4,4-4,,False,https://forvo.com/word/兑换/#zh
L7-0970,兑现,兌現,duìxiàn,V,7-9,4-4,4-4,,False,https://forvo.com/word/兑现/#zh
L7-0971,敦促,敦促,dūncù,V,7-9,1-4,1-4,,False,https://forvo.com/word/敦促/#zh
L7-0972,敦厚,敦厚,dūnhòu,Adj,7-9,1-4,1-4,,False,https://forvo.com/word/敦厚/#zh
L7-0973,炖,燉,dùn,V,7-9,4,4,,False,https://forvo.com/word/炖/#zh
L7-0974,顿时,頓時,dùnshí,Adv,7-9,4-2,4-2,,False,https://forvo.com/word/顿时/#zh
L7-0975,多边,多邊,duōbiān,Adj,7-9,1-1,1-1,,False,https://forvo.com/word/多边/#zh
L7-0976,多功能,多功能,duōgōngnéng,Adj,7-9,1-1-2,1-1-2,,False,https://forvo.com/word/多功能/#zh
L7-0977,多亏,多虧,duōkuī,V,7-9,1-1,1-1,,False,https://forvo.com/word/多亏/#zh
L7-0978,多劳多得,多勞多得,duōláo-duōdé,,7-9,1-2-1-2,1-2-1-2,,False,https://forvo.com/word/多劳多得/#zh
L7-0979,多年来,多年來,duō nián lái,,7-9,1-2-2,1-2-2,,False,https://forvo.com/word/多年来/#zh
L7-0980,多心,多心,duōxīn,,7-9,1-1,1-1,,False,https://forvo.com/word/多心/#zh
L7-0981,多余,多餘,duōyú,V/Adj,7-9,1-2,1-2,,False,https://forvo.com/word/多余/#zh
L7-0982,多元,多元,duōyuán,Adj,7-9,1-2,1-2,,False,https://forvo.com/word/多元/#zh
L7-0983,哆嗦,哆嗦,duōsuo,V,7-9,1-N,1-N,neutral_tone,False,https://forvo.com/word/哆嗦/#zh
L7-0984,夺冠,奪冠,duóguàn,,7-9,2-4,2-4,,False,https://forvo.com/word/夺冠/#zh
L7-0985,夺魁,奪魁,duókuí,,7-9,2-2,2-2,,False,https://forvo.com/word/夺魁/#zh
L7-0986,躲避,躲避,duǒbì,V,7-9,3-4,3-4,,False,https://forvo.com/word/躲避/#zh
L7-0987,躲藏,躲藏,duǒcáng,V,7-9,3-2,3-2,,False,https://forvo.com/word/躲藏/#zh
L7-0988,舵手,舵手,duòshǒu,N,7-9,4-3,4-3,,False,https://forvo.com/word/舵手/#zh
L7-0989,堕落,墮落,duòluò,V,7-9,4-4,4-4,,False,https://forvo.com/word/堕落/#zh
L7-0990,讹诈,訛詐,ézhà,V,7-9,2-4,2-4,,False,https://forvo.com/word/讹诈/#zh
L7-0991,俄语,俄語,Éyǔ,N,7-9,2-3,2-3,,False,https://forvo.com/word/俄语/#zh
L7-0992,鹅,鵝,é,N,7-9,2,2,,False,https://forvo.com/word/鹅/#zh
L7-0993,额外,額外,éwài,Adj,7-9,2-4,2-4,,False,https://forvo.com/word/额外/#zh
L7-0994,厄运,厄運,èyùn,N,7-9,4-4,4-4,,False,https://forvo.com/word/厄运/#zh
L7-0995,恶,惡,è,Adj,7-9,4,4,,False,https://forvo.com/word/恶/#zh
L7-0996,恶化,惡化,èhuà,V,7-9,4-4,4-4,,False,https://forvo.com/word/恶化/#zh
L7-0997,恶劣,惡劣,èliè,Adj,7-9,4-4,4-4,,False,https://forvo.com/word/恶劣/#zh
L7-0998,恶性,惡性,èxìng,Adj,7-9,4-4,4-4,,False,https://forvo.com/word/恶性/#zh
L7-0999,恶意,惡意,èyì,N,7-9,4-4,4-4,,False,https://forvo.com/word/恶意/#zh
L7-1000,遏制,遏制,èzhì,V,7-9,4-4,4-4,,False,https://forvo.com/word/遏制/#zh
L7-1001,鳄鱼,鱷魚,èyú,N,7-9,4-2,4-2,,False,https://forvo.com/word/鳄鱼/#zh
L7-1002,恩赐,恩賜,ēncì,V,7-9,1-4,1-4,,False,https://forvo.com/word/恩赐/#zh
L7-1003,恩惠,恩惠,ēnhuì,N,7-9,1-4,1-4,,False,https://forvo.com/word/恩惠/#zh
L7-1004,恩情,恩情,ēnqíng,N,7-9,1-2,1-2,,False,https://forvo.com/word/恩情/#zh
L7-1005,恩怨,恩怨,ēnyuàn,N,7-9,1-4,1-4,,False,https://forvo.com/word/恩怨/#zh
L7-1006,而已,而已,éryǐ,Aux,7-9,2-3,2-3,,False,https://forvo.com/word/而已/#zh
L7-1007,耳光,耳光,ěrguāng,N,7-9,3-1,3-1,,False,https://forvo.com/word/耳光/#zh
L7-1008,耳目一新,耳目一新,ěrmù-yīxīn,,7-9,3-4-1-1,3-4-4-1,yi_before_non_t4,False,https://forvo.com/word/耳目一新/#zh
L7-1009,耳熟能详,耳熟能詳,ěrshú-néngxiáng,,7-9,3-2-2-2,3-2-2-2,,False,https://forvo.com/word/耳熟能详/#zh
L7-1010,耳闻目睹,耳聞目睹,ěrwén-mùdǔ,,7-9,3-2-4-3,3-2-4-3,,False,https://forvo.com/word/耳闻目睹/#zh
L7-1011,二手车,二手車,èrshǒuchē,N,7-9,4-3-1,4-3-1,,False,https://forvo.com/word/二手车/#zh
L7-1012,二氧化碳,二氧化碳,èryǎnghuàtàn,N,7-9,4-3-4-4,4-3-4-4,,False,https://forvo.com/word/二氧化碳/#zh
L7-1013,发布会,發佈會,fābùhuì,N,7-9,1-4-4,1-4-4,,False,https://forvo.com/word/发布会/#zh
L7-1014,发财,發財,fācái,,7-9,1-2,1-2,,False,https://forvo.com/word/发财/#zh
L7-1015,发愁,發愁,fāchóu,,7-9,1-2,1-2,,False,https://forvo.com/word/发愁/#zh
L7-1016,发电机,發電機,fādiànjī,N,7-9,1-4-1,1-4-1,,False,https://forvo.com/word/发电机/#zh
L7-1017,发抖,發抖,fādǒu,V,7-9,1-3,1-3,,False,https://forvo.com/word/发抖/#zh
L7-1018,发愤图强,發憤圖強,fāfèn-túqiáng,,7-9,1-4-2-2,1-4-2-2,,False,https://forvo.com/word/发愤图强/#zh
L7-1019,发光,發光,fāguāng,,7-9,1-1,1-1,,False,https://forvo.com/word/发光/#zh
L7-1020,发火,發火,fāhuǒ,,7-9,1-3,1-3,,False,https://forvo.com/word/发火/#zh
L7-1021,发酵,發酵,fājiào,,7-9,1-4,1-4,,False,https://forvo.com/word/发酵/#zh
L7-1022,发掘,發掘,fājué,V,7-9,1-2,1-2,,False,https://forvo.com/word/发掘/#zh
L7-1023,发愣,發愣,fālèng,,7-9,1-4,1-4,,False,https://forvo.com/word/发愣/#zh
L7-1024,发脾气,發脾氣,fā píqi,,7-9,1-2-4,1-2-4,,False,https://forvo.com/word/发脾气/#zh
L7-1025,发起人,發起人,fāqǐrén,N,7-9,1-3-2,1-3-2,,False,https://forvo.com/word/发起人/#zh
L7-1026,发热,發熱,fārè,,7-9,1-4,1-4,,False,https://forvo.com/word/发热/#zh
L7-1027,发誓,發誓,fāshì,,7-9,1-4,1-4,,False,https://forvo.com/word/发誓/#zh
L7-1028,发泄,發洩,fāxiè,V,7-9,1-4,1-4,,False,https://forvo.com/word/发泄/#zh
L7-1029,发扬,發揚,fāyáng,V,7-9,1-2,1-2,,False,https://forvo.com/word/发扬/#zh
L7-1030,发扬光大,發揚光大,fāyáng-guāngdà,,7-9,1-2-1-4,1-2-1-4,,False,https://forvo.com/word/发扬光大/#zh
L7-1031,发育,發育,fāyù,V,7-9,1-4,1-4,,False,https://forvo.com/word/发育/#zh
L7-1032,发源地,發源地,fāyuándì,N,7-9,1-2-4,1-2-4,,False,https://forvo.com/word/发源地/#zh
L7-1033,发作,發作,fāzuò,V,7-9,1-4,1-4,,False,https://forvo.com/word/发作/#zh
L7-1034,阀门,閥門,fámén,N,7-9,2-2,2-2,,False,https://forvo.com/word/阀门/#zh
L7-1035,发型,髮型,fàxíng,N,7-9,4-2,4-2,,False,https://forvo.com/word/发型/#zh
L7-1036,帆,帆,fān,N,7-9,1,1,,False,https://forvo.com/word/帆/#zh
L7-1037,帆船,帆船,fānchuán,N,7-9,1-2,1-2,,False,https://forvo.com/word/帆船/#zh
L7-1038,翻番,翻番,fānfān,,7-9,1-1,1-1,,False,https://forvo.com/word/翻番/#zh
L7-1039,翻来覆去,翻來覆去,fānlái-fùqù,,7-9,1-2-4-4,1-2-4-4,,False,https://forvo.com/word/翻来覆去/#zh
L7-1040,翻天覆地,翻天覆地,fāntiān-fùdì,,7-9,1-1-4-4,1-1-4-4,,False,https://forvo.com/word/翻天覆地/#zh
L7-1041,凡,凡,fán,Adv,7-9,2,2,,False,https://forvo.com/word/凡/#zh
L7-1042,烦闷,煩悶,fánmèn,Adj,7-9,2-4,2-4,,False,https://forvo.com/word/烦闷/#zh
L7-1043,烦恼,煩惱,fánnǎo,Adj,7-9,2-3,2-3,,False,https://forvo.com/word/烦恼/#zh
L7-1044,烦躁,煩躁,fánzào,Adj,7-9,2-4,2-4,,False,https://forvo.com/word/烦躁/#zh
L7-1045,繁华,繁華,fánhuá,Adj,7-9,2-2,2-2,,False,https://forvo.com/word/繁华/#zh
L7-1046,繁忙,繁忙,fánmáng,Adj,7-9,2-2,2-2,,False,https://forvo.com/word/繁忙/#zh
L7-1047,繁体字,繁體字,fántǐzì,N,7-9,2-3-4,2-3-4,,False,https://forvo.com/word/繁体字/#zh
L7-1048,繁重,繁重,fánzhòng,Adj,7-9,2-4,2-4,,False,https://forvo.com/word/繁重/#zh
L7-1049,反驳,反駁,fǎnbó,V,7-9,3-2,3-2,,False,https://forvo.com/word/反驳/#zh
L7-1050,反差,反差,fǎnchā,N,7-9,3-1,3-1,,False,https://forvo.com/word/反差/#zh
L7-1051,反常,反常,fǎncháng,Adj,7-9,3-2,3-2,,False,https://forvo.com/word/反常/#zh
L7-1052,反倒,反倒,fǎndào,Adv,7-9,3-4,3-4,,False,https://forvo.com/word/反倒/#zh
L7-1053,反感,反感,fǎngǎn,Adj/N,7-9,3-3,2-3,third_tone_sandhi,False,https://forvo.com/word/反感/#zh
L7-1054,反过来,反過來,fǎn guòlái,,7-9,3-N-2,3-N-2,neutral_tone,False,https://forvo.com/word/反过来/#zh
L7-1055,反击,反擊,fǎnjī,V,7-9,3-1,3-1,,False,https://forvo.com/word/反击/#zh
L7-1056,反馈,反饋,fǎnkuì,V,7-9,3-4,3-4,,False,https://forvo.com/word/反馈/#zh
L7-1057,反面,反面,fǎnmiàn,N/Adj,7-9,3-4,3-4,,False,https://forvo.com/word/反面/#zh
L7-1058,反思,反思,fǎnsī,V,7-9,3-1,3-1,,False,https://forvo.com/word/反思/#zh
L7-1059,反弹,反彈,fǎntán,V,7-9,3-2,3-2,,False,https://forvo.com/word/反弹/#zh
L7-1060,反省,反省,fǎnxǐng,V,7-9,3-3,2-3,third_tone_sandhi,False,https://forvo.com/word/反省/#zh
L7-1061,返还,返還,fǎnhuán,V,7-9,3-2,3-2,,False,https://forvo.com/word/返还/#zh
L7-1062,犯愁,犯愁,fànchóu,,7-9,4-2,4-2,,False,https://forvo.com/word/犯愁/#zh
L7-1063,饭碗,飯碗,fànwǎn,N,7-9,4-3,4-3,,False,https://forvo.com/word/饭碗/#zh
L7-1064,泛滥,泛濫,fànlàn,V,7-9,4-4,4-4,,False,https://forvo.com/word/泛滥/#zh
L7-1065,范畴,範疇,fànchóu,N,7-9,4-2,4-2,,False,https://forvo.com/word/范畴/#zh
L7-1066,贩卖,販賣,fànmài,V,7-9,4-4,4-4,,False,https://forvo.com/word/贩卖/#zh
L7-1067,方方面面,方方面面,fāngfāngmiànmiàn,N,7-9,1-1-4-4,1-1-4-4,,False,https://forvo.com/word/方方面面/#zh
L7-1068,方向盘,方向盤,fāngxiàngpán,N,7-9,1-4-2,1-4-2,,False,https://forvo.com/word/方向盘/#zh
L7-1069,方言,方言,fāngyán,N,7-9,1-2,1-2,,False,https://forvo.com/word/方言/#zh
L7-1070,防盗,防盜,fángdào,V,7-9,2-4,2-4,,False,https://forvo.com/word/防盗/#zh
L7-1071,防盗门,防盜門,fángdàomén,N,7-9,2-4-2,2-4-2,,False,https://forvo.com/word/防盗门/#zh
L7-1072,防护,防護,fánghù,V,7-9,2-4,2-4,,False,https://forvo.com/word/防护/#zh
L7-1073,防火墙,防火牆,fánghuǒqiáng,N,7-9,2-3-2,2-3-2,,False,https://forvo.com/word/防火墙/#zh
L7-1074,防卫,防衛,fángwèi,V,7-9,2-4,2-4,,False,https://forvo.com/word/防卫/#zh
L7-1075,防汛,防汛,fángxùn,V,7-9,2-4,2-4,,False,https://forvo.com/word/防汛/#zh
L7-1076,防疫,防疫,fángyì,V,7-9,2-4,2-4,,False,https://forvo.com/word/防疫/#zh
L7-1077,防御,防禦,fángyù,V,7-9,2-4,2-4,,False,https://forvo.com/word/防御/#zh
L7-1078,妨碍,妨礙,fáng'ài,V,7-9,2-4,2-4,,False,https://forvo.com/word/妨碍/#zh
L7-1079,妨害,妨害,fánghài,V,7-9,2-4,2-4,,False,https://forvo.com/word/妨害/#zh
L7-1080,房地产,房地產,fángdìchǎn,N,7-9,2-4-3,2-4-3,,False,https://forvo.com/word/房地产/#zh
L7-1081,仿,仿,fǎng,V,7-9,3,3,,False,https://forvo.com/word/仿/#zh
L7-1082,仿制,仿製,fǎngzhì,V,7-9,3-4,3-4,,False,https://forvo.com/word/仿制/#zh
L7-1083,访谈,訪談,fǎngtán,V,7-9,3-2,3-2,,False,https://forvo.com/word/访谈/#zh
L7-1084,纺织,紡織,fǎngzhī,V,7-9,3-1,3-1,,False,https://forvo.com/word/纺织/#zh
L7-1085,放过,放過,fàngguò,,7-9,4-4,4-4,,False,https://forvo.com/word/放过/#zh
L7-1086,放水,放水,fàngshuǐ,,7-9,4-3,4-3,,False,https://forvo.com/word/放水/#zh
L7-1087,放肆,放肆,fàngsì,Adj,7-9,4-4,4-4,,False,https://forvo.com/word/放肆/#zh
L7-1088,放映,放映,fàngyìng,V,7-9,4-4,4-4,,False,https://forvo.com/word/放映/#zh
L7-1089,放置,放置,fàngzhì,V,7-9,4-4,4-4,,False,https://forvo.com/word/放置/#zh
L7-1090,放纵,放縱,fàngzòng,V,7-9,4-4,4-4,,False,https://forvo.com/word/放纵/#zh
L7-1091,飞速,飛速,fēisù,Adv,7-9,1-4,1-4,,False,https://forvo.com/word/飞速/#zh
L7-1092,飞往,飛往,fēiwǎng,,7-9,1-3,1-3,,False,https://forvo.com/word/飞往/#zh
L7-1093,飞翔,飛翔,fēixiáng,V,7-9,1-2,1-2,,False,https://forvo.com/word/飞翔/#zh
L7-1094,飞跃,飛躍,fēiyuè,V,7-9,1-4,1-4,,False,https://forvo.com/word/飞跃/#zh
L7-1095,非（非金属）,非（非金屬）,fēi (fēijīnshǔ),Prefix,7-9,1,1,,False,https://forvo.com/word/非（非金属）/#zh
L7-1096,非得,非得,fēiděi,Adv,7-9,1-3,1-3,,False,https://forvo.com/word/非得/#zh
L7-1097,非法,非法,fēifǎ,Adj,7-9,1-3,1-3,,False,https://forvo.com/word/非法/#zh
L7-1098,非凡,非凡,fēifán,Adj,7-9,1-2,1-2,,False,https://forvo.com/word/非凡/#zh
L7-1099,绯闻,緋聞,fēiwén,N,7-9,1-2,1-2,,False,https://forvo.com/word/绯闻/#zh
L7-1100,肥料,肥料,féiliào,N,7-9,2-4,2-4,,False,https://forvo.com/word/肥料/#zh
L7-1101,肥胖,肥胖,féipàng,Adj,7-9,2-4,2-4,,False,https://forvo.com/word/肥胖/#zh
L7-1102,肥沃,肥沃,féiwò,Adj,7-9,2-4,2-4,,False,https://forvo.com/word/肥沃/#zh
L7-1103,肥皂,肥皂,féizào,N,7-9,2-4,2-4,,False,https://forvo.com/word/肥皂/#zh
L7-1104,诽谤,誹謗,fěibàng,V,7-9,3-4,3-4,,False,https://forvo.com/word/诽谤/#zh
L7-1105,废,廢,fèi,Adj/V,7-9,4,4,,False,https://forvo.com/word/废/#zh
L7-1106,废除,廢除,fèichú,V,7-9,4-2,4-2,,False,https://forvo.com/word/废除/#zh
L7-1107,废话,廢話,fèihuà,N,7-9,4-4,4-4,,False,https://forvo.com/word/废话/#zh
L7-1108,废品,廢品,fèipǐn,N,7-9,4-3,4-3,,False,https://forvo.com/word/废品/#zh
L7-1109,废寝忘食,廢寢忘食,fèiqǐn-wàngshí,,7-9,4-3-4-2,4-3-4-2,,False,https://forvo.com/word/废寝忘食/#zh
L7-1110,废物,廢物,fèiwù,N,7-9,4-4,4-4,,False,https://forvo.com/word/废物/#zh
L7-1111,废墟,廢墟,fèixū,N,7-9,4-1,4-1,,False,https://forvo.com/word/废墟/#zh
L7-1112,沸沸扬扬,沸沸揚揚,fèifèiyángyáng,Adj,7-9,4-4-2-2,4-4-2-2,,False,https://forvo.com/word/沸沸扬扬/#zh
L7-1113,沸腾,沸騰,fèiténg,V,7-9,4-2,4-2,,False,https://forvo.com/word/沸腾/#zh
L7-1114,费劲,費勁,fèijìn,,7-9,4-4,4-4,,False,https://forvo.com/word/费劲/#zh
L7-1115,分辨,分辨,fēnbiàn,V,7-9,1-4,1-4,,False,https://forvo.com/word/分辨/#zh
L7-1116,分寸,分寸,fēncun,N,7-9,1-N,1-N,neutral_tone,False,https://forvo.com/word/分寸/#zh
L7-1117,分担,分擔,fēndān,V,7-9,1-1,1-1,,False,https://forvo.com/word/分担/#zh
L7-1118,分割,分割,fēngē,V,7-9,1-1,1-1,,False,https://forvo.com/word/分割/#zh
L7-1119,分红,分紅,fēnhóng,,7-9,1-2,1-2,,False,https://forvo.com/word/分红/#zh
L7-1120,分化,分化,fēnhuà,V,7-9,1-4,1-4,,False,https://forvo.com/word/分化/#zh
L7-1121,分泌,分泌,fēnmì,V,7-9,1-4,1-4,,False,https://forvo.com/word/分泌/#zh
L7-1122,分明,分明,fēnmíng,Adj/Adv,7-9,1-2,1-2,,False,https://forvo.com/word/分明/#zh
L7-1123,分歧,分歧,fēnqí,N/Adj,7-9,1-2,1-2,,False,https://forvo.com/word/分歧/#zh
L7-1124,分赃,分贓,fēnzāng,,7-9,1-1,1-1,,False,https://forvo.com/word/分赃/#zh
L7-1125,分支,分支,fēnzhī,N,7-9,1-1,1-1,,False,https://forvo.com/word/分支/#zh
L7-1126,芬芳,芬芳,fēnfāng,Adj/N,7-9,1-1,1-1,,False,https://forvo.com/word/芬芳/#zh
L7-1127,吩咐,吩咐,fēnfù,V,7-9,1-4,1-4,,False,https://forvo.com/word/吩咐/#zh
L7-1128,氛围,氛圍,fēnwéi,N,7-9,1-2,1-2,,False,https://forvo.com/word/氛围/#zh
L7-1129,坟,墳,fén,N,7-9,2,2,,False,https://forvo.com/word/坟/#zh
L7-1130,坟墓,墳墓,fénmù,N,7-9,2-4,2-4,,False,https://forvo.com/word/坟墓/#zh
L7-1131,焚烧,焚燒,fénshāo,V,7-9,2-1,2-1,,False,https://forvo.com/word/焚烧/#zh
L7-1132,粉,粉,fěn,N,7-9,3,3,,False,https://forvo.com/word/粉/#zh
L7-1133,粉丝,粉絲,fěnsī,N,7-9,3-1,3-1,,False,https://forvo.com/word/粉丝/#zh
L7-1134,粉碎,粉碎,fěnsuì,Adj/V,7-9,3-4,3-4,,False,https://forvo.com/word/粉碎/#zh
L7-1135,分量,分量,fènliàng,N,7-9,4-N,4-N,neutral_tone,False,https://forvo.com/word/分量/#zh
L7-1136,分外,分外,fènwài,Adv,7-9,4-4,4-4,,False,https://forvo.com/word/分外/#zh
L7-1137,份额,份額,fèn'é,N,7-9,4-2,4-2,,False,https://forvo.com/word/份额/#zh
L7-1138,奋力,奮力,fènlì,Adv,7-9,4-4,4-4,,False,https://forvo.com/word/奋力/#zh
L7-1139,奋勇,奮勇,fènyǒng,V,7-9,4-3,4-3,,False,https://forvo.com/word/奋勇/#zh
L7-1140,粪,糞,fèn,N,7-9,4,4,,False,https://forvo.com/word/粪/#zh
L7-1141,粪便,糞便,fènbiàn,N,7-9,4-4,4-4,,False,https://forvo.com/word/粪便/#zh
L7-1142,丰富多彩,豐富多彩,fēngfù-duōcǎi,,7-9,1-4-1-3,1-4-1-3,,False,https://forvo.com/word/丰富多彩/#zh
L7-1143,丰厚,豐厚,fēnghòu,Adj,7-9,1-4,1-4,,False,https://forvo.com/word/丰厚/#zh
L7-1144,丰满,豐滿,fēngmǎn,Adj,7-9,1-3,1-3,,False,https://forvo.com/word/丰满/#zh
L7-1145,丰盛,豐盛,fēngshèng,Adj,7-9,1-4,1-4,,False,https://forvo.com/word/丰盛/#zh
L7-1146,丰硕,豐碩,fēngshuò,Adj,7-9,1-4,1-4,,False,https://forvo.com/word/丰硕/#zh
L7-1147,风波,風波,fēngbō,N,7-9,1-1,1-1,,False,https://forvo.com/word/风波/#zh
L7-1148,风采,風采,fēngcǎi,N,7-9,1-3,1-3,,False,https://forvo.com/word/风采/#zh
L7-1149,风餐露宿,風餐露宿,fēngcān-lùsù,,7-9,1-1-4-4,1-1-4-4,,False,https://forvo.com/word/风餐露宿/#zh
L7-1150,风范,風範,fēngfàn,N,7-9,1-4,1-4,,False,https://forvo.com/word/风范/#zh
L7-1151,风风雨雨,風風雨雨,fēngfēngyǔyǔ,N,7-9,1-1-3-3,1-1-2-3,third_tone_sandhi,False,https://forvo.com/word/风风雨雨/#zh
L7-1152,风和日丽,風和日麗,fēnghé-rìlì,,7-9,1-2-4-4,1-2-4-4,,False,https://forvo.com/word/风和日丽/#zh
L7-1153,风浪,風浪,fēnglàng,N,7-9,1-4,1-4,,False,https://forvo.com/word/风浪/#zh
L7-1154,风力,風力,fēnglì,N,7-9,1-4,1-4,,False,https://forvo.com/word/风力/#zh
L7-1155,风流,風流,fēngliú,Adj,7-9,1-2,1-2,,False,https://forvo.com/word/风流/#zh
L7-1156,风貌,風貌,fēngmào,N,7-9,1-4,1-4,,False,https://forvo.com/word/风貌/#zh
L7-1157,风气,風氣,fēngqì,N,7-9,1-4,1-4,,False,https://forvo.com/word/风气/#zh
L7-1158,风情,風情,fēngqíng,N,7-9,1-2,1-2,,False,https://forvo.com/word/风情/#zh
L7-1159,风趣,風趣,fēngqù,N,7-9,1-4,1-4,,False,https://forvo.com/word/风趣/#zh
L7-1160,风沙,風沙,fēngshā,N,7-9,1-1,1-1,,False,https://forvo.com/word/风沙/#zh
L7-1161,风尚,風尚,fēngshàng,N,7-9,1-4,1-4,,False,https://forvo.com/word/风尚/#zh
L7-1162,风水,風水,fēngshuǐ,N,7-9,1-3,1-3,,False,https://forvo.com/word/风水/#zh
L7-1163,风味,風味,fēngwèi,N,7-9,1-4,1-4,,False,https://forvo.com/word/风味/#zh
L7-1164,风雨,風雨,fēngyǔ,N,7-9,1-3,1-3,,False,https://forvo.com/word/风雨/#zh
L7-1165,风云,風雲,fēngyún,N,7-9,1-2,1-2,,False,https://forvo.com/word/风云/#zh
L7-1166,风筝,風箏,fēngzheng,N,7-9,1-1,1-1,,False,https://forvo.com/word/风筝/#zh
L7-1167,封顶,封頂,fēngdǐng,V,7-9,1-3,1-3,,False,https://forvo.com/word/封顶/#zh
L7-1168,封建,封建,fēngjiàn,N/Adj,7-9,1-4,1-4,,False,https://forvo.com/word/封建/#zh
L7-1169,封面,封面,fēngmiàn,N,7-9,1-4,1-4,,False,https://forvo.com/word/封面/#zh
L7-1170,封锁,封鎖,fēngsuǒ,V,7-9,1-3,1-3,,False,https://forvo.com/word/封锁/#zh
L7-1171,疯子,瘋子,fēngzi,N,7-9,1-N,1-N,neutral_tone,False,https://forvo.com/word/疯子/#zh
L7-1172,峰回路转,峰回路轉,fēnghuí-lùzhuǎn,,7-9,1-2-4-3,1-2-4-3,,False,https://forvo.com/word/峰回路转/#zh
L7-1173,蜂蜜,蜂蜜,fēngmì,N,7-9,1-4,1-4,,False,https://forvo.com/word/蜂蜜/#zh
L7-1174,逢,逢,féng,V,7-9,2,2,,False,https://forvo.com/word/逢/#zh
L7-1175,缝,縫,féng,V,7-9,2,2,,False,https://forvo.com/word/缝/#zh
L7-1176,缝合,縫合,fénghé,V,7-9,2-2,2-2,,False,https://forvo.com/word/缝合/#zh
L7-1177,讽刺,諷刺,fěngcì,V,7-9,3-4,3-4,,False,https://forvo.com/word/讽刺/#zh
L7-1178,凤凰,鳳凰,fènghuáng,N,7-9,4-2,4-2,,False,https://forvo.com/word/凤凰/#zh
L7-1179,缝,縫,fèng,N,7-9,4,4,,False,https://forvo.com/word/缝/#zh
L7-1180,否决,否決,fǒujué,V,7-9,3-2,3-2,,False,https://forvo.com/word/否决/#zh
L7-1181,孵化,孵化,fūhuà,V,7-9,1-4,1-4,,False,https://forvo.com/word/孵化/#zh
L7-1182,敷,敷,fū,V,7-9,1,1,,False,https://forvo.com/word/敷/#zh
L7-1183,扶持,扶持,fúchí,V,7-9,2-2,2-2,,False,https://forvo.com/word/扶持/#zh
L7-1184,服饰,服飾,fúshì,N,7-9,2-4,2-4,,False,https://forvo.com/word/服饰/#zh
L7-1185,服务器,服務器,fúwùqì,N,7-9,2-4-4,2-4-4,,False,https://forvo.com/word/服务器/#zh
L7-1186,服用,服用,fúyòng,V,7-9,2-4,2-4,,False,https://forvo.com/word/服用/#zh
L7-1187,俘获,俘獲,fúhuò,V,7-9,2-4,2-4,,False,https://forvo.com/word/俘获/#zh
L7-1188,俘虏,俘虜,fúlǔ,N,7-9,2-3,2-3,,False,https://forvo.com/word/俘虏/#zh
L7-1189,浮力,浮力,fúlì,N,7-9,2-4,2-4,,False,https://forvo.com/word/浮力/#zh
L7-1190,浮现,浮現,fúxiàn,V,7-9,2-4,2-4,,False,https://forvo.com/word/浮现/#zh
L7-1191,浮躁,浮躁,fúzào,Adj,7-9,2-4,2-4,,False,https://forvo.com/word/浮躁/#zh
L7-1192,辐射,輻射,fúshè,V,7-9,2-4,2-4,,False,https://forvo.com/word/辐射/#zh
L7-1193,福气,福氣,fúqi,N,7-9,2-N,2-N,neutral_tone,False,https://forvo.com/word/福气/#zh
L7-1194,抚摸,撫摸,fǔmō,V,7-9,3-1,3-1,,False,https://forvo.com/word/抚摸/#zh
L7-1195,抚恤,撫卹,fǔxù,V,7-9,3-4,3-4,,False,https://forvo.com/word/抚恤/#zh
L7-1196,抚养,撫養,fǔyǎng,V,7-9,3-3,2-3,third_tone_sandhi,False,https://forvo.com/word/抚养/#zh
L7-1197,抚养费,撫養費,fǔyǎngfèi,N,7-9,3-3-4,2-3-4,third_tone_sandhi,False,https://forvo.com/word/抚养费/#zh
L7-1198,斧子,斧子,fǔzi,N,7-9,3-N,3-N,neutral_tone,False,https://forvo.com/word/斧子/#zh
L7-1199,俯首,俯首,fǔshǒu,V,7-9,3-3,2-3,third_tone_sandhi,False,https://forvo.com/word/俯首/#zh
L7-1200,辅导,輔導,fǔdǎo,V,7-9,3-3,2-3,third_tone_sandhi,False,https://forvo.com/word/辅导/#zh
L7-1201,腐败,腐敗,fǔbài,Adj,7-9,3-4,3-4,,False,https://forvo.com/word/腐败/#zh
L7-1202,腐化,腐化,fǔhuà,V,7-9,3-4,3-4,,False,https://forvo.com/word/腐化/#zh
L7-1203,腐烂,腐爛,fǔlàn,V/Adj,7-9,3-4,3-4,,False,https://forvo.com/word/腐烂/#zh
L7-1204,腐蚀,腐蝕,fǔshí,V,7-9,3-2,3-2,,False,https://forvo.com/word/腐蚀/#zh
L7-1205,腐朽,腐朽,fǔxiǔ,Adj,7-9,3-3,2-3,third_tone_sandhi,False,https://forvo.com/word/腐朽/#zh
L7-1206,付费,付費,fùfèi,V,7-9,4-4,4-4,,False,https://forvo.com/word/付费/#zh
L7-1207,付款,付款,fùkuǎn,V,7-9,4-3,4-3,,False,https://forvo.com/word/付款/#zh
L7-1208,负面,負面,fùmiàn,Adj,7-9,4-4,4-4,,False,https://forvo.com/word/负面/#zh
L7-1209,负有,負有,fùyǒu,,7-9,4-3,4-3,,False,https://forvo.com/word/负有/#zh
L7-1210,附,附,fù,V,7-9,4,4,,False,https://forvo.com/word/附/#zh
L7-1211,附带,附帶,fùdài,V/Adj,7-9,4-4,4-4,,False,https://forvo.com/word/附带/#zh
L7-1212,附和,附和,fùhè,V,7-9,4-4,4-4,,False,https://forvo.com/word/附和/#zh
L7-1213,附加,附加,fùjiā,V,7-9,4-1,4-1,,False,https://forvo.com/word/附加/#zh
L7-1214,附属,附屬,fùshǔ,V/Adj,7-9,4-3,4-3,,False,https://forvo.com/word/附属/#zh
L7-1215,赴,赴,fù,V,7-9,4,4,,False,https://forvo.com/word/赴/#zh
L7-1216,复查,復查,fùchá,V,7-9,4-2,4-2,,False,https://forvo.com/word/复查/#zh
L7-1217,复发,復發,fùfā,V,7-9,4-1,4-1,,False,https://forvo.com/word/复发/#zh
L7-1218,复合,復合,fùhé,V,7-9,4-2,4-2,,False,https://forvo.com/word/复合/#zh
L7-1219,复活,復活,fùhuó,V,7-9,4-2,4-2,,False,https://forvo.com/word/复活/#zh
L7-1220,复兴,復興,fùxīng,V,7-9,4-1,4-1,,False,https://forvo.com/word/复兴/#zh
L7-1221,复原,復原,fùyuán,,7-9,4-2,4-2,,False,https://forvo.com/word/复原/#zh
L7-1222,副作用,副作用,fùzuòyòng,N,7-9,4-4-4,4-4-4,,False,https://forvo.com/word/副作用/#zh
L7-1223,赋予,賦予,fùyǔ,V,7-9,4-3,4-3,,False,https://forvo.com/word/赋予/#zh
L7-1224,富含,富含,fùhán,V,7-9,4-2,4-2,,False,https://forvo.com/word/富含/#zh
L7-1225,富豪,富豪,fùháo,N,7-9,4-2,4-2,,False,https://forvo.com/word/富豪/#zh
L7-1226,富强,富強,fùqiáng,Adj,7-9,4-2,4-2,,False,https://forvo.com/word/富强/#zh
L7-1227,富翁,富翁,fùwēng,N,7-9,4-1,4-1,,False,https://forvo.com/word/富翁/#zh
L7-1228,富裕,富裕,fùyù,Adj,7-9,4-4,4-4,,False,https://forvo.com/word/富裕/#zh
L7-1229,富足,富足,fùzú,Adj,7-9,4-2,4-2,,False,https://forvo.com/word/富足/#zh
L7-1230,腹部,腹部,fùbù,N,7-9,4-4,4-4,,False,https://forvo.com/word/腹部/#zh
L7-1231,腹泻,腹瀉,fùxiè,V,7-9,4-4,4-4,,False,https://forvo.com/word/腹泻/#zh
L7-1232,覆盖,覆蓋,fùgài,V,7-9,4-4,4-4,,False,https://forvo.com/word/覆盖/#zh
L7-1233,该,該,gāi,Pron,7-9,1,1,,False,https://forvo.com/word/该/#zh
L7-1234,改版,改版,gǎibǎn,,7-9,3-3,2-3,third_tone_sandhi,False,https://forvo.com/word/改版/#zh
L7-1235,改编,改編,gǎibiān,V,7-9,3-1,3-1,,False,https://forvo.com/word/改编/#zh
L7-1236,改动,改動,gǎidòng,V,7-9,3-4,3-4,,False,https://forvo.com/word/改动/#zh
L7-1237,改革开放,改革開放,gǎigé kāifàng,,7-9,3-2-1-4,3-2-1-4,,False,https://forvo.com/word/改革开放/#zh
L7-1238,改良,改良,gǎiliáng,V,7-9,3-2,3-2,,False,https://forvo.com/word/改良/#zh
L7-1239,改名,改名,gǎimíng,V,7-9,3-2,3-2,,False,https://forvo.com/word/改名/#zh
L7-1240,改日,改日,gǎirì,Adv,7-9,3-4,3-4,,False,https://forvo.com/word/改日/#zh
L7-1241,改为,改為,gǎiwéi,,7-9,3-2,3-2,,False,https://forvo.com/word/改为/#zh
L7-1242,改邪归正,改邪歸正,gǎixié-guīzhèng,,7-9,3-2-1-4,3-2-1-4,,False,https://forvo.com/word/改邪归正/#zh
L7-1243,钙,鈣,gài,N,7-9,4,4,,False,https://forvo.com/word/钙/#zh
L7-1244,盖子,蓋子,gàizi,N,7-9,4-N,4-N,neutral_tone,False,https://forvo.com/word/盖子/#zh
L7-1245,概况,概況,gàikuàng,N,7-9,4-4,4-4,,False,https://forvo.com/word/概况/#zh
L7-1246,概率,概率,gàilǜ,N,7-9,4-4,4-4,,False,https://forvo.com/word/概率/#zh
L7-1247,概论,概論,gàilùn,N,7-9,4-4,4-4,,False,https://forvo.com/word/概论/#zh
L7-1248,干戈,干戈,gāngē,N,7-9,1-1,1-1,,False,https://forvo.com/word/干戈/#zh
L7-1249,干旱,乾旱,gānhàn,Adj,7-9,1-4,1-4,,False,https://forvo.com/word/干旱/#zh
L7-1250,干燥,乾燥,gānzào,Adj,7-9,1-4,1-4,,False,https://forvo.com/word/干燥/#zh
L7-1251,甘心,甘心,gānxīn,V,7-9,1-1,1-1,,False,https://forvo.com/word/甘心/#zh
L7-1252,肝脏,肝臟,gānzàng,N,7-9,1-4,1-4,,False,https://forvo.com/word/肝脏/#zh
L7-1253,尴尬,尷尬,gāngà,Adj,7-9,1-4,1-4,,False,https://forvo.com/word/尴尬/#zh
L7-1254,赶赴,趕赴,gǎnfù,V,7-9,3-4,3-4,,False,https://forvo.com/word/赶赴/#zh
L7-1255,赶往,趕往,gǎnwǎng,,7-9,3-3,2-3,third_tone_sandhi,False,https://forvo.com/word/赶往/#zh
L7-1256,敢情,敢情,gǎnqing,Adv,7-9,3-N,3-N,neutral_tone,False,https://forvo.com/word/敢情/#zh
L7-1257,感（责任感）,感（責任感）,gǎn (zérèngǎn),Suffix,7-9,3,3,,False,https://forvo.com/word/感（责任感）/#zh
L7-1258,感触,感觸,gǎnchù,N,7-9,3-4,3-4,,False,https://forvo.com/word/感触/#zh
L7-1259,感恩,感恩,gǎn'ēn,,7-9,3-1,3-1,,False,https://forvo.com/word/感恩/#zh
L7-1260,感激,感激,gǎnjī,V,7-9,3-1,3-1,,False,https://forvo.com/word/感激/#zh
L7-1261,感慨,感慨,gǎnkǎi,V,7-9,3-3,2-3,third_tone_sandhi,False,https://forvo.com/word/感慨/#zh
L7-1262,感染,感染,gǎnrǎn,V,7-9,3-3,2-3,third_tone_sandhi,False,https://forvo.com/word/感染/#zh
L7-1263,感染力,感染力,gǎnrǎnlì,N,7-9,3-3-4,2-3-4,third_tone_sandhi,False,https://forvo.com/word/感染力/#zh
L7-1264,感叹,感嘆,gǎntàn,V,7-9,3-4,3-4,,False,https://forvo.com/word/感叹/#zh
L7-1265,感性,感性,gǎnxìng,Adj,7-9,3-4,3-4,,False,https://forvo.com/word/感性/#zh
L7-1266,干部,幹部,gànbù,N,7-9,4-4,4-4,,False,https://forvo.com/word/干部/#zh
L7-1267,干事,幹事,gànshi,N,7-9,4-N,4-N,neutral_tone,False,https://forvo.com/word/干事/#zh
L7-1268,刚毅,剛毅,gāngyì,Adj,7-9,1-4,1-4,,False,https://forvo.com/word/刚毅/#zh
L7-1269,纲领,綱領,gānglǐng,N,7-9,1-3,1-3,,False,https://forvo.com/word/纲领/#zh
L7-1270,纲要,綱要,gāngyào,N,7-9,1-4,1-4,,False,https://forvo.com/word/纲要/#zh
L7-1271,钢,鋼,gāng,N,7-9,1,1,,False,https://forvo.com/word/钢/#zh
L7-1272,缸,缸,gāng,N,7-9,1,1,,False,https://forvo.com/word/缸/#zh
L7-1273,港,港,gǎng,N,7-9,3,3,,False,https://forvo.com/word/港/#zh
L7-1274,杠铃,槓鈴,gànglíng,N,7-9,4-2,4-2,,False,https://forvo.com/word/杠铃/#zh
L7-1275,高昂,高昂,gāo'áng,V/Adj,7-9,1-2,1-2,,False,https://forvo.com/word/高昂/#zh
L7-1276,高傲,高傲,gāo'ào,Adj,7-9,1-4,1-4,,False,https://forvo.com/word/高傲/#zh
L7-1277,高超,高超,gāochāo,Adj,7-9,1-1,1-1,,False,https://forvo.com/word/高超/#zh
L7-1278,高低,高低,gāodī,N,7-9,1-1,1-1,,False,https://forvo.com/word/高低/#zh
L7-1279,高调,高調,gāodiào,N,7-9,1-4,1-4,,False,https://forvo.com/word/高调/#zh
L7-1280,高额,高額,gāo'é,Adj,7-9,1-2,1-2,,False,https://forvo.com/word/高额/#zh
L7-1281,高尔夫球,高爾夫球,gāo'ěrfūqiú,N,7-9,1-3-1-2,1-3-1-2,,False,https://forvo.com/word/高尔夫球/#zh
L7-1282,高峰期,高峰期,gāofēngqī,N,7-9,1-1-1,1-1-1,,False,https://forvo.com/word/高峰期/#zh
L7-1283,高贵,高貴,gāoguì,Adj,7-9,1-4,1-4,,False,https://forvo.com/word/高贵/#zh
L7-1284,高空,高空,gāokōng,N,7-9,1-1,1-1,,False,https://forvo.com/word/高空/#zh
L7-1285,高龄,高齡,gāolíng,N/Adj,7-9,1-2,1-2,,False,https://forvo.com/word/高龄/#zh
L7-1286,高明,高明,gāomíng,Adj,7-9,1-2,1-2,,False,https://forvo.com/word/高明/#zh
L7-1287,高山,高山,gāoshān,N,7-9,1-1,1-1,,False,https://forvo.com/word/高山/#zh
L7-1288,高效,高效,gāoxiào,Adj,7-9,1-4,1-4,,False,https://forvo.com/word/高效/#zh
L7-1289,高新技术,高新技術,gāoxīn-jìshù,,7-9,1-1-4-4,1-1-4-4,,False,https://forvo.com/word/高新技术/#zh
L7-1290,高血压,高血壓,gāoxuèyā,N,7-9,1-4-1,1-4-1,,False,https://forvo.com/word/高血压/#zh
L7-1291,高压,高壓,gāoyā,N,7-9,1-1,1-1,,False,https://forvo.com/word/高压/#zh
L7-1292,高雅,高雅,gāoyǎ,Adj,7-9,1-3,1-3,,False,https://forvo.com/word/高雅/#zh
L7-1293,高涨,高漲,gāozhǎng,V/Adj,7-9,1-3,1-3,,False,https://forvo.com/word/高涨/#zh
L7-1294,搞鬼,搞鬼,gǎoguǐ,,7-9,3-3,2-3,third_tone_sandhi,False,https://forvo.com/word/搞鬼/#zh
L7-1295,搞笑,搞笑,gǎoxiào,V,7-9,3-4,3-4,,False,https://forvo.com/word/搞笑/#zh
L7-1296,告,告,gào,V,7-9,4,4,,False,https://forvo.com/word/告/#zh
L7-1297,告辞,告辭,gàocí,V,7-9,4-2,4-2,,False,https://forvo.com/word/告辞/#zh
L7-1298,告诫,告誡,gàojiè,V,7-9,4-4,4-4,,False,https://forvo.com/word/告诫/#zh
L7-1299,告示,告示,gàoshi,N,7-9,4-N,4-N,neutral_tone,False,https://forvo.com/word/告示/#zh
L7-1300,告知,告知,gàozhī,V,7-9,4-1,4-1,,False,https://forvo.com/word/告知/#zh
L7-1301,告状,告狀,gàozhuàng,,7-9,4-4,4-4,,False,https://forvo.com/word/告状/#zh
L7-1302,戈壁,戈壁,gēbì,N,7-9,1-4,1-4,,False,https://forvo.com/word/戈壁/#zh
L7-1303,胳膊,胳膊,gēbo,N,7-9,1-N,1-N,neutral_tone,False,https://forvo.com/word/胳膊/#zh
L7-1304,鸽子,鴿子,gēzi,N,7-9,1-N,1-N,neutral_tone,False,https://forvo.com/word/鸽子/#zh
L7-1305,搁,擱,gē,V,7-9,1,1,,False,https://forvo.com/word/搁/#zh
L7-1306,搁浅,擱淺,gēqiǎn,,7-9,1-3,1-3,,False,https://forvo.com/word/搁浅/#zh
L7-1307,搁置,擱置,gēzhì,V,7-9,1-4,1-4,,False,https://forvo.com/word/搁置/#zh
L7-1308,割,割,gē,V,7-9,1,1,,False,https://forvo.com/word/割/#zh
L7-1309,歌剧,歌劇,gējù,N,7-9,1-4,1-4,,False,https://forvo.com/word/歌剧/#zh
L7-1310,歌颂,歌頌,gēsòng,V,7-9,1-4,1-4,,False,https://forvo.com/word/歌颂/#zh
L7-1311,歌舞,歌舞,gēwǔ,N,7-9,1-3,1-3,,False,https://forvo.com/word/歌舞/#zh
L7-1312,歌咏,歌詠,gēyǒng,V,7-9,1-3,1-3,,False,https://forvo.com/word/歌咏/#zh
L7-1313,革命,革命,gémìng,V/Adj,7-9,2-4,2-4,,False,https://forvo.com/word/革命/#zh
L7-1314,格,格,gé,N,7-9,2,2,,False,https://forvo.com/word/格/#zh
L7-1315,格格不入,格格不入,gégé-bùrù,,7-9,2-2-4-4,2-2-2-4,bu_before_t4,False,https://forvo.com/word/格格不入/#zh
L7-1316,格局,格局,géjú,N,7-9,2-2,2-2,,False,https://forvo.com/word/格局/#zh
L7-1317,格式,格式,géshi,N,7-9,2-4,2-4,,False,https://forvo.com/word/格式/#zh
L7-1318,隔阂,隔閡,géhé,N,7-9,2-2,2-2,,False,https://forvo.com/word/隔阂/#zh
L7-1319,隔离,隔離,gélí,V,7-9,2-2,2-2,,False,https://forvo.com/word/隔离/#zh
L7-1320,个案,個案,gè'àn,N,7-9,4-4,4-4,,False,https://forvo.com/word/个案/#zh
L7-1321,个头儿,個頭兒,gètóur,N,7-9,4-2-N,4-2-N,neutral_tone,False,https://forvo.com/word/个头儿/#zh
L7-1322,各奔前程,各奔前程,gèbènqiánchéng,,7-9,4-4-2-2,4-4-2-2,,False,https://forvo.com/word/各奔前程/#zh
L7-1323,各式各样,各式各樣,gèshì-gèyàng,,7-9,4-4-4-4,4-4-4-4,,False,https://forvo.com/word/各式各样/#zh
L7-1324,根基,根基,gēnjī,N,7-9,1-1,1-1,,False,https://forvo.com/word/根基/#zh
L7-1325,根深蒂固,根深蒂固,gēnshēn-dìgù,,7-9,1-1-4-4,1-1-4-4,,False,https://forvo.com/word/根深蒂固/#zh
L7-1326,根源,根源,gēnyuán,N,7-9,1-2,1-2,,False,https://forvo.com/word/根源/#zh
L7-1327,根治,根治,gēnzhì,V,7-9,1-4,1-4,,False,https://forvo.com/word/根治/#zh
L7-1328,跟不上,跟不上,gēn bu shàng,,7-9,1-N-4,1-N-4,neutral_tone,False,https://forvo.com/word/跟不上/#zh
L7-1329,跟上,跟上,gēnshang,,7-9,1-4,1-4,,False,https://forvo.com/word/跟上/#zh
L7-1330,跟踪,跟蹤,gēnzōng,V,7-9,1-1,1-1,,False,https://forvo.com/word/跟踪/#zh
L7-1331,更改,更改,gēnggǎi,V,7-9,1-3,1-3,,False,https://forvo.com/word/更改/#zh
L7-1332,更衣室,更衣室,gēngyīshì,N,7-9,1-1-4,1-1-4,,False,https://forvo.com/word/更衣室/#zh
L7-1333,耕地,耕地,gēngdì,N,7-9,1-4,1-4,,False,https://forvo.com/word/耕地/#zh
L7-1334,耿直,耿直,gěngzhí,Adj,7-9,3-2,3-2,,False,https://forvo.com/word/耿直/#zh
L7-1335,工地,工地,gōngdì,N,7-9,1-4,1-4,,False,https://forvo.com/word/工地/#zh
L7-1336,工会,工會,gōnghuì,N,7-9,1-4,1-4,,False,https://forvo.com/word/工会/#zh
L7-1337,工科,工科,gōngkē,N,7-9,1-1,1-1,,False,https://forvo.com/word/工科/#zh
L7-1338,工商界,工商界,gōngshāngjiè,N,7-9,1-1-4,1-1-4,,False,https://forvo.com/word/工商界/#zh
L7-1339,工序,工序,gōngxù,N,7-9,1-4,1-4,,False,https://forvo.com/word/工序/#zh
L7-1340,工整,工整,gōngzhěng,Adj,7-9,1-3,1-3,,False,https://forvo.com/word/工整/#zh
L7-1341,工作量,工作量,gōngzuòliàng,N,7-9,1-4-4,1-4-4,,False,https://forvo.com/word/工作量/#zh
L7-1342,弓,弓,gōng,N,7-9,1,1,,False,https://forvo.com/word/弓/#zh
L7-1343,公安局,公安局,gōng'ānjú,N,7-9,1-1-2,1-1-2,,False,https://forvo.com/word/公安局/#zh
L7-1344,公车,公車,gōngchē,N,7-9,1-1,1-1,,False,https://forvo.com/word/公车/#zh
L7-1345,公道,公道,gōngdao,Adj,7-9,1-N,1-N,neutral_tone,False,https://forvo.com/word/公道/#zh
L7-1346,公费,公費,gōngfèi,N,7-9,1-4,1-4,,False,https://forvo.com/word/公费/#zh
L7-1347,公共场所,公共場所,gōnggòng chǎngsuǒ,,7-9,1-4-3-3,1-4-2-3,third_tone_sandhi,False,https://forvo.com/word/公共场所/#zh
L7-1348,公关,公關,gōngguān,N,7-9,1-1,1-1,,False,https://forvo.com/word/公关/#zh
L7-1349,公函,公函,gōnghán,N,7-9,1-2,1-2,,False,https://forvo.com/word/公函/#zh
L7-1350,公积金,公積金,gōngjījīn,N,7-9,1-1-1,1-1-1,,False,https://forvo.com/word/公积金/#zh
L7-1351,公开信,公開信,gōngkāixìn,N,7-9,1-1-4,1-1-4,,False,https://forvo.com/word/公开信/#zh
L7-1352,公款,公款,gōngkuǎn,N,7-9,1-3,1-3,,False,https://forvo.com/word/公款/#zh
L7-1353,公立,公立,gōnglì,Adj,7-9,1-4,1-4,,False,https://forvo.com/word/公立/#zh
L7-1354,公墓,公墓,gōngmù,N,7-9,1-4,1-4,,False,https://forvo.com/word/公墓/#zh
L7-1355,公仆,公僕,gōngpú,N,7-9,1-2,1-2,,False,https://forvo.com/word/公仆/#zh
L7-1356,公顷,公頃,gōngqǐng,M,7-9,1-3,1-3,,False,https://forvo.com/word/公顷/#zh
L7-1357,公然,公然,gōngrán,Adv,7-9,1-2,1-2,,False,https://forvo.com/word/公然/#zh
L7-1358,公示,公示,gōngshì,V,7-9,1-4,1-4,,False,https://forvo.com/word/公示/#zh
L7-1359,公事,公事,gōngshì,N,7-9,1-4,1-4,,False,https://forvo.com/word/公事/#zh
L7-1360,公务,公務,gōngwù,N,7-9,1-4,1-4,,False,https://forvo.com/word/公务/#zh
L7-1361,公益,公益,gōngyì,N,7-9,1-4,1-4,,False,https://forvo.com/word/公益/#zh
L7-1362,公益性,公益性,gōngyìxìng,N,7-9,1-4-4,1-4-4,,False,https://forvo.com/word/公益性/#zh
L7-1363,公用,公用,gōngyòng,V,7-9,1-4,1-4,,False,https://forvo.com/word/公用/#zh
L7-1364,公寓,公寓,gōngyù,N,7-9,1-4,1-4,,False,https://forvo.com/word/公寓/#zh
L7-1365,公约,公約,gōngyuē,N,7-9,1-1,1-1,,False,https://forvo.com/word/公约/#zh
L7-1366,公证,公證,gōngzhèng,V,7-9,1-4,1-4,,False,https://forvo.com/word/公证/#zh
L7-1367,公职,公職,gōngzhí,N,7-9,1-2,1-2,,False,https://forvo.com/word/公职/#zh
L7-1368,功,功,gōng,N,7-9,1,1,,False,https://forvo.com/word/功/#zh
L7-1369,功臣,功臣,gōngchén,N,7-9,1-2,1-2,,False,https://forvo.com/word/功臣/#zh
L7-1370,功底,功底,gōngdǐ,N,7-9,1-3,1-3,,False,https://forvo.com/word/功底/#zh
L7-1371,功劳,功勞,gōngláo,N,7-9,1-2,1-2,,False,https://forvo.com/word/功劳/#zh
L7-1372,功力,功力,gōnglì,N,7-9,1-4,1-4,,False,https://forvo.com/word/功力/#zh
L7-1373,功率,功率,gōnglǜ,N,7-9,1-4,1-4,,False,https://forvo.com/word/功率/#zh
L7-1374,功效,功效,gōngxiào,N,7-9,1-4,1-4,,False,https://forvo.com/word/功效/#zh
L7-1375,攻,攻,gōng,V,7-9,1,1,,False,https://forvo.com/word/攻/#zh
L7-1376,攻读,攻讀,gōngdú,V,7-9,1-2,1-2,,False,https://forvo.com/word/攻读/#zh
L7-1377,攻关,攻關,gōngguān,V,7-9,1-1,1-1,,False,https://forvo.com/word/攻关/#zh
L7-1378,供,供,gōng,V,7-9,1,1,,False,https://forvo.com/word/供/#zh
L7-1379,供不应求,供不應求,gōngbùyìngqiú,,7-9,1-4-4-2,1-2-4-2,bu_before_t4,False,https://forvo.com/word/供不应求/#zh
L7-1380,供暖,供暖,gōngnuǎn,V,7-9,1-3,1-3,,False,https://forvo.com/word/供暖/#zh
L7-1381,供求,供求,gōngqiú,N,7-9,1-2,1-2,,False,https://forvo.com/word/供求/#zh
L7-1382,宫殿,宮殿,gōngdiàn,N,7-9,1-4,1-4,,False,https://forvo.com/word/宫殿/#zh
L7-1383,宫廷,宮廷,gōngtíng,N,7-9,1-2,1-2,,False,https://forvo.com/word/宫廷/#zh
L7-1384,恭维,恭維,gōngwéi,V,7-9,1-N,1-N,neutral_tone,False,https://forvo.com/word/恭维/#zh
L7-1385,恭喜,恭喜,gōngxǐ,V,7-9,1-3,1-3,,False,https://forvo.com/word/恭喜/#zh
L7-1386,拱,拱,gǒng,V,7-9,3,3,,False,https://forvo.com/word/拱/#zh
L7-1387,共鸣,共鳴,gòngmíng,V,7-9,4-2,4-2,,False,https://forvo.com/word/共鸣/#zh
L7-1388,共识,共識,gòngshí,N,7-9,4-2,4-2,,False,https://forvo.com/word/共识/#zh
L7-1389,共同体,共同體,gòngtóngtǐ,N,7-9,4-2-3,4-2-3,,False,https://forvo.com/word/共同体/#zh
L7-1390,共性,共性,gòngxìng,N,7-9,4-4,4-4,,False,https://forvo.com/word/共性/#zh
L7-1391,供奉,供奉,gòngfèng,V/N,7-9,4-4,4-4,,False,https://forvo.com/word/供奉/#zh
L7-1392,勾,勾,gōu,V,7-9,1,1,,False,https://forvo.com/word/勾/#zh
L7-1393,勾画,勾畫,gōuhuà,V,7-9,1-4,1-4,,False,https://forvo.com/word/勾画/#zh
L7-1394,勾结,勾結,gōujié,V,7-9,1-2,1-2,,False,https://forvo.com/word/勾结/#zh
L7-1395,钩,鉤,gōu,V,7-9,1,1,,False,https://forvo.com/word/钩/#zh
L7-1396,钩子,鉤子,gōuzi,N,7-9,1-N,1-N,neutral_tone,False,https://forvo.com/word/钩子/#zh
L7-1397,构思,構思,gòusī,V,7-9,4-1,4-1,,False,https://forvo.com/word/构思/#zh
L7-1398,构想,構想,gòuxiǎng,V/N,7-9,4-3,4-3,,False,https://forvo.com/word/构想/#zh
L7-1399,购,購,gòu,V,7-9,4,4,,False,https://forvo.com/word/购/#zh
L7-1400,够呛,夠嗆,gòuqiàng,Adj,7-9,4-4,4-4,,False,https://forvo.com/word/够呛/#zh
L7-1401,估算,估算,gūsuàn,V,7-9,1-4,1-4,,False,https://forvo.com/word/估算/#zh
L7-1402,沽名钓誉,沽名釣譽,gūmíng-diàoyù,,7-9,1-2-4-4,1-2-4-4,,False,https://forvo.com/word/沽名钓誉/#zh
L7-1403,孤单,孤單,gūdān,Adj,7-9,1-1,1-1,,False,https://forvo.com/word/孤单/#zh
L7-1404,孤立,孤立,gūlì,Adj/V,7-9,1-4,1-4,,False,https://forvo.com/word/孤立/#zh
L7-1405,孤零零,孤零零,gūlínglíng,Adj,7-9,1-2-2,1-2-2,,False,https://forvo.com/word/孤零零/#zh
L7-1406,孤陋寡闻,孤陋寡聞,gūlòu-guǎwén,,7-9,1-4-3-2,1-4-3-2,,False,https://forvo.com/word/孤陋寡闻/#zh
L7-1407,辜负,辜負,gūfù,V,7-9,1-4,1-4,,False,https://forvo.com/word/辜负/#zh
L7-1408,古董,古董,gǔdǒng,N,7-9,3-3,2-3,third_tone_sandhi,False,https://forvo.com/word/古董/#zh
L7-1409,古怪,古怪,gǔguài,Adj,7-9,3-4,3-4,,False,https://forvo.com/word/古怪/#zh
L7-1410,古迹,古蹟,gǔjì,N,7-9,3-4,3-4,,False,https://forvo.com/word/古迹/#zh
L7-1411,古今中外,古今中外,gǔjīn-zhōngwài,,7-9,3-1-1-4,3-1-1-4,,False,https://forvo.com/word/古今中外/#zh
L7-1412,古朴,古樸,gǔpǔ,Adj,7-9,3-3,2-3,third_tone_sandhi,False,https://forvo.com/word/古朴/#zh
L7-1413,古人,古人,gǔrén,N,7-9,3-2,3-2,,False,https://forvo.com/word/古人/#zh
L7-1414,股份,股份,gǔfèn,N,7-9,3-4,3-4,,False,https://forvo.com/word/股份/#zh
L7-1415,股民,股民,gǔmín,N,7-9,3-2,3-2,,False,https://forvo.com/word/股民/#zh
L7-1416,股市,股市,gǔshì,N,7-9,3-4,3-4,,False,https://forvo.com/word/股市/#zh
L7-1417,骨干,骨幹,gǔgàn,N,7-9,3-4,3-4,,False,https://forvo.com/word/骨干/#zh
L7-1418,骨气,骨氣,gǔqì,N,7-9,3-4,3-4,,False,https://forvo.com/word/骨气/#zh
L7-1419,骨折,骨折,gǔzhé,V,7-9,3-2,3-2,,False,https://forvo.com/word/骨折/#zh
L7-1420,鼓动,鼓動,gǔdòng,V,7-9,3-4,3-4,,False,https://forvo.com/word/鼓动/#zh
L7-1421,鼓舞,鼓舞,gǔwǔ,V/Adj,7-9,3-3,2-3,third_tone_sandhi,False,https://forvo.com/word/鼓舞/#zh
L7-1422,固然,固然,gùrán,Conj,7-9,4-2,4-2,,False,https://forvo.com/word/固然/#zh
L7-1423,固执,固執,gùzhi,Adj,7-9,4-2,4-2,,False,https://forvo.com/word/固执/#zh
L7-1424,故,故,gù,Adv/Conj,7-9,4,4,,False,https://forvo.com/word/故/#zh
L7-1425,顾不得,顧不得,gùbu dé,,7-9,4-N-N,4-N-N,neutral_tone,False,https://forvo.com/word/顾不得/#zh
L7-1426,顾不上,顧不上,gùbushàng,,7-9,4-N-4,4-N-4,neutral_tone,False,https://forvo.com/word/顾不上/#zh
L7-1427,顾及,顧及,gùjí,V,7-9,4-2,4-2,,False,https://forvo.com/word/顾及/#zh
L7-1428,顾虑,顧慮,gùlǜ,N/V,7-9,4-4,4-4,,False,https://forvo.com/word/顾虑/#zh
L7-1429,顾全大局,顧全大局,gùquán-dàjú,,7-9,4-2-4-2,4-2-4-2,,False,https://forvo.com/word/顾全大局/#zh
L7-1430,雇,雇,gù,V,7-9,4,4,,False,https://forvo.com/word/雇/#zh
L7-1431,雇佣,雇傭,gùyōng,V,7-9,4-1,4-1,,False,https://forvo.com/word/雇佣/#zh
L7-1432,雇员,雇員,gùyuán,N,7-9,4-2,4-2,,False,https://forvo.com/word/雇员/#zh
L7-1433,雇主,雇主,gùzhǔ,N,7-9,4-3,4-3,,False,https://forvo.com/word/雇主/#zh
L7-1434,瓜分,瓜分,guāfēn,V,7-9,1-1,1-1,,False,https://forvo.com/word/瓜分/#zh
L7-1435,瓜子,瓜子,guāzǐ,N,7-9,1-3,1-3,,False,https://forvo.com/word/瓜子/#zh
L7-1436,刮风,颳風,guā fēng,,7-9,1-1,1-1,,False,https://forvo.com/word/刮风/#zh
L7-1437,寡妇,寡婦,guǎfu,N,7-9,3-N,3-N,neutral_tone,False,https://forvo.com/word/寡妇/#zh
L7-1438,挂钩,掛鉤,guàgōu,N,7-9,4-1,4-1,,False,https://forvo.com/word/挂钩/#zh
L7-1439,挂号,掛號,guàhào,,7-9,4-4,4-4,,False,https://forvo.com/word/挂号/#zh
L7-1440,挂念,掛念,guàniàn,V,7-9,4-4,4-4,,False,https://forvo.com/word/挂念/#zh
L7-1441,挂失,掛失,guàshī,,7-9,4-1,4-1,,False,https://forvo.com/word/挂失/#zh
L7-1442,乖,乖,guāi,Adj,7-9,1,1,,False,https://forvo.com/word/乖/#zh
L7-1443,乖巧,乖巧,guāiqiǎo,Adj,7-9,1-3,1-3,,False,https://forvo.com/word/乖巧/#zh
L7-1444,拐弯,拐彎,guǎiwān,,7-9,3-1,3-1,,False,https://forvo.com/word/拐弯/#zh
L7-1445,拐杖,拐杖,guǎizhàng,N,7-9,3-4,3-4,,False,https://forvo.com/word/拐杖/#zh
L7-1446,怪不得,怪不得,guàibude,Adv/V,7-9,4-N-N,4-N-N,neutral_tone,False,https://forvo.com/word/怪不得/#zh
L7-1447,怪物,怪物,guàiwu,N,7-9,4-N,4-N,neutral_tone,False,https://forvo.com/word/怪物/#zh
L7-1448,怪异,怪異,guàiyì,Adj,7-9,4-4,4-4,,False,https://forvo.com/word/怪异/#zh
L7-1449,关掉,關掉,guāndiào,,7-9,1-4,1-4,,False,https://forvo.com/word/关掉/#zh
L7-1450,关节,關節,guānjié,N,7-9,1-2,1-2,,False,https://forvo.com/word/关节/#zh
L7-1451,关税,關稅,guānshuì,N,7-9,1-4,1-4,,False,https://forvo.com/word/关税/#zh
L7-1452,关头,關頭,guāntóu,N,7-9,1-2,1-2,,False,https://forvo.com/word/关头/#zh
L7-1453,关照,關照,guānzhào,V,7-9,1-4,1-4,,False,https://forvo.com/word/关照/#zh
L7-1454,观测,觀測,guāncè,V,7-9,1-4,1-4,,False,https://forvo.com/word/观测/#zh
L7-1455,观感,觀感,guāngǎn,N,7-9,1-3,1-3,,False,https://forvo.com/word/观感/#zh
L7-1456,观摩,觀摩,guānmó,V,7-9,1-2,1-2,,False,https://forvo.com/word/观摩/#zh
L7-1457,观赏,觀賞,guānshǎng,V,7-9,1-3,1-3,,False,https://forvo.com/word/观赏/#zh
L7-1458,观望,觀望,guānwàng,V,7-9,1-4,1-4,,False,https://forvo.com/word/观望/#zh
L7-1459,官兵,官兵,guānbīng,N,7-9,1-1,1-1,,False,https://forvo.com/word/官兵/#zh
L7-1460,官吏,官吏,guānlì,N,7-9,1-4,1-4,,False,https://forvo.com/word/官吏/#zh
L7-1461,官僚,官僚,guānliáo,N,7-9,1-2,1-2,,False,https://forvo.com/word/官僚/#zh
L7-1462,官僚主义,官僚主義,guānliáo zhǔyì,,7-9,1-2-3-4,1-2-3-4,,False,https://forvo.com/word/官僚主义/#zh
L7-1463,官员,官員,guānyuán,N,7-9,1-2,1-2,,False,https://forvo.com/word/官员/#zh
L7-1464,棺材,棺材,guāncai,N,7-9,1-N,1-N,neutral_tone,False,https://forvo.com/word/棺材/#zh
L7-1465,管家,管家,guǎnjiā,N,7-9,3-1,3-1,,False,https://forvo.com/word/管家/#zh
L7-1466,管教,管教,guǎnjiào,V/N,7-9,3-4,3-4,,False,https://forvo.com/word/管教/#zh
L7-1467,管理费,管理費,guǎnlǐfèi,N,7-9,3-3-4,2-3-4,third_tone_sandhi,False,https://forvo.com/word/管理费/#zh
L7-1468,管辖,管轄,guǎnxiá,V,7-9,3-2,3-2,,False,https://forvo.com/word/管辖/#zh
L7-1469,管用,管用,guǎnyòng,,7-9,3-4,3-4,,False,https://forvo.com/word/管用/#zh
L7-1470,管子,管子,guǎnzi,N,7-9,3-N,3-N,neutral_tone,False,https://forvo.com/word/管子/#zh
L7-1471,贯彻,貫徹,guànchè,V,7-9,4-4,4-4,,False,https://forvo.com/word/贯彻/#zh
L7-1472,贯穿,貫穿,guànchuān,V,7-9,4-1,4-1,,False,https://forvo.com/word/贯穿/#zh
L7-1473,贯通,貫通,guàntōng,V,7-9,4-1,4-1,,False,https://forvo.com/word/贯通/#zh
L7-1474,惯,慣,guàn,V,7-9,4,4,,False,https://forvo.com/word/惯/#zh
L7-1475,惯例,慣例,guànlì,N,7-9,4-4,4-4,,False,https://forvo.com/word/惯例/#zh
L7-1476,惯性,慣性,guànxìng,N,7-9,4-4,4-4,,False,https://forvo.com/word/惯性/#zh
L7-1477,灌,灌,guàn,V,7-9,4,4,,False,https://forvo.com/word/灌/#zh
L7-1478,灌溉,灌溉,guàngài,V,7-9,4-4,4-4,,False,https://forvo.com/word/灌溉/#zh
L7-1479,灌输,灌輸,guànshū,V,7-9,4-1,4-1,,False,https://forvo.com/word/灌输/#zh
L7-1480,罐,罐,guàn,N,7-9,4,4,,False,https://forvo.com/word/罐/#zh
L7-1481,罐头,罐頭,guàntou,N,7-9,4-N,4-N,neutral_tone,False,https://forvo.com/word/罐头/#zh
L7-1482,光彩,光彩,guāngcǎi,N/Adj,7-9,1-3,1-3,,False,https://forvo.com/word/光彩/#zh
L7-1483,光碟,光碟,guāngdié,N,7-9,1-2,1-2,,False,https://forvo.com/word/光碟/#zh
L7-1484,光顾,光顧,guānggù,V,7-9,1-4,1-4,,False,https://forvo.com/word/光顾/#zh
L7-1485,光滑,光滑,guānghuá,Adj,7-9,1-2,1-2,,False,https://forvo.com/word/光滑/#zh
L7-1486,光环,光環,guānghuán,N,7-9,1-2,1-2,,False,https://forvo.com/word/光环/#zh
L7-1487,光缆,光纜,guānglǎn,N,7-9,1-3,1-3,,False,https://forvo.com/word/光缆/#zh
L7-1488,光芒,光芒,guāngmáng,N,7-9,1-2,1-2,,False,https://forvo.com/word/光芒/#zh
L7-1489,光明磊落,光明磊落,guāngmíng-lěiluò,,7-9,1-2-3-4,1-2-3-4,,False,https://forvo.com/word/光明磊落/#zh
L7-1490,光泽,光澤,guāngzé,N,7-9,1-2,1-2,,False,https://forvo.com/word/光泽/#zh
L7-1491,广义,廣義,guǎngyì,N,7-9,3-4,3-4,,False,https://forvo.com/word/广义/#zh
L7-1492,归根到底,歸根到底,guīgēn-dàodǐ,,7-9,1-1-4-3,1-1-4-3,,False,https://forvo.com/word/归根到底/#zh
L7-1493,归还,歸還,guīhuán,V,7-9,1-2,1-2,,False,https://forvo.com/word/归还/#zh
L7-1494,归结,歸結,guījié,V,7-9,1-2,1-2,,False,https://forvo.com/word/归结/#zh
L7-1495,归来,歸來,guīlái,V,7-9,1-2,1-2,,False,https://forvo.com/word/归来/#zh
L7-1496,归纳,歸納,guīnà,V,7-9,1-4,1-4,,False,https://forvo.com/word/归纳/#zh
L7-1497,归属,歸屬,guīshǔ,V,7-9,1-3,1-3,,False,https://forvo.com/word/归属/#zh
L7-1498,归宿,歸宿,guīsù,N,7-9,1-4,1-4,,False,https://forvo.com/word/归宿/#zh
L7-1499,龟,龜,guī,N,7-9,1,1,,False,https://forvo.com/word/龟/#zh
L7-1500,规格,規格,guīgé,N,7-9,1-2,1-2,,False,https://forvo.com/word/规格/#zh
L7-1501,规矩,規矩,guīju,N/Adj,7-9,1-N,1-N,neutral_tone,False,https://forvo.com/word/规矩/#zh
L7-1502,闺女,閨女,guīnü,N,7-9,1-N,1-N,neutral_tone,False,https://forvo.com/word/闺女/#zh
L7-1503,瑰宝,瑰寶,guībǎo,N,7-9,1-3,1-3,,False,https://forvo.com/word/瑰宝/#zh
L7-1504,轨迹,軌跡,guǐjì,N,7-9,3-4,3-4,,False,https://forvo.com/word/轨迹/#zh
L7-1505,柜台,櫃檯,guìtái,N,7-9,4-2,4-2,,False,https://forvo.com/word/柜台/#zh
L7-1506,贵宾,貴賓,guìbīn,N,7-9,4-1,4-1,,False,https://forvo.com/word/贵宾/#zh
L7-1507,贵重,貴重,guìzhòng,Adj,7-9,4-4,4-4,,False,https://forvo.com/word/贵重/#zh
L7-1508,贵族,貴族,guìzú,N,7-9,4-2,4-2,,False,https://forvo.com/word/贵族/#zh
L7-1509,桂花,桂花,guìhuā,N,7-9,4-1,4-1,,False,https://forvo.com/word/桂花/#zh
L7-1510,滚动,滾動,gǔndòng,V,7-9,3-4,3-4,,False,https://forvo.com/word/滚动/#zh
L7-1511,棍,棍,gùn,N,7-9,4,4,,False,https://forvo.com/word/棍/#zh
L7-1512,棍子,棍子,gùnzi,N,7-9,4-N,4-N,neutral_tone,False,https://forvo.com/word/棍子/#zh
L7-1513,国宝,國寶,guóbǎo,N,7-9,2-3,2-3,,False,https://forvo.com/word/国宝/#zh
L7-1514,国防,國防,guófáng,N,7-9,2-2,2-2,,False,https://forvo.com/word/国防/#zh
L7-1515,国画,國畫,guóhuà,N,7-9,2-4,2-4,,False,https://forvo.com/word/国画/#zh
L7-1516,国徽,國徽,guóhuī,N,7-9,2-1,2-1,,False,https://forvo.com/word/国徽/#zh
L7-1517,国情,國情,guóqíng,N,7-9,2-2,2-2,,False,https://forvo.com/word/国情/#zh
L7-1518,国土,國土,guótǔ,N,7-9,2-3,2-3,,False,https://forvo.com/word/国土/#zh
L7-1519,国学,國學,guóxué,N,7-9,2-2,2-2,,False,https://forvo.com/word/国学/#zh
L7-1520,国有,國有,guóyǒu,V,7-9,2-3,2-3,,False,https://forvo.com/word/国有/#zh
L7-1521,果断,果斷,guǒduàn,Adj,7-9,3-4,3-4,,False,https://forvo.com/word/果断/#zh
L7-1522,果园,果園,guǒyuán,N,7-9,3-2,3-2,,False,https://forvo.com/word/果园/#zh
L7-1523,果真,果真,guǒzhēn,Adv/Conj,7-9,3-1,3-1,,False,https://forvo.com/word/果真/#zh
L7-1524,裹,裹,guǒ,V,7-9,3,3,,False,https://forvo.com/word/裹/#zh
L7-1525,过半,過半,guòbàn,V,7-9,4-4,4-4,,False,https://forvo.com/word/过半/#zh
L7-1526,过不去,過不去,guòbuqù,V,7-9,4-N-4,4-N-4,neutral_tone,False,https://forvo.com/word/过不去/#zh
L7-1527,过错,過錯,guòcuò,N,7-9,4-4,4-4,,False,https://forvo.com/word/过错/#zh
L7-1528,过道,過道,guòdào,N,7-9,4-4,4-4,,False,https://forvo.com/word/过道/#zh
L7-1529,过关,過關,guòguān,,7-9,4-1,4-1,,False,https://forvo.com/word/过关/#zh
L7-1530,过奖,過獎,guòjiǎng,V,7-9,4-3,4-3,,False,https://forvo.com/word/过奖/#zh
L7-1531,过节,過節,guòjié,,7-9,4-2,4-2,,False,https://forvo.com/word/过节/#zh
L7-1532,过境,過境,guòjìng,,7-9,4-4,4-4,,False,https://forvo.com/word/过境/#zh
L7-1533,过滤,過濾,guòlǜ,V,7-9,4-4,4-4,,False,https://forvo.com/word/过滤/#zh
L7-1534,过期,過期,guòqī,,7-9,4-1,4-1,,False,https://forvo.com/word/过期/#zh
L7-1535,过日子,過日子,guò rìzi,,7-9,4-4-N,4-4-N,neutral_tone,False,https://forvo.com/word/过日子/#zh
L7-1536,过剩,過剩,guòshèng,V,7-9,4-4,4-4,,False,https://forvo.com/word/过剩/#zh
L7-1537,过失,過失,guòshī,N,7-9,4-1,4-1,,False,https://forvo.com/word/过失/#zh
L7-1538,过头,過頭,guòtóu,,7-9,4-2,4-2,,False,https://forvo.com/word/过头/#zh
L7-1539,过往,過往,guòwǎng,V/N,7-9,4-3,4-3,,False,https://forvo.com/word/过往/#zh
L7-1540,过意不去,過意不去,guòyìbùqù,,7-9,4-4-4-4,4-4-2-4,bu_before_t4,False,https://forvo.com/word/过意不去/#zh
L7-1541,过瘾,過癮,guòyǐn,,7-9,4-3,4-3,,False,https://forvo.com/word/过瘾/#zh
L7-1542,过硬,過硬,guòyìng,,7-9,4-4,4-4,,False,https://forvo.com/word/过硬/#zh
L7-1543,过早,過早,guò zǎo,,7-9,4-3,4-3,,False,https://forvo.com/word/过早/#zh
L7-1544,海岸,海岸,hǎi'àn,N,7-9,3-4,3-4,,False,https://forvo.com/word/海岸/#zh
L7-1545,海拔,海拔,hǎibá,N,7-9,3-2,3-2,,False,https://forvo.com/word/海拔/#zh
L7-1546,海滨,海濱,hǎibīn,N,7-9,3-1,3-1,,False,https://forvo.com/word/海滨/#zh
L7-1547,海盗,海盜,hǎidào,N,7-9,3-4,3-4,,False,https://forvo.com/word/海盗/#zh
L7-1548,海量,海量,hǎiliàng,N,7-9,3-4,3-4,,False,https://forvo.com/word/海量/#zh
L7-1549,海绵,海綿,hǎimián,N,7-9,3-2,3-2,,False,https://forvo.com/word/海绵/#zh
L7-1550,海面,海面,hǎimiàn,N,7-9,3-4,3-4,,False,https://forvo.com/word/海面/#zh
L7-1551,海内外,海內外,hǎi nèiwài,,7-9,3-4-4,3-4-4,,False,https://forvo.com/word/海内外/#zh
L7-1552,海滩,海灘,hǎitān,N,7-9,3-1,3-1,,False,https://forvo.com/word/海滩/#zh
L7-1553,海峡,海峽,hǎixiá,N,7-9,3-2,3-2,,False,https://forvo.com/word/海峡/#zh
L7-1554,海啸,海嘯,hǎixiào,N,7-9,3-4,3-4,,False,https://forvo.com/word/海啸/#zh
L7-1555,海域,海域,hǎiyù,N,7-9,3-4,3-4,,False,https://forvo.com/word/海域/#zh
L7-1556,海运,海運,hǎiyùn,V,7-9,3-4,3-4,,False,https://forvo.com/word/海运/#zh
L7-1557,海藻,海藻,hǎizǎo,N,7-9,3-3,2-3,third_tone_sandhi,False,https://forvo.com/word/海藻/#zh
L7-1558,骇人听闻,駭人聽聞,hàiréntīngwén,,7-9,4-2-1-2,4-2-1-2,,False,https://forvo.com/word/骇人听闻/#zh
L7-1559,害虫,害蟲,hàichóng,N,7-9,4-2,4-2,,False,https://forvo.com/word/害虫/#zh
L7-1560,害臊,害臊,hàisào,,7-9,4-4,4-4,,False,https://forvo.com/word/害臊/#zh
L7-1561,害羞,害羞,hàixiū,,7-9,4-1,4-1,,False,https://forvo.com/word/害羞/#zh
L7-1562,酣畅,酣暢,hānchàng,Adj,7-9,1-4,1-4,,False,https://forvo.com/word/酣畅/#zh
L7-1563,酣睡,酣睡,hānshuì,V,7-9,1-4,1-4,,False,https://forvo.com/word/酣睡/#zh
L7-1564,含糊,含糊,hánhu,Adj,7-9,2-N,2-N,neutral_tone,False,https://forvo.com/word/含糊/#zh
L7-1565,含蓄,含蓄,hánxù,V/Adj,7-9,2-4,2-4,,False,https://forvo.com/word/含蓄/#zh
L7-1566,函授,函授,hánshòu,V,7-9,2-4,2-4,,False,https://forvo.com/word/函授/#zh
L7-1567,涵盖,涵蓋,hángài,V,7-9,2-4,2-4,,False,https://forvo.com/word/涵盖/#zh
L7-1568,涵义,涵義,hányì,N,7-9,2-4,2-4,,False,https://forvo.com/word/涵义/#zh
L7-1569,罕见,罕見,hǎnjiàn,Adj,7-9,3-4,3-4,,False,https://forvo.com/word/罕见/#zh
L7-1570,汗水,汗水,hànshuǐ,N,7-9,4-3,4-3,,False,https://forvo.com/word/汗水/#zh
L7-1571,旱,旱,hàn,Adj,7-9,4,4,,False,https://forvo.com/word/旱/#zh
L7-1572,旱灾,旱災,hànzāi,N,7-9,4-1,4-1,,False,https://forvo.com/word/旱灾/#zh
L7-1573,捍卫,捍衛,hànwèi,V,7-9,4-4,4-4,,False,https://forvo.com/word/捍卫/#zh
L7-1574,焊,焊,hàn,V,7-9,4,4,,False,https://forvo.com/word/焊/#zh
L7-1575,行家,行家,hángjia,N,7-9,2-1,2-1,,False,https://forvo.com/word/行家/#zh
L7-1576,行列,行列,hángliè,N,7-9,2-4,2-4,,False,https://forvo.com/word/行列/#zh
L7-1577,行情,行情,hángqíng,N,7-9,2-2,2-2,,False,https://forvo.com/word/行情/#zh
L7-1578,航海,航海,hánghǎi,V,7-9,2-3,2-3,,False,https://forvo.com/word/航海/#zh
L7-1579,航天,航天,hángtiān,V,7-9,2-1,2-1,,False,https://forvo.com/word/航天/#zh
L7-1580,航天员,航天員,hángtiānyuán,N,7-9,2-1-2,2-1-2,,False,https://forvo.com/word/航天员/#zh
L7-1581,航行,航行,hángxíng,V,7-9,2-2,2-2,,False,https://forvo.com/word/航行/#zh
L7-1582,航运,航運,hángyùn,N,7-9,2-4,2-4,,False,https://forvo.com/word/航运/#zh
L7-1583,毫不,毫不,háo bù,,7-9,2-4,2-4,,False,https://forvo.com/word/毫不/#zh
L7-1584,毫不犹豫,毫不猶豫,háo bù yóuyù,,7-9,2-4-2-4,2-4-2-4,,False,https://forvo.com/word/毫不犹豫/#zh
L7-1585,毫无,毫無,háo wú,,7-9,2-2,2-2,,False,https://forvo.com/word/毫无/#zh
L7-1586,豪华,豪華,háohuá,Adj,7-9,2-2,2-2,,False,https://forvo.com/word/豪华/#zh
L7-1587,好比,好比,hǎobǐ,V,7-9,3-3,2-3,third_tone_sandhi,False,https://forvo.com/word/好比/#zh
L7-1588,好歹,好歹,hǎodǎi,N/Adv,7-9,3-3,2-3,third_tone_sandhi,False,https://forvo.com/word/好歹/#zh
L7-1589,好感,好感,hǎogǎn,N,7-9,3-3,2-3,third_tone_sandhi,False,https://forvo.com/word/好感/#zh
L7-1590,好坏,好壞,hǎohuài,N,7-9,3-4,3-4,,False,https://forvo.com/word/好坏/#zh
L7-1591,好家伙,好家伙,hǎojiāhuo,Intj,7-9,3-1-N,3-1-N,neutral_tone,False,https://forvo.com/word/好家伙/#zh
L7-1592,好评,好評,hǎopíng,N,7-9,3-2,3-2,,False,https://forvo.com/word/好评/#zh
L7-1593,好说,好說,hǎoshuō,V,7-9,3-1,3-1,,False,https://forvo.com/word/好说/#zh
L7-1594,好笑,好笑,hǎoxiào,Adj,7-9,3-4,3-4,,False,https://forvo.com/word/好笑/#zh
L7-1595,好心,好心,hǎoxīn,N,7-9,3-1,3-1,,False,https://forvo.com/word/好心/#zh
L7-1596,好心人,好心人,hǎoxīnrén,N,7-9,3-1-2,3-1-2,,False,https://forvo.com/word/好心人/#zh
L7-1597,好意,好意,hǎoyì,N,7-9,3-4,3-4,,False,https://forvo.com/word/好意/#zh
L7-1598,好在,好在,hǎozài,Adv,7-9,3-4,3-4,,False,https://forvo.com/word/好在/#zh
L7-1599,号称,號稱,hàochēng,V,7-9,4-1,4-1,,False,https://forvo.com/word/号称/#zh
L7-1600,好客,好客,hàokè,Adj,7-9,4-4,4-4,,False,https://forvo.com/word/好客/#zh
L7-1601,好奇心,好奇心,hàoqíxīn,N,7-9,4-2-1,4-2-1,,False,https://forvo.com/word/好奇心/#zh
L7-1602,耗,耗,hào,V,7-9,4,4,,False,https://forvo.com/word/耗/#zh
L7-1603,耗费,耗費,hàofèi,V,7-9,4-4,4-4,,False,https://forvo.com/word/耗费/#zh
L7-1604,耗时,耗時,hàoshí,V,7-9,4-2,4-2,,False,https://forvo.com/word/耗时/#zh
L7-1605,浩劫,浩劫,hàojié,N,7-9,4-2,4-2,,False,https://forvo.com/word/浩劫/#zh
L7-1606,呵护,呵護,hēhù,V,7-9,1-4,1-4,,False,https://forvo.com/word/呵护/#zh
L7-1607,禾苗,禾苗,hémiáo,N,7-9,2-2,2-2,,False,https://forvo.com/word/禾苗/#zh
L7-1608,合唱,合唱,héchàng,V,7-9,2-4,2-4,,False,https://forvo.com/word/合唱/#zh
L7-1609,合乎,合乎,héhū,V,7-9,2-1,2-1,,False,https://forvo.com/word/合乎/#zh
L7-1610,合伙,合伙,héhuǒ,V,7-9,2-3,2-3,,False,https://forvo.com/word/合伙/#zh
L7-1611,合计,合計,héjì,V,7-9,2-4,2-4,,False,https://forvo.com/word/合计/#zh
L7-1612,合情合理,合情合理,héqíng-hélǐ,,7-9,2-2-2-3,2-2-2-3,,False,https://forvo.com/word/合情合理/#zh
L7-1613,合影,合影,héyǐng,,7-9,2-3,2-3,,False,https://forvo.com/word/合影/#zh
L7-1614,合资,合資,hézī,V,7-9,2-1,2-1,,False,https://forvo.com/word/合资/#zh
L7-1615,合作社,合作社,hézuòshè,N,7-9,2-4-4,2-4-4,,False,https://forvo.com/word/合作社/#zh
L7-1616,何必,何必,hébì,Adv,7-9,2-4,2-4,,False,https://forvo.com/word/何必/#zh
L7-1617,何处,何處,hé chù,,7-9,2-4,2-4,,False,https://forvo.com/word/何处/#zh
L7-1618,何苦,何苦,hékǔ,Adv,7-9,2-3,2-3,,False,https://forvo.com/word/何苦/#zh
L7-1619,何况,何況,hékuàng,Conj,7-9,2-4,2-4,,False,https://forvo.com/word/何况/#zh
L7-1620,何时,何時,hé shí,,7-9,2-2,2-2,,False,https://forvo.com/word/何时/#zh
L7-1621,和蔼,和藹,hé'ǎi,Adj,7-9,2-3,2-3,,False,https://forvo.com/word/和蔼/#zh
L7-1622,和解,和解,héjiě,V,7-9,2-3,2-3,,False,https://forvo.com/word/和解/#zh
L7-1623,和睦,和睦,hémù,Adj,7-9,2-4,2-4,,False,https://forvo.com/word/和睦/#zh
L7-1624,和平共处,和平共處,hépíng gòngchǔ,,7-9,2-2-4-3,2-2-4-3,,False,https://forvo.com/word/和平共处/#zh
L7-1625,和气,和氣,héqi,Adj/N,7-9,2-N,2-N,neutral_tone,False,https://forvo.com/word/和气/#zh
L7-1626,和尚,和尚,héshang,N,7-9,2-N,2-N,neutral_tone,False,https://forvo.com/word/和尚/#zh
L7-1627,河流,河流,héliú,N,7-9,2-2,2-2,,False,https://forvo.com/word/河流/#zh
L7-1628,河畔,河畔,hépàn,N,7-9,2-4,2-4,,False,https://forvo.com/word/河畔/#zh
L7-1629,荷花,荷花,héhuā,N,7-9,2-1,2-1,,False,https://forvo.com/word/荷花/#zh
L7-1630,核,核,hé,N,7-9,2,2,,False,https://forvo.com/word/核/#zh
L7-1631,核电站,核電站,hédiànzhàn,N,7-9,2-4-4,2-4-4,,False,https://forvo.com/word/核电站/#zh
L7-1632,核对,核對,héduì,V,7-9,2-4,2-4,,False,https://forvo.com/word/核对/#zh
L7-1633,核能,核能,hénéng,N,7-9,2-2,2-2,,False,https://forvo.com/word/核能/#zh
L7-1634,核实,核實,héshí,V,7-9,2-2,2-2,,False,https://forvo.com/word/核实/#zh
L7-1635,核桃,核桃,hétao,N,7-9,2-N,2-N,neutral_tone,False,https://forvo.com/word/核桃/#zh
L7-1636,核武器,核武器,héwǔqì,N,7-9,2-3-4,2-3-4,,False,https://forvo.com/word/核武器/#zh
L7-1637,贺电,賀電,hèdiàn,N,7-9,4-4,4-4,,False,https://forvo.com/word/贺电/#zh
L7-1638,贺信,賀信,hèxìn,N,7-9,4-4,4-4,,False,https://forvo.com/word/贺信/#zh
L7-1639,喝彩,喝彩,hècǎi,,7-9,4-3,4-3,,False,https://forvo.com/word/喝彩/#zh
L7-1640,赫然,赫然,hèrán,Adj,7-9,4-2,4-2,,False,https://forvo.com/word/赫然/#zh
L7-1641,鹤立鸡群,鶴立雞群,hèlìjīqún,,7-9,4-4-1-2,4-4-1-2,,False,https://forvo.com/word/鹤立鸡群/#zh
L7-1642,黑白,黑白,hēibái,N,7-9,1-2,1-2,,False,https://forvo.com/word/黑白/#zh
L7-1643,黑客,黑客,hēikè,N,7-9,1-4,1-4,,False,https://forvo.com/word/黑客/#zh
L7-1644,黑马,黑馬,hēimǎ,N,7-9,1-3,1-3,,False,https://forvo.com/word/黑马/#zh
L7-1645,黑手,黑手,hēishǒu,N,7-9,1-3,1-3,,False,https://forvo.com/word/黑手/#zh
L7-1646,黑心,黑心,hēixīn,Adj/N,7-9,1-1,1-1,,False,https://forvo.com/word/黑心/#zh
L7-1647,嘿,嘿,hēi,Intj,7-9,1,1,,False,https://forvo.com/word/嘿/#zh
L7-1648,痕迹,痕跡,hénjì,N,7-9,2-4,2-4,,False,https://forvo.com/word/痕迹/#zh
L7-1649,恨不得,恨不得,hènbude,V,7-9,4-N-N,4-N-N,neutral_tone,False,https://forvo.com/word/恨不得/#zh
L7-1650,哼,哼,hēng,V,7-9,1,1,,False,https://forvo.com/word/哼/#zh
L7-1651,横七竖八,橫七豎八,héngqī-shùbā,,7-9,2-1-4-1,2-1-4-1,,False,https://forvo.com/word/横七竖八/#zh
L7-1652,横向,橫向,héngxiàng,Adj,7-9,2-4,2-4,,False,https://forvo.com/word/横向/#zh
L7-1653,横,橫,hèng,Adj,7-9,4,4,,False,https://forvo.com/word/横/#zh
L7-1654,轰,轟,hōng,V/Phonetic,7-9,1,1,,False,https://forvo.com/word/轰/#zh
L7-1655,轰动,轟動,hōngdòng,V,7-9,1-4,1-4,,False,https://forvo.com/word/轰动/#zh
L7-1656,轰炸,轟炸,hōngzhà,V,7-9,1-4,1-4,,False,https://forvo.com/word/轰炸/#zh
L7-1657,哄,哄,hōng,Phonetic,7-9,1,1,,False,https://forvo.com/word/哄/#zh
L7-1658,哄堂大笑,哄堂大笑,hōngtáng-dàxiào,,7-9,1-2-4-4,1-2-4-4,,False,https://forvo.com/word/哄堂大笑/#zh
L7-1659,烘干,烘乾,hōnggān,V,7-9,1-1,1-1,,False,https://forvo.com/word/烘干/#zh
L7-1660,烘托,烘托,hōngtuō,V,7-9,1-1,1-1,,False,https://forvo.com/word/烘托/#zh
L7-1661,弘扬,弘揚,hóngyáng,V,7-9,2-2,2-2,,False,https://forvo.com/word/弘扬/#zh
L7-1662,红灯,紅燈,hóngdēng,N,7-9,2-1,2-1,,False,https://forvo.com/word/红灯/#zh
L7-1663,红火,紅火,hónghuo,Adj,7-9,2-3,2-3,,False,https://forvo.com/word/红火/#zh
L7-1664,红扑扑,紅撲撲,hóngpūpū,Adj,7-9,2-1-1,2-1-1,,False,https://forvo.com/word/红扑扑/#zh
L7-1665,红润,紅潤,hóngrùn,Adj,7-9,2-4,2-4,,False,https://forvo.com/word/红润/#zh
L7-1666,红薯,紅薯,hóngshǔ,N,7-9,2-3,2-3,,False,https://forvo.com/word/红薯/#zh
L7-1667,红眼,紅眼,hóngyǎn,V,7-9,2-3,2-3,,False,https://forvo.com/word/红眼/#zh
L7-1668,宏观,宏觀,hóngguān,Adj,7-9,2-1,2-1,,False,https://forvo.com/word/宏观/#zh
L7-1669,宏伟,宏偉,hóngwěi,Adj,7-9,2-3,2-3,,False,https://forvo.com/word/宏伟/#zh
L7-1670,洪亮,洪亮,hóngliàng,Adj,7-9,2-4,2-4,,False,https://forvo.com/word/洪亮/#zh
L7-1671,哄,哄,hǒng,V,7-9,3,3,,False,https://forvo.com/word/哄/#zh
L7-1672,哄,鬨,hòng,V,7-9,4,4,,False,https://forvo.com/word/哄/#zh
L7-1673,喉咙,喉嚨,hóulóng,N,7-9,2-2,2-2,,False,https://forvo.com/word/喉咙/#zh
L7-1674,吼,吼,hǒu,V,7-9,3,3,,False,https://forvo.com/word/吼/#zh
L7-1675,后备,後備,hòubèi,Adj/N,7-9,4-4,4-4,,False,https://forvo.com/word/后备/#zh
L7-1676,后备箱,後備箱,hòubèixiāng,N,7-9,4-4-1,4-4-1,,False,https://forvo.com/word/后备箱/#zh
L7-1677,后代,後代,hòudài,N,7-9,4-4,4-4,,False,https://forvo.com/word/后代/#zh
L7-1678,后盾,後盾,hòudùn,N,7-9,4-4,4-4,,False,https://forvo.com/word/后盾/#zh
L7-1679,后顾之忧,後顧之憂,hòugùzhīyōu,,7-9,4-4-1-1,4-4-1-1,,False,https://forvo.com/word/后顾之忧/#zh
L7-1680,后期,後期,hòuqī,N,7-9,4-1,4-1,,False,https://forvo.com/word/后期/#zh
L7-1681,后勤,後勤,hòuqín,N,7-9,4-2,4-2,,False,https://forvo.com/word/后勤/#zh
L7-1682,后人,後人,hòurén,N,7-9,4-2,4-2,,False,https://forvo.com/word/后人/#zh
L7-1683,后台,後台,hòutái,N,7-9,4-2,4-2,,False,https://forvo.com/word/后台/#zh
L7-1684,后退,後退,hòutuì,V,7-9,4-4,4-4,,False,https://forvo.com/word/后退/#zh
L7-1685,后续,後續,hòuxù,Adj,7-9,4-4,4-4,,False,https://forvo.com/word/后续/#zh
L7-1686,后遗症,後遺症,hòuyízhèng,N,7-9,4-2-4,4-2-4,,False,https://forvo.com/word/后遗症/#zh
L7-1687,后裔,後裔,hòuyì,N,7-9,4-4,4-4,,False,https://forvo.com/word/后裔/#zh
L7-1688,后者,後者,hòuzhě,N,7-9,4-3,4-3,,False,https://forvo.com/word/后者/#zh
L7-1689,厚道,厚道,hòudao,Adj,7-9,4-N,4-N,neutral_tone,False,https://forvo.com/word/厚道/#zh
L7-1690,厚度,厚度,hòudù,N,7-9,4-4,4-4,,False,https://forvo.com/word/厚度/#zh
L7-1691,候选人,候選人,hòuxuǎnrén,N,7-9,4-3-2,4-3-2,,False,https://forvo.com/word/候选人/#zh
L7-1692,呼风唤雨,呼風喚雨,hūfēng-huànyǔ,,7-9,1-1-4-3,1-1-4-3,,False,https://forvo.com/word/呼风唤雨/#zh
L7-1693,呼唤,呼喚,hūhuàn,V,7-9,1-4,1-4,,False,https://forvo.com/word/呼唤/#zh
L7-1694,呼救,呼救,hūjiù,V,7-9,1-4,1-4,,False,https://forvo.com/word/呼救/#zh
L7-1695,呼声,呼聲,hūshēng,N,7-9,1-1,1-1,,False,https://forvo.com/word/呼声/#zh
L7-1696,呼应,呼應,hūyìng,V,7-9,1-4,1-4,,False,https://forvo.com/word/呼应/#zh
L7-1697,呼吁,呼籲,hūyù,V,7-9,1-4,1-4,,False,https://forvo.com/word/呼吁/#zh
L7-1698,忽高忽低,忽高忽低,hūgāo-hūdī,,7-9,1-1-1-1,1-1-1-1,,False,https://forvo.com/word/忽高忽低/#zh
L7-1699,忽悠,忽悠,hūyou,V,7-9,1-N,1-N,neutral_tone,False,https://forvo.com/word/忽悠/#zh
L7-1700,胡闹,胡鬧,húnào,V,7-9,2-4,2-4,,False,https://forvo.com/word/胡闹/#zh
L7-1701,胡说,胡說,húshuō,V/N,7-9,2-1,2-1,,False,https://forvo.com/word/胡说/#zh
L7-1702,胡思乱想,胡思亂想,húsī-luànxiǎng,,7-9,2-1-4-3,2-1-4-3,,False,https://forvo.com/word/胡思乱想/#zh
L7-1703,湖泊,湖泊,húpō,N,7-9,2-1,2-1,,False,https://forvo.com/word/湖泊/#zh
L7-1704,糊,糊,hú,V,7-9,2,2,,False,https://forvo.com/word/糊/#zh
L7-1705,糊涂,糊塗,hútu,Adj,7-9,2-N,2-N,neutral_tone,False,https://forvo.com/word/糊涂/#zh
L7-1706,互补,互補,hùbǔ,V,7-9,4-3,4-3,,False,https://forvo.com/word/互补/#zh
L7-1707,互访,互訪,hùfǎng,V,7-9,4-3,4-3,,False,https://forvo.com/word/互访/#zh
L7-1708,互信,互信,hùxìn,V,7-9,4-4,4-4,,False,https://forvo.com/word/互信/#zh
L7-1709,互助,互助,hùzhù,V,7-9,4-4,4-4,,False,https://forvo.com/word/互助/#zh
L7-1710,护理,護理,hùlǐ,V,7-9,4-3,4-3,,False,https://forvo.com/word/护理/#zh
L7-1711,花瓣,花瓣,huābàn,N,7-9,1-4,1-4,,False,https://forvo.com/word/花瓣/#zh
L7-1712,花卉,花卉,huāhuì,N,7-9,1-4,1-4,,False,https://forvo.com/word/花卉/#zh
L7-1713,花纹,花紋,huāwén,N,7-9,1-2,1-2,,False,https://forvo.com/word/花纹/#zh
L7-1714,花样,花樣,huāyàng,N,7-9,1-4,1-4,,False,https://forvo.com/word/花样/#zh
L7-1715,划算,划算,huásuàn,V/Adj,7-9,2-4,2-4,,False,https://forvo.com/word/划算/#zh
L7-1716,华丽,華麗,huálì,Adj,7-9,2-4,2-4,,False,https://forvo.com/word/华丽/#zh
L7-1717,华侨,華僑,huáqiáo,N,7-9,2-2,2-2,,False,https://forvo.com/word/华侨/#zh
L7-1718,华裔,華裔,huáyì,N,7-9,2-4,2-4,,False,https://forvo.com/word/华裔/#zh
L7-1719,哗变,嘩變,huábiàn,V,7-9,2-4,2-4,,False,https://forvo.com/word/哗变/#zh
L7-1720,哗然,譁然,huárán,Adj,7-9,2-2,2-2,,False,https://forvo.com/word/哗然/#zh
L7-1721,滑冰,滑冰,huábīng,V,7-9,2-1,2-1,,False,https://forvo.com/word/滑冰/#zh
L7-1722,滑稽,滑稽,huájī,Adj,7-9,2-1,2-1,,False,https://forvo.com/word/滑稽/#zh
L7-1723,滑梯,滑梯,huátī,N,7-9,2-1,2-1,,False,https://forvo.com/word/滑梯/#zh
L7-1724,滑雪,滑雪,huáxuě,V,7-9,2-3,2-3,,False,https://forvo.com/word/滑雪/#zh
L7-1725,化肥,化肥,huàféi,N,7-9,4-2,4-2,,False,https://forvo.com/word/化肥/#zh
L7-1726,化身,化身,huàshēn,N,7-9,4-1,4-1,,False,https://forvo.com/word/化身/#zh
L7-1727,化纤,化纖,huàxiān,N,7-9,4-1,4-1,,False,https://forvo.com/word/化纤/#zh
L7-1728,化险为夷,化險為夷,huàxiǎnwéiyí,,7-9,4-3-2-2,4-3-2-2,,False,https://forvo.com/word/化险为夷/#zh
L7-1729,化验,化驗,huàyàn,V,7-9,4-4,4-4,,False,https://forvo.com/word/化验/#zh
L7-1730,化妆,化妝,huàzhuāng,,7-9,4-1,4-1,,False,https://forvo.com/word/化妆/#zh
L7-1731,划时代,劃時代,huàshídài,Adj,7-9,4-2-4,4-2-4,,False,https://forvo.com/word/划时代/#zh
L7-1732,画册,畫冊,huàcè,N,7-9,4-4,4-4,,False,https://forvo.com/word/画册/#zh
L7-1733,画龙点睛,畫龍點睛,huàlóng-diǎnjīng,,7-9,4-2-3-1,4-2-3-1,,False,https://forvo.com/word/画龙点睛/#zh
L7-1734,画蛇添足,畫蛇添足,huàshé-tiānzú,,7-9,4-2-1-2,4-2-1-2,,False,https://forvo.com/word/画蛇添足/#zh
L7-1735,画展,畫展,huàzhǎn,N,7-9,4-3,4-3,,False,https://forvo.com/word/画展/#zh
L7-1736,话费,話費,huàfèi,N,7-9,4-4,4-4,,False,https://forvo.com/word/话费/#zh
L7-1737,话筒,話筒,huàtǒng,N,7-9,4-3,4-3,,False,https://forvo.com/word/话筒/#zh
L7-1738,话语,話語,huàyǔ,N,7-9,4-3,4-3,,False,https://forvo.com/word/话语/#zh
L7-1739,怀抱,懷抱,huáibào,V/N,7-9,2-4,2-4,,False,https://forvo.com/word/怀抱/#zh
L7-1740,怀旧,懷舊,huáijiù,V,7-9,2-4,2-4,,False,https://forvo.com/word/怀旧/#zh
L7-1741,怀里,懷裡,huái li,,7-9,2-3,2-3,,False,https://forvo.com/word/怀里/#zh
L7-1742,怀孕,懷孕,huáiyùn,,7-9,2-4,2-4,,False,https://forvo.com/word/怀孕/#zh
L7-1743,怀着,懷著,huáizhe,,7-9,2,2,,False,https://forvo.com/word/怀着/#zh
L7-1744,槐树,槐樹,huáishù,N,7-9,2-4,2-4,,False,https://forvo.com/word/槐树/#zh
L7-1745,坏事,壞事,huàishì,N,7-9,4-4,4-4,,False,https://forvo.com/word/坏事/#zh
L7-1746,欢呼,歡呼,huānhū,V,7-9,1-1,1-1,,False,https://forvo.com/word/欢呼/#zh
L7-1747,欢聚,歡聚,huānjù,V,7-9,1-4,1-4,,False,https://forvo.com/word/欢聚/#zh
L7-1748,欢快,歡快,huānkuài,Adj,7-9,1-4,1-4,,False,https://forvo.com/word/欢快/#zh
L7-1749,欢声笑语,歡聲笑語,huānshēng-xiàoyǔ,,7-9,1-1-4-3,1-1-4-3,,False,https://forvo.com/word/欢声笑语/#zh
L7-1750,还款,還款,huán kuǎn,,7-9,2-3,2-3,,False,https://forvo.com/word/还款/#zh
L7-1751,还原,還原,huányuán,,7-9,2-2,2-2,,False,https://forvo.com/word/还原/#zh
L7-1752,环球,環球,huánqiú,V,7-9,2-2,2-2,,False,https://forvo.com/word/环球/#zh
L7-1753,环绕,環繞,huánrào,V,7-9,2-4,2-4,,False,https://forvo.com/word/环绕/#zh
L7-1754,缓,緩,huǎn,V,7-9,3,3,,False,https://forvo.com/word/缓/#zh
L7-1755,缓和,緩和,huǎnhé,V/Adj,7-9,3-2,3-2,,False,https://forvo.com/word/缓和/#zh
L7-1756,缓缓,緩緩,huǎnhuǎn,Adv,7-9,3-3,2-3,third_tone_sandhi,False,https://forvo.com/word/缓缓/#zh
L7-1757,缓慢,緩慢,huǎnmàn,Adj,7-9,3-4,3-4,,False,https://forvo.com/word/缓慢/#zh
L7-1758,幻觉,幻覺,huànjué,N,7-9,4-2,4-2,,False,https://forvo.com/word/幻觉/#zh
L7-1759,幻影,幻影,huànyǐng,N,7-9,4-3,4-3,,False,https://forvo.com/word/幻影/#zh
L7-1760,换成,換成,huànchéng,,7-9,4-2,4-2,,False,https://forvo.com/word/换成/#zh
L7-1761,换取,換取,huànqǔ,V,7-9,4-3,4-3,,False,https://forvo.com/word/换取/#zh
L7-1762,换位,換位,huànwèi,V,7-9,4-4,4-4,,False,https://forvo.com/word/换位/#zh
L7-1763,换言之,換言之,huànyánzhī,,7-9,4-2-1,4-2-1,,False,https://forvo.com/word/换言之/#zh
L7-1764,唤起,喚起,huànqǐ,V,7-9,4-3,4-3,,False,https://forvo.com/word/唤起/#zh
L7-1765,患,患,huàn,V,7-9,4,4,,False,https://forvo.com/word/患/#zh
L7-1766,患病,患病,huànbìng,V,7-9,4-4,4-4,,False,https://forvo.com/word/患病/#zh
L7-1767,患有,患有,huànyǒu,,7-9,4-3,4-3,,False,https://forvo.com/word/患有/#zh
L7-1768,焕发,煥發,huànfā,V,7-9,4-1,4-1,,False,https://forvo.com/word/焕发/#zh
L7-1769,荒,荒,huāng,V,7-9,1,1,,False,https://forvo.com/word/荒/#zh
L7-1770,荒诞,荒誕,huāngdàn,Adj,7-9,1-4,1-4,,False,https://forvo.com/word/荒诞/#zh
L7-1771,荒凉,荒涼,huāngliáng,Adj,7-9,1-2,1-2,,False,https://forvo.com/word/荒凉/#zh
L7-1772,荒谬,荒謬,huāngmiù,Adj,7-9,1-4,1-4,,False,https://forvo.com/word/荒谬/#zh
L7-1773,慌乱,慌亂,huāngluàn,Adj,7-9,1-4,1-4,,False,https://forvo.com/word/慌乱/#zh
L7-1774,慌张,慌張,huāngzhāng,Adj,7-9,1-1,1-1,,False,https://forvo.com/word/慌张/#zh
L7-1775,皇宫,皇宮,huánggōng,N,7-9,2-1,2-1,,False,https://forvo.com/word/皇宫/#zh
L7-1776,皇后,皇后,huánghòu,N,7-9,2-4,2-4,,False,https://forvo.com/word/皇后/#zh
L7-1777,皇上,皇上,huángshang,N,7-9,2-N,2-N,neutral_tone,False,https://forvo.com/word/皇上/#zh
L7-1778,皇室,皇室,huángshì,N,7-9,2-4,2-4,,False,https://forvo.com/word/皇室/#zh
L7-1779,黄昏,黃昏,huánghūn,N,7-9,2-1,2-1,,False,https://forvo.com/word/黄昏/#zh
L7-1780,恍然大悟,恍然大悟,huǎngrán-dàwù,,7-9,3-2-4-4,3-2-4-4,,False,https://forvo.com/word/恍然大悟/#zh
L7-1781,晃,晃,huǎng,V,7-9,3,3,,False,https://forvo.com/word/晃/#zh
L7-1782,谎话,謊話,huǎnghuà,N,7-9,3-4,3-4,,False,https://forvo.com/word/谎话/#zh
L7-1783,谎言,謊言,huǎngyán,N,7-9,3-2,3-2,,False,https://forvo.com/word/谎言/#zh
L7-1784,晃,晃,huàng,V,7-9,4,4,,False,https://forvo.com/word/晃/#zh
L7-1785,晃荡,晃蕩,huàngdang,V,7-9,4-N,4-N,neutral_tone,False,https://forvo.com/word/晃荡/#zh
L7-1786,灰,灰,huī,N/Adj,7-9,1,1,,False,https://forvo.com/word/灰/#zh
L7-1787,灰尘,灰塵,huīchén,N,7-9,1-2,1-2,,False,https://forvo.com/word/灰尘/#zh
L7-1788,灰心,灰心,huīxīn,,7-9,1-1,1-1,,False,https://forvo.com/word/灰心/#zh
L7-1789,挥,揮,huī,V,7-9,1,1,,False,https://forvo.com/word/挥/#zh
L7-1790,辉煌,輝煌,huīhuáng,Adj,7-9,1-2,1-2,,False,https://forvo.com/word/辉煌/#zh
L7-1791,回归,回歸,huíguī,V,7-9,2-1,2-1,,False,https://forvo.com/word/回归/#zh
L7-1792,回扣,回扣,huíkòu,N,7-9,2-4,2-4,,False,https://forvo.com/word/回扣/#zh
L7-1793,回馈,回饋,huíkuì,V,7-9,2-4,2-4,,False,https://forvo.com/word/回馈/#zh
L7-1794,回落,回落,huíluò,V,7-9,2-4,2-4,,False,https://forvo.com/word/回落/#zh
L7-1795,回升,回升,huíshēng,V,7-9,2-1,2-1,,False,https://forvo.com/word/回升/#zh
L7-1796,回首,回首,huíshǒu,V,7-9,2-3,2-3,,False,https://forvo.com/word/回首/#zh
L7-1797,回味,回味,huíwèi,N/V,7-9,2-4,2-4,,False,https://forvo.com/word/回味/#zh
L7-1798,回想,回想,huíxiǎng,V,7-9,2-3,2-3,,False,https://forvo.com/word/回想/#zh
L7-1799,回忆录,回憶錄,huíyìlù,N,7-9,2-4-4,2-4-4,,False,https://forvo.com/word/回忆录/#zh
L7-1800,悔恨,悔恨,huǐhèn,V,7-9,3-4,3-4,,False,https://forvo.com/word/悔恨/#zh
L7-1801,毁坏,毀壞,huǐhuài,V,7-9,3-4,3-4,,False,https://forvo.com/word/毁坏/#zh
L7-1802,毁灭,毀滅,huǐmiè,V,7-9,3-4,3-4,,False,https://forvo.com/word/毁灭/#zh
L7-1803,汇合,匯合,huìhé,V,7-9,4-2,4-2,,False,https://forvo.com/word/汇合/#zh
L7-1804,汇集,匯集,huìjí,V,7-9,4-2,4-2,,False,https://forvo.com/word/汇集/#zh
L7-1805,汇聚,匯聚,huìjù,V,7-9,4-4,4-4,,False,https://forvo.com/word/汇聚/#zh
L7-1806,会场,會場,huìchǎng,N,7-9,4-3,4-3,,False,https://forvo.com/word/会场/#zh
L7-1807,会面,會面,huìmiàn,,7-9,4-4,4-4,,False,https://forvo.com/word/会面/#zh
L7-1808,会晤,會晤,huìwù,V,7-9,4-4,4-4,,False,https://forvo.com/word/会晤/#zh
L7-1809,会意,會意,huìyì,V,7-9,4-4,4-4,,False,https://forvo.com/word/会意/#zh
L7-1810,会诊,會診,huìzhěn,,7-9,4-3,4-3,,False,https://forvo.com/word/会诊/#zh
L7-1811,绘声绘色,繪聲繪色,huìshēng-huìsè,,7-9,4-1-4-4,4-1-4-4,,False,https://forvo.com/word/绘声绘色/#zh
L7-1812,贿赂,賄賂,huìlù,V/N,7-9,4-4,4-4,,False,https://forvo.com/word/贿赂/#zh
L7-1813,昏迷,昏迷,hūnmí,V,7-9,1-2,1-2,,False,https://forvo.com/word/昏迷/#zh
L7-1814,婚纱,婚紗,hūnshā,N,7-9,1-1,1-1,,False,https://forvo.com/word/婚纱/#zh
L7-1815,婚姻,婚姻,hūnyīn,N,7-9,1-1,1-1,,False,https://forvo.com/word/婚姻/#zh
L7-1816,浑身,渾身,húnshēn,N,7-9,2-1,2-1,,False,https://forvo.com/word/浑身/#zh
L7-1817,魂,魂,hún,N,7-9,2,2,,False,https://forvo.com/word/魂/#zh
L7-1818,混凝土,混凝土,hùnníngtǔ,N,7-9,4-2-3,4-2-3,,False,https://forvo.com/word/混凝土/#zh
L7-1819,混淆,混淆,hùnxiáo,V,7-9,4-2,4-2,,False,https://forvo.com/word/混淆/#zh
L7-1820,混浊,混濁,hùnzhuó,Adj,7-9,4-2,4-2,,False,https://forvo.com/word/混浊/#zh
L7-1821,豁,豁,huō,V,7-9,1,1,,False,https://forvo.com/word/豁/#zh
L7-1822,豁出去,豁出去,huōchuqu,,7-9,1-N-N,1-N-N,neutral_tone,False,https://forvo.com/word/豁出去/#zh
L7-1823,活该,活該,huógāi,V,7-9,2-1,2-1,,False,https://forvo.com/word/活该/#zh
L7-1824,活期,活期,huóqī,Adj,7-9,2-1,2-1,,False,https://forvo.com/word/活期/#zh
L7-1825,活儿,活兒,huór,N,7-9,2-N,2-N,neutral_tone,False,https://forvo.com/word/活儿/#zh
L7-1826,火暴,火暴,huǒbào,Adj,7-9,3-4,3-4,,False,https://forvo.com/word/火暴/#zh
L7-1827,火锅,火鍋,huǒguō,N,7-9,3-1,3-1,,False,https://forvo.com/word/火锅/#zh
L7-1828,火候,火候,huǒhou,N,7-9,3-N,3-N,neutral_tone,False,https://forvo.com/word/火候/#zh
L7-1829,火花,火花,huǒhuā,N,7-9,3-1,3-1,,False,https://forvo.com/word/火花/#zh
L7-1830,火炬,火炬,huǒjù,N,7-9,3-4,3-4,,False,https://forvo.com/word/火炬/#zh
L7-1831,火辣辣,火辣辣,huǒlàlà,Adj,7-9,3-4-4,3-4-4,,False,https://forvo.com/word/火辣辣/#zh
L7-1832,火热,火熱,huǒrè,Adj,7-9,3-4,3-4,,False,https://forvo.com/word/火热/#zh
L7-1833,火山,火山,huǒshān,N,7-9,3-1,3-1,,False,https://forvo.com/word/火山/#zh
L7-1834,火速,火速,huǒsù,Adv,7-9,3-4,3-4,,False,https://forvo.com/word/火速/#zh
L7-1835,火焰,火焰,huǒyàn,N,7-9,3-4,3-4,,False,https://forvo.com/word/火焰/#zh
L7-1836,火药,火藥,huǒyào,N,7-9,3-4,3-4,,False,https://forvo.com/word/火药/#zh
L7-1837,伙食,伙食,huǒshí,N,7-9,3-2,3-2,,False,https://forvo.com/word/伙食/#zh
L7-1838,或多或少,或多或少,huòduō-huòshǎo,,7-9,4-1-4-3,4-1-4-3,,False,https://forvo.com/word/或多或少/#zh
L7-1839,货币,貨幣,huòbì,N,7-9,4-4,4-4,,False,https://forvo.com/word/货币/#zh
L7-1840,货车,貨車,huòchē,N,7-9,4-1,4-1,,False,https://forvo.com/word/货车/#zh
L7-1841,货物,貨物,huòwù,N,7-9,4-4,4-4,,False,https://forvo.com/word/货物/#zh
L7-1842,货运,貨運,huòyùn,N,7-9,4-4,4-4,,False,https://forvo.com/word/货运/#zh
L7-1843,获胜,獲勝,huòshèng,V,7-9,4-4,4-4,,False,https://forvo.com/word/获胜/#zh
L7-1844,获悉,獲悉,huòxī,V,7-9,4-1,4-1,,False,https://forvo.com/word/获悉/#zh
L7-1845,祸害,禍害,huòhai,N/V,7-9,4-4,4-4,,False,https://forvo.com/word/祸害/#zh
L7-1846,霍乱,霍亂,huòluàn,N,7-9,4-4,4-4,,False,https://forvo.com/word/霍乱/#zh
L7-1847,豁达,豁達,huòdá,Adj,7-9,4-2,4-2,,False,https://forvo.com/word/豁达/#zh
L7-1848,几率,幾率,jīlǜ,N,7-9,1-4,1-4,,False,https://forvo.com/word/几率/#zh
L7-1849,讥笑,譏笑,jīxiào,V,7-9,1-4,1-4,,False,https://forvo.com/word/讥笑/#zh
L7-1850,饥饿,飢餓,jī'è,Adj,7-9,1-4,1-4,,False,https://forvo.com/word/饥饿/#zh
L7-1851,机舱,機艙,jīcāng,N,7-9,1-1,1-1,,False,https://forvo.com/word/机舱/#zh
L7-1852,机动,機動,jīdòng,Adj,7-9,1-4,1-4,,False,https://forvo.com/word/机动/#zh
L7-1853,机灵,機靈,jīling,Adj,7-9,1-N,1-N,neutral_tone,False,https://forvo.com/word/机灵/#zh
L7-1854,机密,機密,jīmì,Adj/N,7-9,1-4,1-4,,False,https://forvo.com/word/机密/#zh
L7-1855,机智,機智,jīzhì,Adj,7-9,1-4,1-4,,False,https://forvo.com/word/机智/#zh
L7-1856,肌肤,肌膚,jīfū,N,7-9,1-1,1-1,,False,https://forvo.com/word/肌肤/#zh
L7-1857,积,積,jī,V,7-9,1,1,,False,https://forvo.com/word/积/#zh
L7-1858,积淀,積澱,jīdiàn,V/N,7-9,1-4,1-4,,False,https://forvo.com/word/积淀/#zh
L7-1859,积蓄,積蓄,jīxù,V/N,7-9,1-4,1-4,,False,https://forvo.com/word/积蓄/#zh
L7-1860,基本功,基本功,jīběngōng,N,7-9,1-3-1,1-3-1,,False,https://forvo.com/word/基本功/#zh
L7-1861,基层,基層,jīcéng,N,7-9,1-2,1-2,,False,https://forvo.com/word/基层/#zh
L7-1862,基因,基因,jīyīn,N,7-9,1-1,1-1,,False,https://forvo.com/word/基因/#zh
L7-1863,基于,基於,jīyú,Prep,7-9,1-2,1-2,,False,https://forvo.com/word/基于/#zh
L7-1864,基准,基準,jīzhǔn,N,7-9,1-3,1-3,,False,https://forvo.com/word/基准/#zh
L7-1865,畸形,畸形,jīxíng,Adj,7-9,1-2,1-2,,False,https://forvo.com/word/畸形/#zh
L7-1866,激发,激發,jīfā,V,7-9,1-1,1-1,,False,https://forvo.com/word/激发/#zh
L7-1867,激光,激光,jīguāng,N,7-9,1-1,1-1,,False,https://forvo.com/word/激光/#zh
L7-1868,激化,激化,jīhuà,V,7-9,1-4,1-4,,False,https://forvo.com/word/激化/#zh
L7-1869,激活,激活,jīhuó,V,7-9,1-2,1-2,,False,https://forvo.com/word/激活/#zh
L7-1870,激励,激勵,jīlì,V,7-9,1-4,1-4,,False,https://forvo.com/word/激励/#zh
L7-1871,激起,激起,jīqǐ,V,7-9,1-3,1-3,,False,https://forvo.com/word/激起/#zh
L7-1872,激素,激素,jīsù,N,7-9,1-4,1-4,,False,https://forvo.com/word/激素/#zh
L7-1873,及,及,jí,Conj,7-9,2,2,,False,https://forvo.com/word/及/#zh
L7-1874,及其,及其,jí qí,,7-9,2-2,2-2,,False,https://forvo.com/word/及其/#zh
L7-1875,及早,及早,jízǎo,Adv,7-9,2-3,2-3,,False,https://forvo.com/word/及早/#zh
L7-1876,吉普,吉普,jípǔ,N,7-9,2-3,2-3,,False,https://forvo.com/word/吉普/#zh
L7-1877,吉他,吉他,jítā,N,7-9,2-1,2-1,,False,https://forvo.com/word/吉他/#zh
L7-1878,吉祥物,吉祥物,jíxiángwù,N,7-9,2-2-4,2-2-4,,False,https://forvo.com/word/吉祥物/#zh
L7-1879,级别,級別,jíbié,N,7-9,2-2,2-2,,False,https://forvo.com/word/级别/#zh
L7-1880,极度,極度,jídù,Adv,7-9,2-4,2-4,,False,https://forvo.com/word/极度/#zh
L7-1881,极力,極力,jílì,Adv,7-9,2-4,2-4,,False,https://forvo.com/word/极力/#zh
L7-1882,极少数,極少數,jí shǎoshù,,7-9,2-3-4,2-3-4,,False,https://forvo.com/word/极少数/#zh
L7-1883,极为,極為,jíwéi,Adv,7-9,2-2,2-2,,False,https://forvo.com/word/极为/#zh
L7-1884,极限,極限,jíxiàn,N,7-9,2-4,2-4,,False,https://forvo.com/word/极限/#zh
L7-1885,即,即,jí,Adv,7-9,2,2,,False,https://forvo.com/word/即/#zh
L7-1886,即便,即便,jíbiàn,Conj,7-9,2-4,2-4,,False,https://forvo.com/word/即便/#zh
L7-1887,即可,即可,jíkě,V,7-9,2-3,2-3,,False,https://forvo.com/word/即可/#zh
L7-1888,急剧,急劇,jíjù,Adj,7-9,2-4,2-4,,False,https://forvo.com/word/急剧/#zh
L7-1889,急迫,急迫,jípò,Adj,7-9,2-4,2-4,,False,https://forvo.com/word/急迫/#zh
L7-1890,急性,急性,jíxìng,Adj,7-9,2-4,2-4,,False,https://forvo.com/word/急性/#zh
L7-1891,急需,急需,jíxū,V,7-9,2-1,2-1,,False,https://forvo.com/word/急需/#zh
L7-1892,急于,急於,jíyú,V,7-9,2-2,2-2,,False,https://forvo.com/word/急于/#zh
L7-1893,急诊,急診,jízhěn,V/N,7-9,2-3,2-3,,False,https://forvo.com/word/急诊/#zh
L7-1894,急转弯,急轉彎,jízhuǎnwān,,7-9,2-3-1,2-3-1,,False,https://forvo.com/word/急转弯/#zh
L7-1895,棘手,棘手,jíshǒu,Adj,7-9,2-3,2-3,,False,https://forvo.com/word/棘手/#zh
L7-1896,集会,集會,jíhuì,N/V,7-9,2-4,2-4,,False,https://forvo.com/word/集会/#zh
L7-1897,集结,集結,jíjié,V,7-9,2-2,2-2,,False,https://forvo.com/word/集结/#zh
L7-1898,集邮,集郵,jíyóu,,7-9,2-2,2-2,,False,https://forvo.com/word/集邮/#zh
L7-1899,集装箱,集裝箱,jízhuāngxiāng,N,7-9,2-1-1,2-1-1,,False,https://forvo.com/word/集装箱/#zh
L7-1900,集资,集資,jízī,V,7-9,2-1,2-1,,False,https://forvo.com/word/集资/#zh
L7-1901,嫉妒,嫉妒,jídù,V,7-9,2-4,2-4,,False,https://forvo.com/word/嫉妒/#zh
L7-1902,挤压,擠壓,jǐyā,V,7-9,3-1,3-1,,False,https://forvo.com/word/挤压/#zh
L7-1903,脊梁,脊梁,jǐliáng,N,7-9,3-2,3-2,,False,https://forvo.com/word/脊梁/#zh
L7-1904,计,計,jì,N/V,7-9,4,4,,False,https://forvo.com/word/计/#zh
L7-1905,计策,計策,jìcè,N,7-9,4-4,4-4,,False,https://forvo.com/word/计策/#zh
L7-1906,计较,計較,jìjiào,V,7-9,4-4,4-4,,False,https://forvo.com/word/计较/#zh
L7-1907,计时,計時,jìshí,V,7-9,4-2,4-2,,False,https://forvo.com/word/计时/#zh
L7-1908,记号,記號,jìhao,N,7-9,4-N,4-N,neutral_tone,False,https://forvo.com/word/记号/#zh
L7-1909,记忆犹新,記憶猶新,jìyì-yóuxīn,,7-9,4-4-2-1,4-4-2-1,,False,https://forvo.com/word/记忆犹新/#zh
L7-1910,纪录片,紀錄片,jìlùpiàn,N,7-9,4-4-4,4-4-4,,False,https://forvo.com/word/纪录片/#zh
L7-1911,纪念碑,紀念碑,jìniànbēi,N,7-9,4-4-1,4-4-1,,False,https://forvo.com/word/纪念碑/#zh
L7-1912,纪念馆,紀念館,jìniànguǎn,N,7-9,4-4-3,4-4-3,,False,https://forvo.com/word/纪念馆/#zh
L7-1913,纪念日,紀念日,jìniànrì,N,7-9,4-4-4,4-4-4,,False,https://forvo.com/word/纪念日/#zh
L7-1914,纪实,紀實,jìshí,V/N,7-9,4-2,4-2,,False,https://forvo.com/word/纪实/#zh
L7-1915,技艺,技藝,jìyì,N,7-9,4-4,4-4,,False,https://forvo.com/word/技艺/#zh
L7-1916,忌,忌,jì,V,7-9,4,4,,False,https://forvo.com/word/忌/#zh
L7-1917,忌讳,忌諱,jìhuì,V,7-9,4-4,4-4,,False,https://forvo.com/word/忌讳/#zh
L7-1918,忌口,忌口,jìkǒu,,7-9,4-3,4-3,,False,https://forvo.com/word/忌口/#zh
L7-1919,剂,劑,jì,N/M,7-9,4,4,,False,https://forvo.com/word/剂/#zh
L7-1920,迹象,跡象,jìxiàng,N,7-9,4-4,4-4,,False,https://forvo.com/word/迹象/#zh
L7-1921,继,繼,jì,V,7-9,4,4,,False,https://forvo.com/word/继/#zh
L7-1922,继而,繼而,jì'ér,Conj,7-9,4-2,4-2,,False,https://forvo.com/word/继而/#zh
L7-1923,继父,繼父,jìfù,N,7-9,4-4,4-4,,False,https://forvo.com/word/继父/#zh
L7-1924,继母,繼母,jìmǔ,N,7-9,4-3,4-3,,False,https://forvo.com/word/继母/#zh
L7-1925,祭,祭,jì,V,7-9,4,4,,False,https://forvo.com/word/祭/#zh
L7-1926,祭奠,祭奠,jìdiàn,V,7-9,4-4,4-4,,False,https://forvo.com/word/祭奠/#zh
L7-1927,祭祀,祭祀,jìsì,V,7-9,4-4,4-4,,False,https://forvo.com/word/祭祀/#zh
L7-1928,寄托,寄託,jìtuō,V,7-9,4-1,4-1,,False,https://forvo.com/word/寄托/#zh
L7-1929,寂静,寂靜,jìjìng,Adj,7-9,4-4,4-4,,False,https://forvo.com/word/寂静/#zh
L7-1930,寂寞,寂寞,jìmò,Adj,7-9,4-4,4-4,,False,https://forvo.com/word/寂寞/#zh
L7-1931,加紧,加緊,jiājǐn,V,7-9,1-3,1-3,,False,https://forvo.com/word/加紧/#zh
L7-1932,加剧,加劇,jiājù,V,7-9,1-4,1-4,,False,https://forvo.com/word/加剧/#zh
L7-1933,加深,加深,jiāshēn,V,7-9,1-1,1-1,,False,https://forvo.com/word/加深/#zh
L7-1934,加重,加重,jiāzhòng,V,7-9,1-4,1-4,,False,https://forvo.com/word/加重/#zh
L7-1935,佳节,佳節,jiājié,N,7-9,1-2,1-2,,False,https://forvo.com/word/佳节/#zh
L7-1936,家伙,傢伙,jiāhuo,N,7-9,1-N,1-N,neutral_tone,False,https://forvo.com/word/家伙/#zh
L7-1937,家家户户,家家戶戶,jiājiāhùhù,N,7-9,1-1-4-4,1-1-4-4,,False,https://forvo.com/word/家家户户/#zh
L7-1938,家教,家教,jiājiào,N,7-9,1-4,1-4,,False,https://forvo.com/word/家教/#zh
L7-1939,家境,家境,jiājìng,N,7-9,1-4,1-4,,False,https://forvo.com/word/家境/#zh
L7-1940,家禽,家禽,jiāqín,N,7-9,1-2,1-2,,False,https://forvo.com/word/家禽/#zh
L7-1941,家用,家用,jiāyòng,N/Adj,7-9,1-4,1-4,,False,https://forvo.com/word/家用/#zh
L7-1942,家喻户晓,家喻戶曉,jiāyù-hùxiǎo,,7-9,1-4-4-3,1-4-4-3,,False,https://forvo.com/word/家喻户晓/#zh
L7-1943,家政,家政,jiāzhèng,N,7-9,1-4,1-4,,False,https://forvo.com/word/家政/#zh
L7-1944,家族,家族,jiāzú,N,7-9,1-2,1-2,,False,https://forvo.com/word/家族/#zh
L7-1945,嘉年华,嘉年華,jiāniánhuá,N,7-9,1-2-2,1-2-2,,False,https://forvo.com/word/嘉年华/#zh
L7-1946,假定,假定,jiǎdìng,V,7-9,3-4,3-4,,False,https://forvo.com/word/假定/#zh
L7-1947,假冒,假冒,jiǎmào,V,7-9,3-4,3-4,,False,https://forvo.com/word/假冒/#zh
L7-1948,假设,假設,jiǎshè,V/N,7-9,3-4,3-4,,False,https://forvo.com/word/假设/#zh
L7-1949,假使,假使,jiǎshǐ,Conj,7-9,3-3,2-3,third_tone_sandhi,False,https://forvo.com/word/假使/#zh
L7-1950,假装,假裝,jiǎzhuāng,V,7-9,3-1,3-1,,False,https://forvo.com/word/假装/#zh
L7-1951,价位,價位,jiàwèi,N,7-9,4-4,4-4,,False,https://forvo.com/word/价位/#zh
L7-1952,价值观,價值觀,jiàzhíguān,N,7-9,4-2-1,4-2-1,,False,https://forvo.com/word/价值观/#zh
L7-1953,驾,駕,jià,V,7-9,4,4,,False,https://forvo.com/word/驾/#zh
L7-1954,驾车,駕車,jià chē,,7-9,4-1,4-1,,False,https://forvo.com/word/驾车/#zh
L7-1955,驾驭,駕馭,jiàyù,V,7-9,4-4,4-4,,False,https://forvo.com/word/驾驭/#zh
L7-1956,架势,架勢,jiàshi,N,7-9,4-N,4-N,neutral_tone,False,https://forvo.com/word/架势/#zh
L7-1957,架子,架子,jiàzi,N,7-9,4-N,4-N,neutral_tone,False,https://forvo.com/word/架子/#zh
L7-1958,嫁,嫁,jià,V,7-9,4,4,,False,https://forvo.com/word/嫁/#zh
L7-1959,嫁妆,嫁妝,jiàzhuang,N,7-9,4-N,4-N,neutral_tone,False,https://forvo.com/word/嫁妆/#zh
L7-1960,尖端,尖端,jiānduān,N/Adj,7-9,1-1,1-1,,False,https://forvo.com/word/尖端/#zh
L7-1961,尖锐,尖銳,jiānruì,Adj,7-9,1-4,1-4,,False,https://forvo.com/word/尖锐/#zh
L7-1962,奸诈,奸詐,jiānzhà,Adj,7-9,1-4,1-4,,False,https://forvo.com/word/奸诈/#zh
L7-1963,歼灭,殲滅,jiānmiè,V,7-9,1-4,1-4,,False,https://forvo.com/word/歼灭/#zh
L7-1964,坚持不懈,堅持不懈,jiānchí-bùxiè,,7-9,1-2-4-4,1-2-2-4,bu_before_t4,False,https://forvo.com/word/坚持不懈/#zh
L7-1965,坚韧,堅韌,jiānrèn,Adj,7-9,1-4,1-4,,False,https://forvo.com/word/坚韧/#zh
L7-1966,坚实,堅實,jiānshí,Adj,7-9,1-2,1-2,,False,https://forvo.com/word/坚实/#zh
L7-1967,坚守,堅守,jiānshǒu,V,7-9,1-3,1-3,,False,https://forvo.com/word/坚守/#zh
L7-1968,坚信,堅信,jiānxìn,V,7-9,1-4,1-4,,False,https://forvo.com/word/坚信/#zh
L7-1969,坚硬,堅硬,jiānyìng,Adj,7-9,1-4,1-4,,False,https://forvo.com/word/坚硬/#zh
L7-1970,肩膀,肩膀,jiānbǎng,N,7-9,1-3,1-3,,False,https://forvo.com/word/肩膀/#zh
L7-1971,肩负,肩負,jiānfù,V,7-9,1-4,1-4,,False,https://forvo.com/word/肩负/#zh
L7-1972,艰巨,艱巨,jiānjù,Adj,7-9,1-4,1-4,,False,https://forvo.com/word/艰巨/#zh
L7-1973,艰苦奋斗,艱苦奮鬥,jiānkǔ-fèndòu,,7-9,1-3-4-4,1-3-4-4,,False,https://forvo.com/word/艰苦奋斗/#zh
L7-1974,艰险,艱險,jiānxiǎn,Adj,7-9,1-3,1-3,,False,https://forvo.com/word/艰险/#zh
L7-1975,艰辛,艱辛,jiānxīn,Adj,7-9,1-1,1-1,,False,https://forvo.com/word/艰辛/#zh
L7-1976,监察,監察,jiānchá,V,7-9,1-2,1-2,,False,https://forvo.com/word/监察/#zh
L7-1977,监管,監管,jiānguǎn,V,7-9,1-3,1-3,,False,https://forvo.com/word/监管/#zh
L7-1978,监护,監護,jiānhù,V,7-9,1-4,1-4,,False,https://forvo.com/word/监护/#zh
L7-1979,监控,監控,jiānkòng,V,7-9,1-4,1-4,,False,https://forvo.com/word/监控/#zh
L7-1980,监视,監視,jiānshì,V,7-9,1-4,1-4,,False,https://forvo.com/word/监视/#zh
L7-1981,监狱,監獄,jiānyù,N,7-9,1-4,1-4,,False,https://forvo.com/word/监狱/#zh
L7-1982,兼,兼,jiān,V,7-9,1,1,,False,https://forvo.com/word/兼/#zh
L7-1983,兼顾,兼顧,jiāngù,V,7-9,1-4,1-4,,False,https://forvo.com/word/兼顾/#zh
L7-1984,兼任,兼任,jiānrèn,V,7-9,1-4,1-4,,False,https://forvo.com/word/兼任/#zh
L7-1985,兼容,兼容,jiānróng,V,7-9,1-2,1-2,,False,https://forvo.com/word/兼容/#zh
L7-1986,兼职,兼職,jiānzhí,N,7-9,1-2,1-2,,False,https://forvo.com/word/兼职/#zh
L7-1987,煎,煎,jiān,V,7-9,1,1,,False,https://forvo.com/word/煎/#zh
L7-1988,拣,揀,jiǎn,V,7-9,3,3,,False,https://forvo.com/word/拣/#zh
L7-1989,检察,檢察,jiǎnchá,V,7-9,3-2,3-2,,False,https://forvo.com/word/检察/#zh
L7-1990,检讨,檢討,jiǎntǎo,V,7-9,3-3,2-3,third_tone_sandhi,False,https://forvo.com/word/检讨/#zh
L7-1991,减免,減免,jiǎnmiǎn,V,7-9,3-3,2-3,third_tone_sandhi,False,https://forvo.com/word/减免/#zh
L7-1992,减弱,減弱,jiǎnruò,V,7-9,3-4,3-4,,False,https://forvo.com/word/减弱/#zh
L7-1993,减速,減速,jiǎnsù,,7-9,3-4,3-4,,False,https://forvo.com/word/减速/#zh
L7-1994,减压,減壓,jiǎnyā,V,7-9,3-1,3-1,,False,https://forvo.com/word/减压/#zh
L7-1995,简称,簡稱,jiǎnchēng,V/N,7-9,3-1,3-1,,False,https://forvo.com/word/简称/#zh
L7-1996,简短,簡短,jiǎnduǎn,Adj,7-9,3-3,2-3,third_tone_sandhi,False,https://forvo.com/word/简短/#zh
L7-1997,简化,簡化,jiǎnhuà,V,7-9,3-4,3-4,,False,https://forvo.com/word/简化/#zh
L7-1998,简洁,簡潔,jiǎnjié,Adj,7-9,3-2,3-2,,False,https://forvo.com/word/简洁/#zh
L7-1999,简陋,簡陋,jiǎnlòu,Adj,7-9,3-4,3-4,,False,https://forvo.com/word/简陋/#zh
L7-2000,简体字,簡體字,jiǎntǐzì,N,7-9,3-3-4,2-3-4,third_tone_sandhi,False,https://forvo.com/word/简体字/#zh
L7-2001,简要,簡要,jiǎnyào,Adj,7-9,3-4,3-4,,False,https://forvo.com/word/简要/#zh
L7-2002,简易,簡易,jiǎnyì,Adj,7-9,3-4,3-4,,False,https://forvo.com/word/简易/#zh
L7-2003,见解,見解,jiànjiě,N,7-9,4-3,4-3,,False,https://forvo.com/word/见解/#zh
L7-2004,见钱眼开,見錢眼開,jiànqián-yǎnkāi,,7-9,4-2-3-1,4-2-3-1,,False,https://forvo.com/word/见钱眼开/#zh
L7-2005,见仁见智,見仁見智,jiànrén-jiànzhì,,7-9,4-2-4-4,4-2-4-4,,False,https://forvo.com/word/见仁见智/#zh
L7-2006,见识,見識,jiànshi,V/N,7-9,4-N,4-N,neutral_tone,False,https://forvo.com/word/见识/#zh
L7-2007,见外,見外,jiànwài,Adj,7-9,4-4,4-4,,False,https://forvo.com/word/见外/#zh
L7-2008,见效,見效,jiànxiào,V,7-9,4-4,4-4,,False,https://forvo.com/word/见效/#zh
L7-2009,见义勇为,見義勇為,jiànyì-yǒngwéi,,7-9,4-4-3-2,4-4-3-2,,False,https://forvo.com/word/见义勇为/#zh
L7-2010,见证,見證,jiànzhèng,V/N,7-9,4-4,4-4,,False,https://forvo.com/word/见证/#zh
L7-2011,间谍,間諜,jiàndié,N,7-9,4-2,4-2,,False,https://forvo.com/word/间谍/#zh
L7-2012,间断,間斷,jiànduàn,V,7-9,4-4,4-4,,False,https://forvo.com/word/间断/#zh
L7-2013,间隔,間隔,jiàngé,V/N,7-9,4-2,4-2,,False,https://forvo.com/word/间隔/#zh
L7-2014,间隙,間隙,jiànxì,N,7-9,4-4,4-4,,False,https://forvo.com/word/间隙/#zh
L7-2015,建交,建交,jiànjiāo,,7-9,4-1,4-1,,False,https://forvo.com/word/建交/#zh
L7-2016,建树,建樹,jiànshù,V/N,7-9,4-4,4-4,,False,https://forvo.com/word/建树/#zh
L7-2017,建筑师,建築師,jiànzhùshī,N,7-9,4-4-1,4-4-1,,False,https://forvo.com/word/建筑师/#zh
L7-2018,建筑物,建築物,jiànzhùwù,N,7-9,4-4-4,4-4-4,,False,https://forvo.com/word/建筑物/#zh
L7-2019,贱,賤,jiàn,Adj,7-9,4,4,,False,https://forvo.com/word/贱/#zh
L7-2020,健美,健美,jiànměi,N/Adj,7-9,4-3,4-3,,False,https://forvo.com/word/健美/#zh
L7-2021,健壮,健壯,jiànzhuàng,Adj,7-9,4-4,4-4,,False,https://forvo.com/word/健壮/#zh
L7-2022,溅,濺,jiàn,V,7-9,4,4,,False,https://forvo.com/word/溅/#zh
L7-2023,鉴别,鑑別,jiànbié,V,7-9,4-2,4-2,,False,https://forvo.com/word/鉴别/#zh
L7-2024,鉴赏,鑑賞,jiànshǎng,V,7-9,4-3,4-3,,False,https://forvo.com/word/鉴赏/#zh
L7-2025,鉴于,鑒於,jiànyú,Prep,7-9,4-2,4-2,,False,https://forvo.com/word/鉴于/#zh
L7-2026,姜,薑,jiāng,N,7-9,1,1,,False,https://forvo.com/word/姜/#zh
L7-2027,僵,僵,jiāng,Adj,7-9,1,1,,False,https://forvo.com/word/僵/#zh
L7-2028,僵化,僵化,jiānghuà,V,7-9,1-4,1-4,,False,https://forvo.com/word/僵化/#zh
L7-2029,僵局,僵局,jiāngjú,N,7-9,1-2,1-2,,False,https://forvo.com/word/僵局/#zh
L7-2030,讲解,講解,jiǎngjiě,V,7-9,3-3,2-3,third_tone_sandhi,False,https://forvo.com/word/讲解/#zh
L7-2031,讲述,講述,jiǎngshù,V,7-9,3-4,3-4,,False,https://forvo.com/word/讲述/#zh
L7-2032,讲学,講學,jiǎngxué,,7-9,3-2,3-2,,False,https://forvo.com/word/讲学/#zh
L7-2033,奖杯,獎杯,jiǎngbēi,N,7-9,3-1,3-1,,False,https://forvo.com/word/奖杯/#zh
L7-2034,奖牌,獎牌,jiǎngpái,N,7-9,3-2,3-2,,False,https://forvo.com/word/奖牌/#zh
L7-2035,奖品,獎品,jiǎngpǐn,N,7-9,3-3,2-3,third_tone_sandhi,False,https://forvo.com/word/奖品/#zh
L7-2036,奖项,獎項,jiǎngxiàng,N,7-9,3-4,3-4,,False,https://forvo.com/word/奖项/#zh
L7-2037,降临,降臨,jiànglín,V,7-9,4-2,4-2,,False,https://forvo.com/word/降临/#zh
L7-2038,交叉,交叉,jiāochā,V,7-9,1-1,1-1,,False,https://forvo.com/word/交叉/#zh
L7-2039,交锋,交鋒,jiāofēng,,7-9,1-1,1-1,,False,https://forvo.com/word/交锋/#zh
L7-2040,交付,交付,jiāofù,V,7-9,1-4,1-4,,False,https://forvo.com/word/交付/#zh
L7-2041,交集,交集,jiāojí,V,7-9,1-2,1-2,,False,https://forvo.com/word/交集/#zh
L7-2042,交接,交接,jiāojiē,V,7-9,1-1,1-1,,False,https://forvo.com/word/交接/#zh
L7-2043,交界,交界,jiāojiè,V,7-9,1-4,1-4,,False,https://forvo.com/word/交界/#zh
L7-2044,交纳,交納,jiāonà,V,7-9,1-4,1-4,,False,https://forvo.com/word/交纳/#zh
L7-2045,交情,交情,jiāoqing,N,7-9,1-N,1-N,neutral_tone,False,https://forvo.com/word/交情/#zh
L7-2046,交涉,交涉,jiāoshè,V,7-9,1-4,1-4,,False,https://forvo.com/word/交涉/#zh
L7-2047,交谈,交談,jiāotán,V,7-9,1-2,1-2,,False,https://forvo.com/word/交谈/#zh
L7-2048,交替,交替,jiāotì,V,7-9,1-4,1-4,,False,https://forvo.com/word/交替/#zh
L7-2049,交头接耳,交頭接耳,jiāotóu-jiē'ěr,,7-9,1-2-1-3,1-2-1-3,,False,https://forvo.com/word/交头接耳/#zh
L7-2050,交响乐,交響樂,jiāoxiǎngyuè,N,7-9,1-3-4,1-3-4,,False,https://forvo.com/word/交响乐/#zh
L7-2051,郊外,郊外,jiāowài,N,7-9,1-4,1-4,,False,https://forvo.com/word/郊外/#zh
L7-2052,郊游,郊遊,jiāoyóu,V,7-9,1-2,1-2,,False,https://forvo.com/word/郊游/#zh
L7-2053,浇,澆,jiāo,V,7-9,1,1,,False,https://forvo.com/word/浇/#zh
L7-2054,娇惯,嬌慣,jiāoguàn,V,7-9,1-4,1-4,,False,https://forvo.com/word/娇惯/#zh
L7-2055,娇气,嬌氣,jiāoqì,Adj,7-9,1-4,1-4,,False,https://forvo.com/word/娇气/#zh
L7-2056,胶囊,膠囊,jiāonáng,N,7-9,1-2,1-2,,False,https://forvo.com/word/胶囊/#zh
L7-2057,胶片,膠片,jiāopiàn,N,7-9,1-4,1-4,,False,https://forvo.com/word/胶片/#zh
L7-2058,焦,焦,jiāo,Adj,7-9,1,1,,False,https://forvo.com/word/焦/#zh
L7-2059,焦急,焦急,jiāojí,Adj,7-9,1-2,1-2,,False,https://forvo.com/word/焦急/#zh
L7-2060,焦距,焦距,jiāojù,N,7-9,1-4,1-4,,False,https://forvo.com/word/焦距/#zh
L7-2061,焦虑,焦慮,jiāolǜ,Adj,7-9,1-4,1-4,,False,https://forvo.com/word/焦虑/#zh
L7-2062,焦躁,焦躁,jiāozào,Adj,7-9,1-4,1-4,,False,https://forvo.com/word/焦躁/#zh
L7-2063,礁石,礁石,jiāoshí,N,7-9,1-2,1-2,,False,https://forvo.com/word/礁石/#zh
L7-2064,嚼,嚼,jiáo,V,7-9,2,2,,False,https://forvo.com/word/嚼/#zh
L7-2065,角落,角落,jiǎoluò,N,7-9,3-4,3-4,,False,https://forvo.com/word/角落/#zh
L7-2066,狡猾,狡猾,jiǎohuá,Adj,7-9,3-2,3-2,,False,https://forvo.com/word/狡猾/#zh
L7-2067,绞,絞,jiǎo,V,7-9,3,3,,False,https://forvo.com/word/绞/#zh
L7-2068,矫正,矯正,jiǎozhèng,V,7-9,3-4,3-4,,False,https://forvo.com/word/矫正/#zh
L7-2069,搅,攪,jiǎo,V,7-9,3,3,,False,https://forvo.com/word/搅/#zh
L7-2070,搅拌,攪拌,jiǎobàn,V,7-9,3-4,3-4,,False,https://forvo.com/word/搅拌/#zh
L7-2071,缴,繳,jiǎo,V,7-9,3,3,,False,https://forvo.com/word/缴/#zh
L7-2072,缴费,繳費,jiǎofèi,V,7-9,3-4,3-4,,False,https://forvo.com/word/缴费/#zh
L7-2073,缴纳,繳納,jiǎonà,V,7-9,3-4,3-4,,False,https://forvo.com/word/缴纳/#zh
L7-2074,叫板,叫板,jiàobǎn,,7-9,4-3,4-3,,False,https://forvo.com/word/叫板/#zh
L7-2075,叫好,叫好,jiàohǎo,,7-9,4-3,4-3,,False,https://forvo.com/word/叫好/#zh
L7-2076,轿车,轎車,jiàochē,N,7-9,4-1,4-1,,False,https://forvo.com/word/轿车/#zh
L7-2077,较劲,較勁,jiàojìn,,7-9,4-4,4-4,,False,https://forvo.com/word/较劲/#zh
L7-2078,较量,較量,jiàoliàng,V,7-9,4-4,4-4,,False,https://forvo.com/word/较量/#zh
L7-2079,教科书,教科書,jiàokēshū,N,7-9,4-1-1,4-1-1,,False,https://forvo.com/word/教科书/#zh
L7-2080,教条,教條,jiàotiáo,N/Adj,7-9,4-2,4-2,,False,https://forvo.com/word/教条/#zh
L7-2081,教养,教養,jiàoyǎng,V/N,7-9,4-3,4-3,,False,https://forvo.com/word/教养/#zh
L7-2082,阶层,階層,jiēcéng,N,7-9,1-2,1-2,,False,https://forvo.com/word/阶层/#zh
L7-2083,阶级,階級,jiējí,N,7-9,1-2,1-2,,False,https://forvo.com/word/阶级/#zh
L7-2084,阶梯,階梯,jiētī,N,7-9,1-1,1-1,,False,https://forvo.com/word/阶梯/#zh
L7-2085,皆,皆,jiē,Adv,7-9,1,1,,False,https://forvo.com/word/皆/#zh
L7-2086,结,結,jiē,V,7-9,1,1,,False,https://forvo.com/word/结/#zh
L7-2087,结果,結果,jiēguǒ,,7-9,1-3,1-3,,False,https://forvo.com/word/结果/#zh
L7-2088,接班,接班,jiēbān,,7-9,1-1,1-1,,False,https://forvo.com/word/接班/#zh
L7-2089,接班人,接班人,jiēbānrén,N,7-9,1-1-2,1-1-2,,False,https://forvo.com/word/接班人/#zh
L7-2090,接二连三,接二連三,jiē'èr-liánsān,,7-9,1-4-2-1,1-4-2-1,,False,https://forvo.com/word/接二连三/#zh
L7-2091,接轨,接軌,jiēguǐ,,7-9,1-3,1-3,,False,https://forvo.com/word/接轨/#zh
L7-2092,接济,接濟,jiējì,V,7-9,1-4,1-4,,False,https://forvo.com/word/接济/#zh
L7-2093,接见,接見,jiējiàn,V,7-9,1-4,1-4,,False,https://forvo.com/word/接见/#zh
L7-2094,接力,接力,jiēlì,V,7-9,1-4,1-4,,False,https://forvo.com/word/接力/#zh
L7-2095,接纳,接納,jiēnà,V,7-9,1-4,1-4,,False,https://forvo.com/word/接纳/#zh
L7-2096,接手,接手,jiēshǒu,V,7-9,1-3,1-3,,False,https://forvo.com/word/接手/#zh
L7-2097,接送,接送,jiēsòng,V,7-9,1-4,1-4,,False,https://forvo.com/word/接送/#zh
L7-2098,接替,接替,jiētì,V,7-9,1-4,1-4,,False,https://forvo.com/word/接替/#zh
L7-2099,接听,接聽,jiētīng,V,7-9,1-1,1-1,,False,https://forvo.com/word/接听/#zh
L7-2100,接通,接通,jiētōng,V,7-9,1-1,1-1,,False,https://forvo.com/word/接通/#zh
L7-2101,揭发,揭發,jiēfā,V,7-9,1-1,1-1,,False,https://forvo.com/word/揭发/#zh
L7-2102,揭露,揭露,jiēlù,V,7-9,1-4,1-4,,False,https://forvo.com/word/揭露/#zh
L7-2103,揭示,揭示,jiēshì,V,7-9,1-4,1-4,,False,https://forvo.com/word/揭示/#zh
L7-2104,揭晓,揭曉,jiēxiǎo,V,7-9,1-3,1-3,,False,https://forvo.com/word/揭晓/#zh
L7-2105,节俭,節儉,jiéjiǎn,Adj,7-9,2-3,2-3,,False,https://forvo.com/word/节俭/#zh
L7-2106,节气,節氣,jiéqì,N,7-9,2-N,2-N,neutral_tone,False,https://forvo.com/word/节气/#zh
L7-2107,节水,節水,jiéshuǐ,V,7-9,2-3,2-3,,False,https://forvo.com/word/节水/#zh
L7-2108,节衣缩食,節衣縮食,jiéyī-suōshí,,7-9,2-1-1-2,2-1-1-2,,False,https://forvo.com/word/节衣缩食/#zh
L7-2109,劫,劫,jié,V,7-9,2,2,,False,https://forvo.com/word/劫/#zh
L7-2110,劫持,劫持,jiéchí,V,7-9,2-2,2-2,,False,https://forvo.com/word/劫持/#zh
L7-2111,洁净,潔淨,jiéjìng,Adj,7-9,2-4,2-4,,False,https://forvo.com/word/洁净/#zh
L7-2112,结冰,結冰,jiébīng,V,7-9,2-1,2-1,,False,https://forvo.com/word/结冰/#zh
L7-2113,结晶,結晶,jiéjīng,N,7-9,2-1,2-1,,False,https://forvo.com/word/结晶/#zh
L7-2114,结局,結局,jiéjú,N,7-9,2-2,2-2,,False,https://forvo.com/word/结局/#zh
L7-2115,结识,結識,jiéshí,V,7-9,2-2,2-2,,False,https://forvo.com/word/结识/#zh
L7-2116,结尾,結尾,jiéwěi,V/N,7-9,2-3,2-3,,False,https://forvo.com/word/结尾/#zh
L7-2117,截,截,jié,V/M,7-9,2,2,,False,https://forvo.com/word/截/#zh
L7-2118,截然不同,截然不同,jiérán-bùtóng,,7-9,2-2-4-2,2-2-4-2,,False,https://forvo.com/word/截然不同/#zh
L7-2119,竭尽全力,竭盡全力,jiéjìn-quánlì,,7-9,2-4-2-4,2-4-2-4,,False,https://forvo.com/word/竭尽全力/#zh
L7-2120,竭力,竭力,jiélì,Adv,7-9,2-4,2-4,,False,https://forvo.com/word/竭力/#zh
L7-2121,解答,解答,jiědá,V,7-9,3-2,3-2,,False,https://forvo.com/word/解答/#zh
L7-2122,解读,解讀,jiědú,V,7-9,3-2,3-2,,False,https://forvo.com/word/解读/#zh
L7-2123,解雇,解僱,jiěgù,V,7-9,3-4,3-4,,False,https://forvo.com/word/解雇/#zh
L7-2124,解救,解救,jiějiù,V,7-9,3-4,3-4,,False,https://forvo.com/word/解救/#zh
L7-2125,解剖,解剖,jiěpōu,V,7-9,3-1,3-1,,False,https://forvo.com/word/解剖/#zh
L7-2126,解散,解散,jiěsàn,V,7-9,3-4,3-4,,False,https://forvo.com/word/解散/#zh
L7-2127,解体,解體,jiětǐ,V,7-9,3-3,2-3,third_tone_sandhi,False,https://forvo.com/word/解体/#zh
L7-2128,解脱,解脫,jiětuō,V,7-9,3-1,3-1,,False,https://forvo.com/word/解脱/#zh
L7-2129,解围,解圍,jiěwéi,,7-9,3-2,3-2,,False,https://forvo.com/word/解围/#zh
L7-2130,解析,解析,jiěxī,V,7-9,3-1,3-1,,False,https://forvo.com/word/解析/#zh
L7-2131,介入,介入,jièrù,V,7-9,4-4,4-4,,False,https://forvo.com/word/介入/#zh
L7-2132,介意,介意,jièyì,,7-9,4-4,4-4,,False,https://forvo.com/word/介意/#zh
L7-2133,介于,介於,jièyú,V,7-9,4-2,4-2,,False,https://forvo.com/word/介于/#zh
L7-2134,戒备,戒備,jièbèi,V,7-9,4-4,4-4,,False,https://forvo.com/word/戒备/#zh
L7-2135,戒烟,戒煙,jiè yān,,7-9,4-1,4-1,,False,https://forvo.com/word/戒烟/#zh
L7-2136,戒指,戒指,jièzhi,N,7-9,4-N,4-N,neutral_tone,False,https://forvo.com/word/戒指/#zh
L7-2137,届时,屆時,jièshí,Adv,7-9,4-2,4-2,,False,https://forvo.com/word/届时/#zh
L7-2138,界定,界定,jièdìng,V,7-9,4-4,4-4,,False,https://forvo.com/word/界定/#zh
L7-2139,界限,界限,jièxiàn,N,7-9,4-4,4-4,,False,https://forvo.com/word/界限/#zh
L7-2140,界线,界線,jièxiàn,N,7-9,4-4,4-4,,False,https://forvo.com/word/界线/#zh
L7-2141,借口,借口,jièkǒu,V/N,7-9,4-3,4-3,,False,https://forvo.com/word/借口/#zh
L7-2142,借条,借條,jiètiáo,N,7-9,4-2,4-2,,False,https://forvo.com/word/借条/#zh
L7-2143,借用,借用,jièyòng,V,7-9,4-4,4-4,,False,https://forvo.com/word/借用/#zh
L7-2144,借助,借助,jièzhù,V,7-9,4-4,4-4,,False,https://forvo.com/word/借助/#zh
L7-2145,金属,金屬,jīnshǔ,N,7-9,1-3,1-3,,False,https://forvo.com/word/金属/#zh
L7-2146,金子,金子,jīnzi,N,7-9,1-N,1-N,neutral_tone,False,https://forvo.com/word/金子/#zh
L7-2147,金字塔,金字塔,jīnzìtǎ,N,7-9,1-4-3,1-4-3,,False,https://forvo.com/word/金字塔/#zh
L7-2148,津津有味,津津有味,jīnjīn-yǒuwèi,,7-9,1-1-3-4,1-1-3-4,,False,https://forvo.com/word/津津有味/#zh
L7-2149,津贴,津貼,jīntiē,N,7-9,1-1,1-1,,False,https://forvo.com/word/津贴/#zh
L7-2150,筋,筋,jīn,N,7-9,1,1,,False,https://forvo.com/word/筋/#zh
L7-2151,禁不住,禁不住,jīnbuzhù,V,7-9,1-N-4,1-N-4,neutral_tone,False,https://forvo.com/word/禁不住/#zh
L7-2152,仅次于,僅次於,jǐn cì yú,,7-9,3-4-2,3-4-2,,False,https://forvo.com/word/仅次于/#zh
L7-2153,尽,儘,jǐn,V/Adv,7-9,3,3,,False,https://forvo.com/word/尽/#zh
L7-2154,尽早,儘早,jǐnzǎo,Adv,7-9,3-3,2-3,third_tone_sandhi,False,https://forvo.com/word/尽早/#zh
L7-2155,紧凑,緊湊,jǐncòu,Adj,7-9,3-4,3-4,,False,https://forvo.com/word/紧凑/#zh
L7-2156,紧接着,緊接著,jǐn jiēzhe,,7-9,3-1-N,3-1-N,neutral_tone,False,https://forvo.com/word/紧接着/#zh
L7-2157,紧迫,緊迫,jǐnpò,Adj,7-9,3-4,3-4,,False,https://forvo.com/word/紧迫/#zh
L7-2158,紧缺,緊缺,jǐnquē,Adj,7-9,3-1,3-1,,False,https://forvo.com/word/紧缺/#zh
L7-2159,紧缩,緊縮,jǐnsuō,V,7-9,3-1,3-1,,False,https://forvo.com/word/紧缩/#zh
L7-2160,锦旗,錦旗,jǐnqí,N,7-9,3-2,3-2,,False,https://forvo.com/word/锦旗/#zh
L7-2161,谨慎,謹慎,jǐnshèn,Adj,7-9,3-4,3-4,,False,https://forvo.com/word/谨慎/#zh
L7-2162,尽情,盡情,jìnqíng,Adv,7-9,4-2,4-2,,False,https://forvo.com/word/尽情/#zh
L7-2163,尽头,盡頭,jìntóu,N,7-9,4-2,4-2,,False,https://forvo.com/word/尽头/#zh
L7-2164,进场,進場,jìnchǎng,V,7-9,4-3,4-3,,False,https://forvo.com/word/进场/#zh
L7-2165,进程,進程,jìnchéng,N,7-9,4-2,4-2,,False,https://forvo.com/word/进程/#zh
L7-2166,进出,進出,jìnchū,V,7-9,4-1,4-1,,False,https://forvo.com/word/进出/#zh
L7-2167,进出口,進出口,jìn-chūkǒu,,7-9,4-1-3,4-1-3,,False,https://forvo.com/word/进出口/#zh
L7-2168,进度,進度,jìndù,N,7-9,4-4,4-4,,False,https://forvo.com/word/进度/#zh
L7-2169,进而,進而,jìn'ér,Conj,7-9,4-2,4-2,,False,https://forvo.com/word/进而/#zh
L7-2170,进修,進修,jìnxiū,V,7-9,4-1,4-1,,False,https://forvo.com/word/进修/#zh
L7-2171,近年来,近年來,jìnnián lái,,7-9,4-2-2,4-2-2,,False,https://forvo.com/word/近年来/#zh
L7-2172,劲头,勁頭,jìntóu,N,7-9,4-2,4-2,,False,https://forvo.com/word/劲头/#zh
L7-2173,晋升,晉升,jìnshēng,V,7-9,4-1,4-1,,False,https://forvo.com/word/晋升/#zh
L7-2174,浸泡,浸泡,jìnpào,V,7-9,4-4,4-4,,False,https://forvo.com/word/浸泡/#zh
L7-2175,禁忌,禁忌,jìnjì,N/V,7-9,4-4,4-4,,False,https://forvo.com/word/禁忌/#zh
L7-2176,禁区,禁區,jìnqū,N,7-9,4-1,4-1,,False,https://forvo.com/word/禁区/#zh
L7-2177,茎,莖,jīng,N,7-9,1,1,,False,https://forvo.com/word/茎/#zh
L7-2178,经,經,jīng,V,7-9,1,1,,False,https://forvo.com/word/经/#zh
L7-2179,经度,經度,jīngdù,N,7-9,1-4,1-4,,False,https://forvo.com/word/经度/#zh
L7-2180,经久不息,經久不息,jīngjiǔ-bùxī,,7-9,1-3-4-1,1-3-4-1,,False,https://forvo.com/word/经久不息/#zh
L7-2181,经贸,經貿,jīngmào,N,7-9,1-4,1-4,,False,https://forvo.com/word/经贸/#zh
L7-2182,经商,經商,jīngshāng,,7-9,1-1,1-1,,False,https://forvo.com/word/经商/#zh
L7-2183,经受,經受,jīngshòu,V,7-9,1-4,1-4,,False,https://forvo.com/word/经受/#zh
L7-2184,荆棘,荊棘,jīngjí,N,7-9,1-2,1-2,,False,https://forvo.com/word/荆棘/#zh
L7-2185,惊,驚,jīng,V,7-9,1,1,,False,https://forvo.com/word/惊/#zh
L7-2186,惊诧,驚詫,jīngchà,Adj,7-9,1-4,1-4,,False,https://forvo.com/word/惊诧/#zh
L7-2187,惊慌,驚慌,jīnghuāng,Adj,7-9,1-1,1-1,,False,https://forvo.com/word/惊慌/#zh
L7-2188,惊慌失措,驚慌失措,jīnghuāng-shīcuò,,7-9,1-1-1-4,1-1-1-4,,False,https://forvo.com/word/惊慌失措/#zh
L7-2189,惊奇,驚奇,jīngqí,Adj,7-9,1-2,1-2,,False,https://forvo.com/word/惊奇/#zh
L7-2190,惊叹,驚嘆,jīngtàn,V,7-9,1-4,1-4,,False,https://forvo.com/word/惊叹/#zh
L7-2191,惊天动地,驚天動地,jīngtiān-dòngdì,,7-9,1-1-4-4,1-1-4-4,,False,https://forvo.com/word/惊天动地/#zh
L7-2192,惊险,驚險,jīngxiǎn,Adj,7-9,1-3,1-3,,False,https://forvo.com/word/惊险/#zh
L7-2193,惊心动魄,驚心動魄,jīngxīn-dòngpò,,7-9,1-1-4-4,1-1-4-4,,False,https://forvo.com/word/惊心动魄/#zh
L7-2194,惊醒,驚醒,jīngxǐng,V,7-9,1-3,1-3,,False,https://forvo.com/word/惊醒/#zh
L7-2195,惊讶,驚訝,jīngyà,Adj,7-9,1-4,1-4,,False,https://forvo.com/word/惊讶/#zh
L7-2196,晶莹,晶瑩,jīngyíng,Adj,7-9,1-2,1-2,,False,https://forvo.com/word/晶莹/#zh
L7-2197,兢兢业业,兢兢業業,jīngjīngyèyè,Adj,7-9,1-1-4-4,1-1-4-4,,False,https://forvo.com/word/兢兢业业/#zh
L7-2198,精打细算,精打細算,jīngdǎ-xìsuàn,,7-9,1-3-4-4,1-3-4-4,,False,https://forvo.com/word/精打细算/#zh
L7-2199,精华,精華,jīnghuá,N,7-9,1-2,1-2,,False,https://forvo.com/word/精华/#zh
L7-2200,精简,精簡,jīngjiǎn,V,7-9,1-3,1-3,,False,https://forvo.com/word/精简/#zh
L7-2201,精练,精練,jīngliàn,Adj,7-9,1-4,1-4,,False,https://forvo.com/word/精练/#zh
L7-2202,精妙,精妙,jīngmiào,Adj,7-9,1-4,1-4,,False,https://forvo.com/word/精妙/#zh
L7-2203,精明,精明,jīngmíng,Adj,7-9,1-2,1-2,,False,https://forvo.com/word/精明/#zh
L7-2204,精疲力竭,精疲力竭,jīngpí-lìjié,,7-9,1-2-4-2,1-2-4-2,,False,https://forvo.com/word/精疲力竭/#zh
L7-2205,精确,精確,jīngquè,Adj,7-9,1-4,1-4,,False,https://forvo.com/word/精确/#zh
L7-2206,精神病,精神病,jīngshénbìng,N,7-9,1-2-4,1-2-4,,False,https://forvo.com/word/精神病/#zh
L7-2207,精髓,精髓,jīngsuǐ,N,7-9,1-3,1-3,,False,https://forvo.com/word/精髓/#zh
L7-2208,精通,精通,jīngtōng,V,7-9,1-1,1-1,,False,https://forvo.com/word/精通/#zh
L7-2209,精细,精細,jīngxì,Adj,7-9,1-4,1-4,,False,https://forvo.com/word/精细/#zh
L7-2210,精心,精心,jīngxīn,Adj,7-9,1-1,1-1,,False,https://forvo.com/word/精心/#zh
L7-2211,精益求精,精益求精,jīngyìqiújīng,,7-9,1-4-2-1,1-4-2-1,,False,https://forvo.com/word/精益求精/#zh
L7-2212,精英,精英,jīngyīng,N,7-9,1-1,1-1,,False,https://forvo.com/word/精英/#zh
L7-2213,精致,精緻,jīngzhì,Adj,7-9,1-4,1-4,,False,https://forvo.com/word/精致/#zh
L7-2214,颈部,頸部,jǐngbù,N,7-9,3-4,3-4,,False,https://forvo.com/word/颈部/#zh
L7-2215,景观,景觀,jǐngguān,N,7-9,3-1,3-1,,False,https://forvo.com/word/景观/#zh
L7-2216,景区,景區,jǐngqū,N,7-9,3-1,3-1,,False,https://forvo.com/word/景区/#zh
L7-2217,警车,警車,jǐngchē,N,7-9,3-1,3-1,,False,https://forvo.com/word/警车/#zh
L7-2218,警官,警官,jǐngguān,N,7-9,3-1,3-1,,False,https://forvo.com/word/警官/#zh
L7-2219,警惕,警惕,jǐngtì,V,7-9,3-4,3-4,,False,https://forvo.com/word/警惕/#zh
L7-2220,警钟,警鐘,jǐngzhōng,N,7-9,3-1,3-1,,False,https://forvo.com/word/警钟/#zh
L7-2221,净化,淨化,jìnghuà,V,7-9,4-4,4-4,,False,https://forvo.com/word/净化/#zh
L7-2222,竞技,競技,jìngjì,V,7-9,4-4,4-4,,False,https://forvo.com/word/竞技/#zh
L7-2223,竞相,競相,jìngxiāng,Adv,7-9,4-1,4-1,,False,https://forvo.com/word/竞相/#zh
L7-2224,竞选,競選,jìngxuǎn,V,7-9,4-3,4-3,,False,https://forvo.com/word/竞选/#zh
L7-2225,竟,竟,jìng,Adv,7-9,4,4,,False,https://forvo.com/word/竟/#zh
L7-2226,竟敢,竟敢,jìnggǎn,V,7-9,4-3,4-3,,False,https://forvo.com/word/竟敢/#zh
L7-2227,敬,敬,jìng,V,7-9,4,4,,False,https://forvo.com/word/敬/#zh
L7-2228,敬爱,敬愛,jìng'ài,V,7-9,4-4,4-4,,False,https://forvo.com/word/敬爱/#zh
L7-2229,敬而远之,敬而遠之,jìng'éryuǎnzhī,,7-9,4-2-3-1,4-2-3-1,,False,https://forvo.com/word/敬而远之/#zh
L7-2230,敬酒,敬酒,jìngjiǔ,V,7-9,4-3,4-3,,False,https://forvo.com/word/敬酒/#zh
L7-2231,敬礼,敬禮,jìnglǐ,,7-9,4-3,4-3,,False,https://forvo.com/word/敬礼/#zh
L7-2232,敬佩,敬佩,jìngpèi,V,7-9,4-4,4-4,,False,https://forvo.com/word/敬佩/#zh
L7-2233,敬请,敬請,jìngqǐng,V,7-9,4-3,4-3,,False,https://forvo.com/word/敬请/#zh
L7-2234,敬业,敬業,jìngyè,V,7-9,4-4,4-4,,False,https://forvo.com/word/敬业/#zh
L7-2235,敬意,敬意,jìngyì,N,7-9,4-4,4-4,,False,https://forvo.com/word/敬意/#zh
L7-2236,敬重,敬重,jìngzhòng,V,7-9,4-4,4-4,,False,https://forvo.com/word/敬重/#zh
L7-2237,静止,靜止,jìngzhǐ,V,7-9,4-3,4-3,,False,https://forvo.com/word/静止/#zh
L7-2238,境地,境地,jìngdì,N,7-9,4-4,4-4,,False,https://forvo.com/word/境地/#zh
L7-2239,境界,境界,jìngjiè,N,7-9,4-4,4-4,,False,https://forvo.com/word/境界/#zh
L7-2240,境内,境內,jìngnèi,N,7-9,4-4,4-4,,False,https://forvo.com/word/境内/#zh
L7-2241,境外,境外,jìngwài,N,7-9,4-4,4-4,,False,https://forvo.com/word/境外/#zh
L7-2242,境遇,境遇,jìngyù,N,7-9,4-4,4-4,,False,https://forvo.com/word/境遇/#zh
L7-2243,窘迫,窘迫,jiǒngpò,Adj,7-9,3-4,3-4,,False,https://forvo.com/word/窘迫/#zh
L7-2244,纠缠,糾纏,jiūchán,V,7-9,1-2,1-2,,False,https://forvo.com/word/纠缠/#zh
L7-2245,揪,揪,jiū,V,7-9,1,1,,False,https://forvo.com/word/揪/#zh
L7-2246,久违,久違,jiǔwéi,V,7-9,3-2,3-2,,False,https://forvo.com/word/久违/#zh
L7-2247,久仰,久仰,jiǔyǎng,V,7-9,3-3,2-3,third_tone_sandhi,False,https://forvo.com/word/久仰/#zh
L7-2248,酒精,酒精,jiǔjīng,N,7-9,3-1,3-1,,False,https://forvo.com/word/酒精/#zh
L7-2249,酒楼,酒樓,jiǔlóu,N,7-9,3-2,3-2,,False,https://forvo.com/word/酒楼/#zh
L7-2250,救护车,救護車,jiùhùchē,N,7-9,4-4-1,4-4-1,,False,https://forvo.com/word/救护车/#zh
L7-2251,救济,救濟,jiùjì,V,7-9,4-4,4-4,,False,https://forvo.com/word/救济/#zh
L7-2252,救治,救治,jiùzhì,V,7-9,4-4,4-4,,False,https://forvo.com/word/救治/#zh
L7-2253,就餐,就餐,jiùcān,V,7-9,4-1,4-1,,False,https://forvo.com/word/就餐/#zh
L7-2254,就地,就地,jiùdì,Adv,7-9,4-4,4-4,,False,https://forvo.com/word/就地/#zh
L7-2255,就读,就讀,jiùdú,V,7-9,4-2,4-2,,False,https://forvo.com/word/就读/#zh
L7-2256,就近,就近,jiùjìn,Adv,7-9,4-4,4-4,,False,https://forvo.com/word/就近/#zh
L7-2257,就任,就任,jiùrèn,V,7-9,4-4,4-4,,False,https://forvo.com/word/就任/#zh
L7-2258,就医,就醫,jiùyī,,7-9,4-1,4-1,,False,https://forvo.com/word/就医/#zh
L7-2259,就诊,就診,jiùzhěn,,7-9,4-3,4-3,,False,https://forvo.com/word/就诊/#zh
L7-2260,就职,就職,jiùzhí,,7-9,4-2,4-2,,False,https://forvo.com/word/就职/#zh
L7-2261,就座,就座,jiùzuò,,7-9,4-4,4-4,,False,https://forvo.com/word/就座/#zh
L7-2262,舅舅,舅舅,jiùjiu,N,7-9,4-N,4-N,neutral_tone,False,https://forvo.com/word/舅舅/#zh
L7-2263,拘留,拘留,jūliú,V,7-9,1-2,1-2,,False,https://forvo.com/word/拘留/#zh
L7-2264,拘束,拘束,jūshù,V/Adj,7-9,1-4,1-4,,False,https://forvo.com/word/拘束/#zh
L7-2265,居高临下,居高臨下,jūgāo-línxià,,7-9,1-1-2-4,1-1-2-4,,False,https://forvo.com/word/居高临下/#zh
L7-2266,居民楼,居民樓,jūmínlóu,N,7-9,1-2-2,1-2-2,,False,https://forvo.com/word/居民楼/#zh
L7-2267,鞠躬,鞠躬,jūgōng,,7-9,1-1,1-1,,False,https://forvo.com/word/鞠躬/#zh
L7-2268,局部,局部,júbù,N,7-9,2-4,2-4,,False,https://forvo.com/word/局部/#zh
L7-2269,局势,局勢,júshì,N,7-9,2-4,2-4,,False,https://forvo.com/word/局势/#zh
L7-2270,局限,侷限,júxiàn,V,7-9,2-4,2-4,,False,https://forvo.com/word/局限/#zh
L7-2271,菊花,菊花,júhuā,N,7-9,2-1,2-1,,False,https://forvo.com/word/菊花/#zh
L7-2272,橘子,橘子,júzi,N,7-9,2-N,2-N,neutral_tone,False,https://forvo.com/word/橘子/#zh
L7-2273,沮丧,沮喪,jǔsàng,Adj,7-9,3-4,3-4,,False,https://forvo.com/word/沮丧/#zh
L7-2274,举报,舉報,jǔbào,V,7-9,3-4,3-4,,False,https://forvo.com/word/举报/#zh
L7-2275,举措,舉措,jǔcuò,N,7-9,3-4,3-4,,False,https://forvo.com/word/举措/#zh
L7-2276,举例,舉例,jǔlì,,7-9,3-4,3-4,,False,https://forvo.com/word/举例/#zh
L7-2277,举世闻名,舉世聞名,jǔshì-wénmíng,,7-9,3-4-2-2,3-4-2-2,,False,https://forvo.com/word/举世闻名/#zh
L7-2278,举世无双,舉世無雙,jǔshì-wúshuāng,,7-9,3-4-2-1,3-4-2-1,,False,https://forvo.com/word/举世无双/#zh
L7-2279,举世瞩目,舉世矚目,jǔshì-zhǔmù,,7-9,3-4-3-4,3-4-3-4,,False,https://forvo.com/word/举世瞩目/#zh
L7-2280,举一反三,舉一反三,jǔyī-fǎnsān,,7-9,3-1-3-1,3-4-3-1,yi_before_non_t4,False,https://forvo.com/word/举一反三/#zh
L7-2281,举止,舉止,jǔzhǐ,N,7-9,3-3,2-3,third_tone_sandhi,False,https://forvo.com/word/举止/#zh
L7-2282,举重,舉重,jǔzhòng,N,7-9,3-4,3-4,,False,https://forvo.com/word/举重/#zh
L7-2283,巨额,巨額,jù'é,Adj,7-9,4-2,4-2,,False,https://forvo.com/word/巨额/#zh
L7-2284,巨人,巨人,jùrén,N,7-9,4-2,4-2,,False,https://forvo.com/word/巨人/#zh
L7-2285,巨头,巨頭,jùtóu,N,7-9,4-2,4-2,,False,https://forvo.com/word/巨头/#zh
L7-2286,巨星,巨星,jùxīng,N,7-9,4-1,4-1,,False,https://forvo.com/word/巨星/#zh
L7-2287,巨型,巨型,jùxíng,Adj,7-9,4-2,4-2,,False,https://forvo.com/word/巨型/#zh
L7-2288,剧烈,劇烈,jùliè,Adj,7-9,4-4,4-4,,False,https://forvo.com/word/剧烈/#zh
L7-2289,剧目,劇目,jùmù,N,7-9,4-4,4-4,,False,https://forvo.com/word/剧目/#zh
L7-2290,剧情,劇情,jùqíng,N,7-9,4-2,4-2,,False,https://forvo.com/word/剧情/#zh
L7-2291,剧团,劇團,jùtuán,N,7-9,4-2,4-2,,False,https://forvo.com/word/剧团/#zh
L7-2292,剧院,劇院,jùyuàn,N,7-9,4-4,4-4,,False,https://forvo.com/word/剧院/#zh
L7-2293,剧组,劇組,jùzǔ,N,7-9,4-3,4-3,,False,https://forvo.com/word/剧组/#zh
L7-2294,据此,據此,jùcǐ,V,7-9,4-3,4-3,,False,https://forvo.com/word/据此/#zh
L7-2295,据悉,據悉,jùxī,V,7-9,4-1,4-1,,False,https://forvo.com/word/据悉/#zh
L7-2296,距,距,jù,V,7-9,4,4,,False,https://forvo.com/word/距/#zh
L7-2297,锯,鋸,jù,N/V,7-9,4,4,,False,https://forvo.com/word/锯/#zh
L7-2298,聚集,聚集,jùjí,V,7-9,4-2,4-2,,False,https://forvo.com/word/聚集/#zh
L7-2299,聚精会神,聚精會神,jùjīng-huìshén,,7-9,4-1-4-2,4-1-4-2,,False,https://forvo.com/word/聚精会神/#zh
L7-2300,捐献,捐獻,juānxiàn,V,7-9,1-4,1-4,,False,https://forvo.com/word/捐献/#zh
L7-2301,卷入,捲入,juǎnrù,V,7-9,3-4,3-4,,False,https://forvo.com/word/卷入/#zh
L7-2302,卷子,卷子,juànzi,N,7-9,4-N,4-N,neutral_tone,False,https://forvo.com/word/卷子/#zh
L7-2303,圈,圈,juàn,N,7-9,4,4,,False,https://forvo.com/word/圈/#zh
L7-2304,决议,決議,juéyì,N,7-9,2-4,2-4,,False,https://forvo.com/word/决议/#zh
L7-2305,诀别,訣別,juébié,V,7-9,2-2,2-2,,False,https://forvo.com/word/诀别/#zh
L7-2306,诀窍,訣竅,juéqiào,N,7-9,2-4,2-4,,False,https://forvo.com/word/诀窍/#zh
L7-2307,角逐,角逐,juézhú,V,7-9,2-2,2-2,,False,https://forvo.com/word/角逐/#zh
L7-2308,觉醒,覺醒,juéxǐng,V,7-9,2-3,2-3,,False,https://forvo.com/word/觉醒/#zh
L7-2309,绝技,絕技,juéjì,N,7-9,2-4,2-4,,False,https://forvo.com/word/绝技/#zh
L7-2310,绝缘,絕緣,juéyuán,V,7-9,2-2,2-2,,False,https://forvo.com/word/绝缘/#zh
L7-2311,绝招,絕招,juézhāo,N,7-9,2-1,2-1,,False,https://forvo.com/word/绝招/#zh
L7-2312,倔强,倔強,juéjiàng,Adj,7-9,2-4,2-4,,False,https://forvo.com/word/倔强/#zh
L7-2313,崛起,崛起,juéqǐ,V,7-9,2-3,2-3,,False,https://forvo.com/word/崛起/#zh
L7-2314,爵士,爵士,juéshì,N,7-9,2-4,2-4,,False,https://forvo.com/word/爵士/#zh
L7-2315,倔,倔,juè,Adj,7-9,4,4,,False,https://forvo.com/word/倔/#zh
L7-2316,军官,軍官,jūnguān,N,7-9,1-1,1-1,,False,https://forvo.com/word/军官/#zh
L7-2317,均衡,均衡,jūnhéng,Adj,7-9,1-2,1-2,,False,https://forvo.com/word/均衡/#zh
L7-2318,均匀,均勻,jūnyún,Adj,7-9,1-2,1-2,,False,https://forvo.com/word/均匀/#zh
L7-2319,君子,君子,jūnzǐ,N,7-9,1-3,1-3,,False,https://forvo.com/word/君子/#zh
L7-2320,俊,俊,jùn,Adj,7-9,4,4,,False,https://forvo.com/word/俊/#zh
L7-2321,俊俏,俊俏,jùnqiào,Adj,7-9,4-4,4-4,,False,https://forvo.com/word/俊俏/#zh
L7-2322,骏马,駿馬,jùnmǎ,N,7-9,4-3,4-3,,False,https://forvo.com/word/骏马/#zh
L7-2323,竣工,竣工,jùngōng,V,7-9,4-1,4-1,,False,https://forvo.com/word/竣工/#zh
L7-2324,卡车,卡車,kǎchē,N,7-9,3-1,3-1,,False,https://forvo.com/word/卡车/#zh
L7-2325,卡片,卡片,kǎpiàn,N,7-9,3-4,3-4,,False,https://forvo.com/word/卡片/#zh
L7-2326,卡通,卡通,kǎtōng,N,7-9,3-1,3-1,,False,https://forvo.com/word/卡通/#zh
L7-2327,开办,開辦,kāibàn,V,7-9,1-4,1-4,,False,https://forvo.com/word/开办/#zh
L7-2328,开采,開採,kāicǎi,V,7-9,1-3,1-3,,False,https://forvo.com/word/开采/#zh
L7-2329,开场,開場,kāichǎng,,7-9,1-3,1-3,,False,https://forvo.com/word/开场/#zh
L7-2330,开场白,開場白,kāichǎngbái,N,7-9,1-3-2,1-3-2,,False,https://forvo.com/word/开场白/#zh
L7-2331,开除,開除,kāichú,V,7-9,1-2,1-2,,False,https://forvo.com/word/开除/#zh
L7-2332,开动,開動,kāidòng,V,7-9,1-4,1-4,,False,https://forvo.com/word/开动/#zh
L7-2333,开发区,開發區,kāifāqū,N,7-9,1-1-1,1-1-1,,False,https://forvo.com/word/开发区/#zh
L7-2334,开发商,開發商,kāifāshāng,N,7-9,1-1-1,1-1-1,,False,https://forvo.com/word/开发商/#zh
L7-2335,开工,開工,kāigōng,,7-9,1-1,1-1,,False,https://forvo.com/word/开工/#zh
L7-2336,开垦,開墾,kāikěn,V,7-9,1-3,1-3,,False,https://forvo.com/word/开垦/#zh
L7-2337,开口,開口,kāikǒu,,7-9,1-3,1-3,,False,https://forvo.com/word/开口/#zh
L7-2338,开阔,開闊,kāikuò,Adj/V,7-9,1-4,1-4,,False,https://forvo.com/word/开阔/#zh
L7-2339,开朗,開朗,kāilǎng,Adj,7-9,1-3,1-3,,False,https://forvo.com/word/开朗/#zh
L7-2340,开辟,開闢,kāipì,V,7-9,1-4,1-4,,False,https://forvo.com/word/开辟/#zh
L7-2341,开启,開啟,kāiqǐ,V,7-9,1-3,1-3,,False,https://forvo.com/word/开启/#zh
L7-2342,开枪,開槍,kāi qiāng,,7-9,1-1,1-1,,False,https://forvo.com/word/开枪/#zh
L7-2343,开天辟地,開天闢地,kāitiān-pìdì,,7-9,1-1-4-4,1-1-4-4,,False,https://forvo.com/word/开天辟地/#zh
L7-2344,开拓,開拓,kāituò,V,7-9,1-4,1-4,,False,https://forvo.com/word/开拓/#zh
L7-2345,开销,開銷,kāixiāo,V/N,7-9,1-1,1-1,,False,https://forvo.com/word/开销/#zh
L7-2346,开张,開張,kāizhāng,,7-9,1-1,1-1,,False,https://forvo.com/word/开张/#zh
L7-2347,开支,開支,kāizhī,N,7-9,1-1,1-1,,False,https://forvo.com/word/开支/#zh
L7-2348,凯歌,凱歌,kǎigē,N,7-9,3-1,3-1,,False,https://forvo.com/word/凯歌/#zh
L7-2349,楷模,楷模,kǎimó,N,7-9,3-2,3-2,,False,https://forvo.com/word/楷模/#zh
L7-2350,刊登,刊登,kāndēng,V,7-9,1-1,1-1,,False,https://forvo.com/word/刊登/#zh
L7-2351,刊物,刊物,kānwù,N,7-9,1-4,1-4,,False,https://forvo.com/word/刊物/#zh
L7-2352,看护,看護,kānhù,V/N,7-9,1-4,1-4,,False,https://forvo.com/word/看护/#zh
L7-2353,勘探,勘探,kāntàn,V,7-9,1-4,1-4,,False,https://forvo.com/word/勘探/#zh
L7-2354,堪称,堪稱,kānchēng,V,7-9,1-1,1-1,,False,https://forvo.com/word/堪称/#zh
L7-2355,侃大山,侃大山,kǎn dàshān,,7-9,3-4-1,3-4-1,,False,https://forvo.com/word/侃大山/#zh
L7-2356,砍,砍,kǎn,V,7-9,3,3,,False,https://forvo.com/word/砍/#zh
L7-2357,看得出,看得出,kàndechū,V,7-9,4-N-1,4-N-1,neutral_tone,False,https://forvo.com/word/看得出/#zh
L7-2358,看热闹,看熱鬧,kàn rènao,,7-9,4-4-N,4-4-N,neutral_tone,False,https://forvo.com/word/看热闹/#zh
L7-2359,看似,看似,kànsì,V,7-9,4-4,4-4,,False,https://forvo.com/word/看似/#zh
L7-2360,看台,看台,kàntái,N,7-9,4-2,4-2,,False,https://forvo.com/word/看台/#zh
L7-2361,看样子,看樣子,kàn yàngzi,,7-9,4-4-N,4-4-N,neutral_tone,False,https://forvo.com/word/看样子/#zh
L7-2362,看中,看中,kànzhòng,,7-9,4-4,4-4,,False,https://forvo.com/word/看中/#zh
L7-2363,看重,看重,kànzhòng,V,7-9,4-4,4-4,,False,https://forvo.com/word/看重/#zh
L7-2364,慷慨,慷慨,kāngkǎi,Adj,7-9,1-3,1-3,,False,https://forvo.com/word/慷慨/#zh
L7-2365,扛,扛,káng,V,7-9,2,2,,False,https://forvo.com/word/扛/#zh
L7-2366,抗衡,抗衡,kànghéng,V,7-9,4-2,4-2,,False,https://forvo.com/word/抗衡/#zh
L7-2367,抗拒,抗拒,kàngjù,V,7-9,4-4,4-4,,False,https://forvo.com/word/抗拒/#zh
L7-2368,抗生素,抗生素,kàngshēngsù,N,7-9,4-1-4,4-1-4,,False,https://forvo.com/word/抗生素/#zh
L7-2369,抗争,抗爭,kàngzhēng,V,7-9,4-1,4-1,,False,https://forvo.com/word/抗争/#zh
L7-2370,考量,考量,kǎoliáng,V,7-9,3-2,3-2,,False,https://forvo.com/word/考量/#zh
L7-2371,烤,烤,kǎo,V,7-9,3,3,,False,https://forvo.com/word/烤/#zh
L7-2372,靠拢,靠攏,kàolǒng,V,7-9,4-3,4-3,,False,https://forvo.com/word/靠拢/#zh
L7-2373,苛刻,苛刻,kēkè,Adj,7-9,1-4,1-4,,False,https://forvo.com/word/苛刻/#zh
L7-2374,科幻,科幻,kēhuàn,N,7-9,1-4,1-4,,False,https://forvo.com/word/科幻/#zh
L7-2375,科目,科目,kēmù,N,7-9,1-4,1-4,,False,https://forvo.com/word/科目/#zh
L7-2376,科普,科普,kēpǔ,N,7-9,1-3,1-3,,False,https://forvo.com/word/科普/#zh
L7-2377,磕,磕,kē,V,7-9,1,1,,False,https://forvo.com/word/磕/#zh
L7-2378,壳,殼,ké,N,7-9,4,4,,False,https://forvo.com/word/壳/#zh
L7-2379,咳嗽,咳嗽,késou,V,7-9,2-N,2-N,neutral_tone,False,https://forvo.com/word/咳嗽/#zh
L7-2380,可悲,可悲,kěbēi,Adj,7-9,3-1,3-1,,False,https://forvo.com/word/可悲/#zh
L7-2381,可不是,可不是,kěbùshi,Adv,7-9,3-N-4,3-N-4,neutral_tone,False,https://forvo.com/word/可不是/#zh
L7-2382,可乘之机,可乘之機,kěchéngzhījī,,7-9,3-2-1-1,3-2-1-1,,False,https://forvo.com/word/可乘之机/#zh
L7-2383,可耻,可恥,kěchǐ,Adj,7-9,3-3,2-3,third_tone_sandhi,False,https://forvo.com/word/可耻/#zh
L7-2384,可歌可泣,可歌可泣,kěgē-kěqì,,7-9,3-1-3-4,3-1-3-4,,False,https://forvo.com/word/可歌可泣/#zh
L7-2385,可观,可觀,kěguān,Adj,7-9,3-1,3-1,,False,https://forvo.com/word/可观/#zh
L7-2386,可贵,可貴,kěguì,Adj,7-9,3-4,3-4,,False,https://forvo.com/word/可贵/#zh
L7-2387,可口,可口,kěkǒu,Adj,7-9,3-3,2-3,third_tone_sandhi,False,https://forvo.com/word/可口/#zh
L7-2388,可谓,可謂,kěwèi,V,7-9,3-4,3-4,,False,https://forvo.com/word/可谓/#zh
L7-2389,可恶,可惡,kěwù,Adj,7-9,3-4,3-4,,False,https://forvo.com/word/可恶/#zh
L7-2390,可想而知,可想而知,kěxiǎng'érzhī,,7-9,3-3-2-1,2-3-2-1,third_tone_sandhi,False,https://forvo.com/word/可想而知/#zh
L7-2391,可笑,可笑,kěxiào,Adj,7-9,3-4,3-4,,False,https://forvo.com/word/可笑/#zh
L7-2392,可信,可信,kěxìn,Adj,7-9,3-4,3-4,,False,https://forvo.com/word/可信/#zh
L7-2393,可行,可行,kěxíng,Adj,7-9,3-2,3-2,,False,https://forvo.com/word/可行/#zh
L7-2394,可疑,可疑,kěyí,Adj,7-9,3-2,3-2,,False,https://forvo.com/word/可疑/#zh
L7-2395,克隆,克隆,kèlóng,V,7-9,4-2,4-2,,False,https://forvo.com/word/克隆/#zh
L7-2396,克制,克制,kèzhì,V,7-9,4-4,4-4,,False,https://forvo.com/word/克制/#zh
L7-2397,刻苦,刻苦,kèkǔ,Adj,7-9,4-3,4-3,,False,https://forvo.com/word/刻苦/#zh
L7-2398,刻意,刻意,kèyì,Adv,7-9,4-4,4-4,,False,https://forvo.com/word/刻意/#zh
L7-2399,刻舟求剑,刻舟求劍,kèzhōu-qiújiàn,,7-9,4-1-2-4,4-1-2-4,,False,https://forvo.com/word/刻舟求剑/#zh
L7-2400,客房,客房,kèfáng,N,7-9,4-2,4-2,,False,https://forvo.com/word/客房/#zh
L7-2401,客机,客機,kèjī,N,7-9,4-1,4-1,,False,https://forvo.com/word/客机/#zh
L7-2402,客流,客流,kèliú,N,7-9,4-2,4-2,,False,https://forvo.com/word/客流/#zh
L7-2403,客运,客運,kèyùn,N,7-9,4-4,4-4,,False,https://forvo.com/word/客运/#zh
L7-2404,恳求,懇求,kěnqiú,V,7-9,3-2,3-2,,False,https://forvo.com/word/恳求/#zh
L7-2405,啃,啃,kěn,V,7-9,3,3,,False,https://forvo.com/word/啃/#zh
L7-2406,坑,坑,kēng,V/N,7-9,1,1,,False,https://forvo.com/word/坑/#zh
L7-2407,空荡荡,空蕩蕩,kōngdàngdàng,Adj,7-9,1-4-4,1-4-4,,False,https://forvo.com/word/空荡荡/#zh
L7-2408,空难,空難,kōngnàn,N,7-9,1-4,1-4,,False,https://forvo.com/word/空难/#zh
L7-2409,空前,空前,kōngqián,V,7-9,1-2,1-2,,False,https://forvo.com/word/空前/#zh
L7-2410,空想,空想,kōngxiǎng,V/N,7-9,1-3,1-3,,False,https://forvo.com/word/空想/#zh
L7-2411,空虚,空虛,kōngxū,Adj,7-9,1-1,1-1,,False,https://forvo.com/word/空虚/#zh
L7-2412,恐怖,恐怖,kǒngbù,Adj,7-9,3-4,3-4,,False,https://forvo.com/word/恐怖/#zh
L7-2413,恐吓,恐嚇,kǒnghè,V,7-9,3-4,3-4,,False,https://forvo.com/word/恐吓/#zh
L7-2414,恐慌,恐慌,kǒnghuāng,Adj,7-9,3-1,3-1,,False,https://forvo.com/word/恐慌/#zh
L7-2415,恐惧,恐懼,kǒngjù,Adj,7-9,3-4,3-4,,False,https://forvo.com/word/恐惧/#zh
L7-2416,恐龙,恐龍,kǒnglóng,N,7-9,3-2,3-2,,False,https://forvo.com/word/恐龙/#zh
L7-2417,空白,空白,kòngbái,N,7-9,4-2,4-2,,False,https://forvo.com/word/空白/#zh
L7-2418,空地,空地,kòngdì,N,7-9,4-4,4-4,,False,https://forvo.com/word/空地/#zh
L7-2419,空隙,空隙,kòngxì,N,7-9,4-4,4-4,,False,https://forvo.com/word/空隙/#zh
L7-2420,控告,控告,kònggào,V,7-9,4-4,4-4,,False,https://forvo.com/word/控告/#zh
L7-2421,抠,摳,kōu,V/Adj,7-9,1,1,,False,https://forvo.com/word/抠/#zh
L7-2422,口碑,口碑,kǒubēi,N,7-9,3-1,3-1,,False,https://forvo.com/word/口碑/#zh
L7-2423,口才,口才,kǒucái,N,7-9,3-2,3-2,,False,https://forvo.com/word/口才/#zh
L7-2424,口吃,口吃,kǒuchī,V,7-9,3-1,3-1,,False,https://forvo.com/word/口吃/#zh
L7-2425,口感,口感,kǒugǎn,N,7-9,3-3,2-3,third_tone_sandhi,False,https://forvo.com/word/口感/#zh
L7-2426,口径,口徑,kǒujìng,N,7-9,3-4,3-4,,False,https://forvo.com/word/口径/#zh
L7-2427,口令,口令,kǒulìng,N,7-9,3-4,3-4,,False,https://forvo.com/word/口令/#zh
L7-2428,口气,口氣,kǒuqì,N,7-9,3-4,3-4,,False,https://forvo.com/word/口气/#zh
L7-2429,口腔,口腔,kǒuqiāng,N,7-9,3-1,3-1,,False,https://forvo.com/word/口腔/#zh
L7-2430,口哨,口哨,kǒushào,N,7-9,3-4,3-4,,False,https://forvo.com/word/口哨/#zh
L7-2431,口水,口水,kǒushuǐ,N,7-9,3-3,2-3,third_tone_sandhi,False,https://forvo.com/word/口水/#zh
L7-2432,口头,口頭,kǒutóu,N/Adj,7-9,3-2,3-2,,False,https://forvo.com/word/口头/#zh
L7-2433,口味,口味,kǒuwèi,N,7-9,3-4,3-4,,False,https://forvo.com/word/口味/#zh
L7-2434,口香糖,口香糖,kǒuxiāngtáng,N,7-9,3-1-2,3-1-2,,False,https://forvo.com/word/口香糖/#zh
L7-2435,口音,口音,kǒuyīn,N,7-9,3-1,3-1,,False,https://forvo.com/word/口音/#zh
L7-2436,口罩,口罩,kǒuzhào,N,7-9,3-4,3-4,,False,https://forvo.com/word/口罩/#zh
L7-2437,口子,口子,kǒuzi,N,7-9,3-N,3-N,neutral_tone,False,https://forvo.com/word/口子/#zh
L7-2438,扣除,扣除,kòuchú,V,7-9,4-2,4-2,,False,https://forvo.com/word/扣除/#zh
L7-2439,扣留,扣留,kòuliú,V,7-9,4-2,4-2,,False,https://forvo.com/word/扣留/#zh
L7-2440,扣人心弦,扣人心弦,kòurénxīnxián,,7-9,4-2-1-2,4-2-1-2,,False,https://forvo.com/word/扣人心弦/#zh
L7-2441,扣押,扣押,kòuyā,V,7-9,4-1,4-1,,False,https://forvo.com/word/扣押/#zh
L7-2442,枯燥,枯燥,kūzào,Adj,7-9,1-4,1-4,,False,https://forvo.com/word/枯燥/#zh
L7-2443,哭泣,哭泣,kūqì,V,7-9,1-4,1-4,,False,https://forvo.com/word/哭泣/#zh
L7-2444,哭笑不得,哭笑不得,kūxiào-bùdé,,7-9,1-4-4-2,1-4-4-2,,False,https://forvo.com/word/哭笑不得/#zh
L7-2445,窟窿,窟窿,kūlong,N,7-9,1-N,1-N,neutral_tone,False,https://forvo.com/word/窟窿/#zh
L7-2446,苦力,苦力,kǔlì,N,7-9,3-4,3-4,,False,https://forvo.com/word/苦力/#zh
L7-2447,苦练,苦練,kǔ liàn,,7-9,3-4,3-4,,False,https://forvo.com/word/苦练/#zh
L7-2448,苦难,苦難,kǔnàn,N,7-9,3-4,3-4,,False,https://forvo.com/word/苦难/#zh
L7-2449,苦恼,苦惱,kǔnǎo,Adj,7-9,3-3,2-3,third_tone_sandhi,False,https://forvo.com/word/苦恼/#zh
L7-2450,苦笑,苦笑,kǔxiào,V,7-9,3-4,3-4,,False,https://forvo.com/word/苦笑/#zh
L7-2451,苦心,苦心,kǔxīn,N/Adv,7-9,3-1,3-1,,False,https://forvo.com/word/苦心/#zh
L7-2452,酷似,酷似,kùsì,V,7-9,4-4,4-4,,False,https://forvo.com/word/酷似/#zh
L7-2453,夸,誇,kuā,V,7-9,1,1,,False,https://forvo.com/word/夸/#zh
L7-2454,夸大,誇大,kuādà,V,7-9,1-4,1-4,,False,https://forvo.com/word/夸大/#zh
L7-2455,夸奖,誇獎,kuājiǎng,V,7-9,1-3,1-3,,False,https://forvo.com/word/夸奖/#zh
L7-2456,夸夸其谈,誇誇其談,kuākuā-qítán,,7-9,1-1-2-2,1-1-2-2,,False,https://forvo.com/word/夸夸其谈/#zh
L7-2457,夸耀,誇耀,kuāyào,V,7-9,1-4,1-4,,False,https://forvo.com/word/夸耀/#zh
L7-2458,夸张,誇張,kuāzhāng,Adj/N,7-9,1-1,1-1,,False,https://forvo.com/word/夸张/#zh
L7-2459,垮,垮,kuǎ,V,7-9,3,3,,False,https://forvo.com/word/垮/#zh
L7-2460,挎,挎,kuà,V,7-9,4,4,,False,https://forvo.com/word/挎/#zh
L7-2461,跨国,跨國,kuàguó,V,7-9,4-2,4-2,,False,https://forvo.com/word/跨国/#zh
L7-2462,跨越,跨越,kuàyuè,V,7-9,4-4,4-4,,False,https://forvo.com/word/跨越/#zh
L7-2463,快捷,快捷,kuàijié,Adj,7-9,4-2,4-2,,False,https://forvo.com/word/快捷/#zh
L7-2464,宽敞,寬敞,kuānchang,Adj,7-9,1-N,1-N,neutral_tone,False,https://forvo.com/word/宽敞/#zh
L7-2465,宽泛,寬泛,kuānfàn,Adj,7-9,1-4,1-4,,False,https://forvo.com/word/宽泛/#zh
L7-2466,宽厚,寬厚,kuānhòu,Adj,7-9,1-4,1-4,,False,https://forvo.com/word/宽厚/#zh
L7-2467,宽容,寬容,kuānróng,V,7-9,1-2,1-2,,False,https://forvo.com/word/宽容/#zh
L7-2468,宽恕,寬恕,kuānshù,V,7-9,1-4,1-4,,False,https://forvo.com/word/宽恕/#zh
L7-2469,宽松,寬鬆,kuānsōng,Adj,7-9,1-1,1-1,,False,https://forvo.com/word/宽松/#zh
L7-2470,款式,款式,kuǎnshì,N,7-9,3-4,3-4,,False,https://forvo.com/word/款式/#zh
L7-2471,款项,款項,kuǎnxiàng,N,7-9,3-4,3-4,,False,https://forvo.com/word/款项/#zh
L7-2472,筐,筐,kuāng,N,7-9,1,1,,False,https://forvo.com/word/筐/#zh
L7-2473,狂欢,狂歡,kuánghuān,V,7-9,2-1,2-1,,False,https://forvo.com/word/狂欢/#zh
L7-2474,狂欢节,狂歡節,kuánghuānjié,N,7-9,2-1-2,2-1-2,,False,https://forvo.com/word/狂欢节/#zh
L7-2475,狂热,狂熱,kuángrè,Adj,7-9,2-4,2-4,,False,https://forvo.com/word/狂热/#zh
L7-2476,旷课,曠課,kuàngkè,,7-9,4-4,4-4,,False,https://forvo.com/word/旷课/#zh
L7-2477,况且,況且,kuàngqiě,Conj,7-9,4-3,4-3,,False,https://forvo.com/word/况且/#zh
L7-2478,矿藏,礦藏,kuàngcáng,N,7-9,4-2,4-2,,False,https://forvo.com/word/矿藏/#zh
L7-2479,框,框,kuàng,N/V,7-9,4,4,,False,https://forvo.com/word/框/#zh
L7-2480,框架,框架,kuàngjià,N,7-9,4-4,4-4,,False,https://forvo.com/word/框架/#zh
L7-2481,亏本,虧本,kuīběn,,7-9,1-3,1-3,,False,https://forvo.com/word/亏本/#zh
L7-2482,亏损,虧損,kuīsǔn,V,7-9,1-3,1-3,,False,https://forvo.com/word/亏损/#zh
L7-2483,昆虫,昆蟲,kūnchóng,N,7-9,1-2,1-2,,False,https://forvo.com/word/昆虫/#zh
L7-2484,捆,捆,kǔn,V/M,7-9,3,3,,False,https://forvo.com/word/捆/#zh
L7-2485,困惑,困惑,kùnhuò,Adj/V,7-9,4-4,4-4,,False,https://forvo.com/word/困惑/#zh
L7-2486,困境,困境,kùnjìng,N,7-9,4-4,4-4,,False,https://forvo.com/word/困境/#zh
L7-2487,扩,擴,kuò,V,7-9,4,4,,False,https://forvo.com/word/扩/#zh
L7-2488,扩建,擴建,kuòjiàn,V,7-9,4-4,4-4,,False,https://forvo.com/word/扩建/#zh
L7-2489,扩散,擴散,kuòsàn,V,7-9,4-4,4-4,,False,https://forvo.com/word/扩散/#zh
L7-2490,扩张,擴張,kuòzhāng,V,7-9,4-1,4-1,,False,https://forvo.com/word/扩张/#zh
L7-2491,括弧,括弧,kuòhú,N,7-9,4-2,4-2,,False,https://forvo.com/word/括弧/#zh
L7-2492,阔绰,闊綽,kuòchuò,Adj,7-9,4-4,4-4,,False,https://forvo.com/word/阔绰/#zh
L7-2493,拉动,拉動,lādòng,V,7-9,1-4,1-4,,False,https://forvo.com/word/拉动/#zh
L7-2494,拉拢,拉攏,lālǒng,V,7-9,1-3,1-3,,False,https://forvo.com/word/拉拢/#zh
L7-2495,拉锁,拉鎖,lāsuǒ,N,7-9,1-3,1-3,,False,https://forvo.com/word/拉锁/#zh
L7-2496,啦啦队,啦啦隊,lālāduì,N,7-9,1-1-4,1-1-4,,False,https://forvo.com/word/啦啦队/#zh
L7-2497,喇叭,喇叭,lǎba,N,7-9,3-N,3-N,neutral_tone,False,https://forvo.com/word/喇叭/#zh
L7-2498,腊月,臘月,làyuè,N,7-9,4-4,4-4,,False,https://forvo.com/word/腊月/#zh
L7-2499,蜡,蠟,là,N,7-9,4,4,,False,https://forvo.com/word/蜡/#zh
L7-2500,蜡烛,蠟燭,làzhú,N,7-9,4-2,4-2,,False,https://forvo.com/word/蜡烛/#zh
L7-2501,辣椒,辣椒,làjiāo,N,7-9,4-1,4-1,,False,https://forvo.com/word/辣椒/#zh
L7-2502,来宾,來賓,láibīn,N,7-9,2-1,2-1,,False,https://forvo.com/word/来宾/#zh
L7-2503,来电,來電,láidiàn,V/N,7-9,2-4,2-4,,False,https://forvo.com/word/来电/#zh
L7-2504,来访,來訪,láifǎng,V,7-9,2-3,2-3,,False,https://forvo.com/word/来访/#zh
L7-2505,来回,來回,láihuí,Adv/N,7-9,2-2,2-2,,False,https://forvo.com/word/来回/#zh
L7-2506,来历,來歷,láilì,N,7-9,2-4,2-4,,False,https://forvo.com/word/来历/#zh
L7-2507,来临,來臨,láilín,V,7-9,2-2,2-2,,False,https://forvo.com/word/来临/#zh
L7-2508,来龙去脉,來龍去脈,láilóng-qùmài,,7-9,2-2-4-4,2-2-4-4,,False,https://forvo.com/word/来龙去脉/#zh
L7-2509,来年,來年,láinián,N,7-9,2-2,2-2,,False,https://forvo.com/word/来年/#zh
L7-2510,来源于,來源於,láiyuán yú,,7-9,2-2-2,2-2-2,,False,https://forvo.com/word/来源于/#zh
L7-2511,拦,攔,lán,V,7-9,2,2,,False,https://forvo.com/word/拦/#zh
L7-2512,栏,欄,lán,N,7-9,2,2,,False,https://forvo.com/word/栏/#zh
L7-2513,栏杆,欄杆,lángān,N,7-9,2-1,2-1,,False,https://forvo.com/word/栏杆/#zh
L7-2514,蓝图,藍圖,lántú,N,7-9,2-2,2-2,,False,https://forvo.com/word/蓝图/#zh
L7-2515,揽,攬,lǎn,V,7-9,3,3,,False,https://forvo.com/word/揽/#zh
L7-2516,缆车,纜車,lǎnchē,N,7-9,3-1,3-1,,False,https://forvo.com/word/缆车/#zh
L7-2517,懒得,懶得,lǎnde,V,7-9,3-2,3-2,,False,https://forvo.com/word/懒得/#zh
L7-2518,懒惰,懶惰,lǎnduò,Adj,7-9,3-4,3-4,,False,https://forvo.com/word/懒惰/#zh
L7-2519,滥用,濫用,lànyòng,V,7-9,4-4,4-4,,False,https://forvo.com/word/滥用/#zh
L7-2520,狼,狼,láng,N,7-9,2,2,,False,https://forvo.com/word/狼/#zh
L7-2521,狼狈,狼狽,lángbèi,Adj,7-9,2-4,2-4,,False,https://forvo.com/word/狼狈/#zh
L7-2522,朗诵,朗誦,lǎngsòng,V,7-9,3-4,3-4,,False,https://forvo.com/word/朗诵/#zh
L7-2523,浪,浪,làng,N,7-9,4,4,,False,https://forvo.com/word/浪/#zh
L7-2524,捞,撈,lāo,V,7-9,1,1,,False,https://forvo.com/word/捞/#zh
L7-2525,劳动力,勞動力,láodònglì,N,7-9,2-4-4,2-4-4,,False,https://forvo.com/word/劳动力/#zh
L7-2526,劳累,勞累,láolèi,Adj,7-9,2-4,2-4,,False,https://forvo.com/word/劳累/#zh
L7-2527,劳务,勞務,láowù,N,7-9,2-4,2-4,,False,https://forvo.com/word/劳务/#zh
L7-2528,牢固,牢固,láogù,Adj,7-9,2-4,2-4,,False,https://forvo.com/word/牢固/#zh
L7-2529,牢记,牢記,láojì,V,7-9,2-4,2-4,,False,https://forvo.com/word/牢记/#zh
L7-2530,牢牢,牢牢,láoláo,,7-9,2-2,2-2,,False,https://forvo.com/word/牢牢/#zh
L7-2531,唠叨,嘮叨,láodao,V,7-9,2-N,2-N,neutral_tone,False,https://forvo.com/word/唠叨/#zh
L7-2532,老伴儿,老伴兒,lǎobànr,N,7-9,3-4-N,3-4-N,neutral_tone,False,https://forvo.com/word/老伴儿/#zh
L7-2533,老大,老大,lǎodà,N/Adv,7-9,3-4,3-4,,False,https://forvo.com/word/老大/#zh
L7-2534,老汉,老漢,lǎohàn,N,7-9,3-4,3-4,,False,https://forvo.com/word/老汉/#zh
L7-2535,老化,老化,lǎohuà,V,7-9,3-4,3-4,,False,https://forvo.com/word/老化/#zh
L7-2536,老人家,老人家,lǎorenjia,N,7-9,3-2-1,3-2-1,,False,https://forvo.com/word/老人家/#zh
L7-2537,老实说,老實說,lǎoshishuō,,7-9,3-2-1,3-2-1,,False,https://forvo.com/word/老实说/#zh
L7-2538,老远,老遠,lǎo yuǎn,,7-9,3-3,2-3,third_tone_sandhi,False,https://forvo.com/word/老远/#zh
L7-2539,老字号,老字號,lǎozìhao,N,7-9,3-4-4,3-4-4,,False,https://forvo.com/word/老字号/#zh
L7-2540,姥姥,姥姥,lǎolao,N,7-9,3-N,3-N,neutral_tone,False,https://forvo.com/word/姥姥/#zh
L7-2541,姥爷,姥爺,lǎoye,N,7-9,3-N,3-N,neutral_tone,False,https://forvo.com/word/姥爷/#zh
L7-2542,涝,澇,lào,Adj,7-9,4,4,,False,https://forvo.com/word/涝/#zh
L7-2543,乐意,樂意,lèyì,V/Adj,7-9,4-4,4-4,,False,https://forvo.com/word/乐意/#zh
L7-2544,乐园,樂園,lèyuán,N,7-9,4-2,4-2,,False,https://forvo.com/word/乐园/#zh
L7-2545,勒,勒,lēi,V,7-9,1,1,,False,https://forvo.com/word/勒/#zh
L7-2546,雷同,雷同,léitóng,Adj,7-9,2-2,2-2,,False,https://forvo.com/word/雷同/#zh
L7-2547,累积,累積,lěijī,V,7-9,3-1,3-1,,False,https://forvo.com/word/累积/#zh
L7-2548,累计,累計,lěijì,V,7-9,3-4,3-4,,False,https://forvo.com/word/累计/#zh
L7-2549,类别,類別,lèibié,N,7-9,4-2,4-2,,False,https://forvo.com/word/类别/#zh
L7-2550,棱角,稜角,léngjiǎo,N,7-9,2-3,2-3,,False,https://forvo.com/word/棱角/#zh
L7-2551,冷淡,冷淡,lěngdàn,Adj/V,7-9,3-4,3-4,,False,https://forvo.com/word/冷淡/#zh
L7-2552,冷冻,冷凍,lěngdòng,V,7-9,3-4,3-4,,False,https://forvo.com/word/冷冻/#zh
L7-2553,冷酷,冷酷,lěngkù,Adj,7-9,3-4,3-4,,False,https://forvo.com/word/冷酷/#zh
L7-2554,冷酷无情,冷酷無情,lěngkù-wúqíng,,7-9,3-4-2-2,3-4-2-2,,False,https://forvo.com/word/冷酷无情/#zh
L7-2555,冷落,冷落,lěngluò,Adj/V,7-9,3-4,3-4,,False,https://forvo.com/word/冷落/#zh
L7-2556,冷门,冷門,lěngmén,N,7-9,3-2,3-2,,False,https://forvo.com/word/冷门/#zh
L7-2557,冷漠,冷漠,lěngmò,Adj,7-9,3-4,3-4,,False,https://forvo.com/word/冷漠/#zh
L7-2558,冷笑,冷笑,lěngxiào,V,7-9,3-4,3-4,,False,https://forvo.com/word/冷笑/#zh
L7-2559,冷战,冷戰,lěngzhàn,N,7-9,3-4,3-4,,False,https://forvo.com/word/冷战/#zh
L7-2560,愣,愣,lèng,V/Adj,7-9,4,4,,False,https://forvo.com/word/愣/#zh
L7-2561,离谱儿,離譜兒,lípǔr,,7-9,2-3,2-3,,False,https://forvo.com/word/离谱儿/#zh
L7-2562,离奇,離奇,líqí,Adj,7-9,2-2,2-2,,False,https://forvo.com/word/离奇/#zh
L7-2563,离职,離職,lízhí,,7-9,2-2,2-2,,False,https://forvo.com/word/离职/#zh
L7-2564,黎明,黎明,límíng,N,7-9,2-2,2-2,,False,https://forvo.com/word/黎明/#zh
L7-2565,礼服,禮服,lǐfú,N,7-9,3-2,3-2,,False,https://forvo.com/word/礼服/#zh
L7-2566,礼品,禮品,lǐpǐn,N,7-9,3-3,2-3,third_tone_sandhi,False,https://forvo.com/word/礼品/#zh
L7-2567,礼仪,禮儀,lǐyí,N,7-9,3-2,3-2,,False,https://forvo.com/word/礼仪/#zh
L7-2568,里程碑,里程碑,lǐchéngbēi,N,7-9,3-2-1,3-2-1,,False,https://forvo.com/word/里程碑/#zh
L7-2569,理睬,理睬,lǐcǎi,V,7-9,3-3,2-3,third_tone_sandhi,False,https://forvo.com/word/理睬/#zh
L7-2570,理会,理會,lǐhuì,V,7-9,3-4,3-4,,False,https://forvo.com/word/理会/#zh
L7-2571,理科,理科,lǐkē,N,7-9,3-1,3-1,,False,https://forvo.com/word/理科/#zh
L7-2572,理念,理念,lǐniàn,N,7-9,3-4,3-4,,False,https://forvo.com/word/理念/#zh
L7-2573,理事,理事,lǐshì,N/V,7-9,3-4,3-4,,False,https://forvo.com/word/理事/#zh
L7-2574,理所当然,理所當然,lǐsuǒdāngrán,,7-9,3-3-1-2,2-3-1-2,third_tone_sandhi,False,https://forvo.com/word/理所当然/#zh
L7-2575,理性,理性,lǐxìng,Adj/N,7-9,3-4,3-4,,False,https://forvo.com/word/理性/#zh
L7-2576,理直气壮,理直氣壯,lǐzhí-qìzhuàng,,7-9,3-2-4-4,3-2-4-4,,False,https://forvo.com/word/理直气壮/#zh
L7-2577,力不从心,力不從心,lìbùcóngxīn,,7-9,4-4-2-1,4-4-2-1,,False,https://forvo.com/word/力不从心/#zh
L7-2578,力度,力度,lìdù,N,7-9,4-4,4-4,,False,https://forvo.com/word/力度/#zh
L7-2579,力求,力求,lìqiú,V,7-9,4-2,4-2,,False,https://forvo.com/word/力求/#zh
L7-2580,力所能及,力所能及,lìsuǒnéngjí,,7-9,4-3-2-2,4-3-2-2,,False,https://forvo.com/word/力所能及/#zh
L7-2581,力争,力爭,lìzhēng,V,7-9,4-1,4-1,,False,https://forvo.com/word/力争/#zh
L7-2582,历程,歷程,lìchéng,N,7-9,4-2,4-2,,False,https://forvo.com/word/历程/#zh
L7-2583,历届,歷屆,lìjiè,Adj,7-9,4-4,4-4,,False,https://forvo.com/word/历届/#zh
L7-2584,历经,歷經,lìjīng,V,7-9,4-1,4-1,,False,https://forvo.com/word/历经/#zh
L7-2585,历来,歷來,lìlái,Adv,7-9,4-2,4-2,,False,https://forvo.com/word/历来/#zh
L7-2586,历时,歷時,lìshí,V/Adj,7-9,4-2,4-2,,False,https://forvo.com/word/历时/#zh
L7-2587,立方,立方,lìfāng,N/M,7-9,4-1,4-1,,False,https://forvo.com/word/立方/#zh
L7-2588,立方米,立方米,lìfāngmǐ,M,7-9,4-1-3,4-1-3,,False,https://forvo.com/word/立方米/#zh
L7-2589,立功,立功,lìgōng,,7-9,4-1,4-1,,False,https://forvo.com/word/立功/#zh
L7-2590,立交桥,立交橋,lìjiāoqiáo,N,7-9,4-1-2,4-1-2,,False,https://forvo.com/word/立交桥/#zh
L7-2591,立体,立體,lìtǐ,Adj,7-9,4-3,4-3,,False,https://forvo.com/word/立体/#zh
L7-2592,立足,立足,lìzú,V,7-9,4-2,4-2,,False,https://forvo.com/word/立足/#zh
L7-2593,励志,勵志,lìzhì,V,7-9,4-4,4-4,,False,https://forvo.com/word/励志/#zh
L7-2594,利害,利害,lìhài,N,7-9,4-4,4-4,,False,https://forvo.com/word/利害/#zh
L7-2595,利率,利率,lìlǜ,N,7-9,4-4,4-4,,False,https://forvo.com/word/利率/#zh
L7-2596,利索,利索,lìsuo,Adj,7-9,4-N,4-N,neutral_tone,False,https://forvo.com/word/利索/#zh
L7-2597,粒,粒,lì,M,7-9,4,4,,False,https://forvo.com/word/粒/#zh
L7-2598,连滚带爬,連滾帶爬,liángǔn-dàipá,,7-9,2-3-4-2,2-3-4-2,,False,https://forvo.com/word/连滚带爬/#zh
L7-2599,连绵,連綿,liánmián,V,7-9,2-2,2-2,,False,https://forvo.com/word/连绵/#zh
L7-2600,连任,連任,liánrèn,V,7-9,2-4,2-4,,False,https://forvo.com/word/连任/#zh
L7-2601,连锁,連鎖,liánsuǒ,Adj,7-9,2-3,2-3,,False,https://forvo.com/word/连锁/#zh
L7-2602,连锁店,連鎖店,liánsuǒdiàn,N,7-9,2-3-4,2-3-4,,False,https://forvo.com/word/连锁店/#zh
L7-2603,连夜,連夜,liányè,Adv,7-9,2-4,2-4,,False,https://forvo.com/word/连夜/#zh
L7-2604,怜惜,憐惜,liánxī,V,7-9,2-1,2-1,,False,https://forvo.com/word/怜惜/#zh
L7-2605,帘子,簾子,liánzi,N,7-9,2-N,2-N,neutral_tone,False,https://forvo.com/word/帘子/#zh
L7-2606,莲子,蓮子,liánzǐ,N,7-9,2-3,2-3,,False,https://forvo.com/word/莲子/#zh
L7-2607,联邦,聯邦,liánbāng,N,7-9,2-1,2-1,,False,https://forvo.com/word/联邦/#zh
L7-2608,联欢,聯歡,liánhuān,V,7-9,2-1,2-1,,False,https://forvo.com/word/联欢/#zh
L7-2609,联网,聯網,liánwǎng,,7-9,2-3,2-3,,False,https://forvo.com/word/联网/#zh
L7-2610,廉价,廉價,liánjià,Adj,7-9,2-4,2-4,,False,https://forvo.com/word/廉价/#zh
L7-2611,廉洁,廉潔,liánjié,Adj,7-9,2-2,2-2,,False,https://forvo.com/word/廉洁/#zh
L7-2612,廉正,廉正,liánzhèng,Adj,7-9,2-4,2-4,,False,https://forvo.com/word/廉正/#zh
L7-2613,廉政,廉政,liánzhèng,V,7-9,2-4,2-4,,False,https://forvo.com/word/廉政/#zh
L7-2614,脸颊,臉頰,liǎnjiá,N,7-9,3-2,3-2,,False,https://forvo.com/word/脸颊/#zh
L7-2615,炼,煉,liàn,V,7-9,4,4,,False,https://forvo.com/word/炼/#zh
L7-2616,恋恋不舍,戀戀不捨,liànliàn-bùshě,,7-9,4-4-4-3,4-4-4-3,,False,https://forvo.com/word/恋恋不舍/#zh
L7-2617,良,良,liáng,Adj,7-9,2,2,,False,https://forvo.com/word/良/#zh
L7-2618,良心,良心,liángxīn,N,7-9,2-1,2-1,,False,https://forvo.com/word/良心/#zh
L7-2619,良性,良性,liángxìng,Adj,7-9,2-4,2-4,,False,https://forvo.com/word/良性/#zh
L7-2620,凉爽,涼爽,liángshuǎng,Adj,7-9,2-3,2-3,,False,https://forvo.com/word/凉爽/#zh
L7-2621,两口子,兩口子,liǎngkǒuzi,N,7-9,3-3-N,2-3-N,neutral_tone;third_tone_sandhi,False,https://forvo.com/word/两口子/#zh
L7-2622,两栖,兩棲,liǎngqī,V,7-9,3-1,3-1,,False,https://forvo.com/word/两栖/#zh
L7-2623,亮点,亮點,liàngdiǎn,N,7-9,4-3,4-3,,False,https://forvo.com/word/亮点/#zh
L7-2624,亮丽,亮麗,liànglì,Adj,7-9,4-4,4-4,,False,https://forvo.com/word/亮丽/#zh
L7-2625,亮相,亮相,liàngxiàng,,7-9,4-4,4-4,,False,https://forvo.com/word/亮相/#zh
L7-2626,谅解,諒解,liàngjiě,V,7-9,4-3,4-3,,False,https://forvo.com/word/谅解/#zh
L7-2627,辽阔,遼闊,liáokuò,Adj,7-9,2-4,2-4,,False,https://forvo.com/word/辽阔/#zh
L7-2628,疗法,療法,liáofǎ,N,7-9,2-3,2-3,,False,https://forvo.com/word/疗法/#zh
L7-2629,疗效,療效,liáoxiào,N,7-9,2-4,2-4,,False,https://forvo.com/word/疗效/#zh
L7-2630,寥寥无几,寥寥無幾,liáoliáo-wújǐ,,7-9,2-2-2-3,2-2-2-3,,False,https://forvo.com/word/寥寥无几/#zh
L7-2631,潦草,潦草,liáocǎo,Adj,7-9,2-3,2-3,,False,https://forvo.com/word/潦草/#zh
L7-2632,了结,了結,liǎojié,V,7-9,3-2,3-2,,False,https://forvo.com/word/了结/#zh
L7-2633,了却,了卻,liǎoquè,V,7-9,3-4,3-4,,False,https://forvo.com/word/了却/#zh
L7-2634,料到,料到,liàodào,,7-9,4-4,4-4,,False,https://forvo.com/word/料到/#zh
L7-2635,料理,料理,liàolǐ,V/N,7-9,4-3,4-3,,False,https://forvo.com/word/料理/#zh
L7-2636,咧嘴,咧嘴,liězuǐ,,7-9,3-3,2-3,third_tone_sandhi,False,https://forvo.com/word/咧嘴/#zh
L7-2637,列举,列舉,lièjǔ,V,7-9,4-3,4-3,,False,https://forvo.com/word/列举/#zh
L7-2638,劣势,劣勢,lièshì,N,7-9,4-4,4-4,,False,https://forvo.com/word/劣势/#zh
L7-2639,劣质,劣質,lièzhì,Adj,7-9,4-4,4-4,,False,https://forvo.com/word/劣质/#zh
L7-2640,烈士,烈士,lièshì,N,7-9,4-4,4-4,,False,https://forvo.com/word/烈士/#zh
L7-2641,猎犬,獵犬,lièquǎn,N,7-9,4-3,4-3,,False,https://forvo.com/word/猎犬/#zh
L7-2642,猎人,獵人,lièrén,N,7-9,4-2,4-2,,False,https://forvo.com/word/猎人/#zh
L7-2643,裂缝,裂縫,lièfèng,N,7-9,4-4,4-4,,False,https://forvo.com/word/裂缝/#zh
L7-2644,裂痕,裂痕,lièhén,N,7-9,4-2,4-2,,False,https://forvo.com/word/裂痕/#zh
L7-2645,拎,拎,līn,V,7-9,1,1,,False,https://forvo.com/word/拎/#zh
L7-2646,邻国,鄰國,línguó,N,7-9,2-2,2-2,,False,https://forvo.com/word/邻国/#zh
L7-2647,临,臨,lín,V/Prep,7-9,2,2,,False,https://forvo.com/word/临/#zh
L7-2648,临床,臨床,línchuáng,V,7-9,2-2,2-2,,False,https://forvo.com/word/临床/#zh
L7-2649,临街,臨街,línjiē,V,7-9,2-1,2-1,,False,https://forvo.com/word/临街/#zh
L7-2650,临近,臨近,línjìn,V,7-9,2-4,2-4,,False,https://forvo.com/word/临近/#zh
L7-2651,淋,淋,lín,V,7-9,2,2,,False,https://forvo.com/word/淋/#zh
L7-2652,灵,靈,líng,Adj,7-9,2,2,,False,https://forvo.com/word/灵/#zh
L7-2653,灵感,靈感,línggǎn,N,7-9,2-3,2-3,,False,https://forvo.com/word/灵感/#zh
L7-2654,灵魂,靈魂,línghún,N,7-9,2-2,2-2,,False,https://forvo.com/word/灵魂/#zh
L7-2655,灵机一动,靈機一動,língjī-yīdòng,,7-9,2-1-1-4,2-1-2-4,yi_before_t4,False,https://forvo.com/word/灵机一动/#zh
L7-2656,灵敏,靈敏,língmǐn,Adj,7-9,2-3,2-3,,False,https://forvo.com/word/灵敏/#zh
L7-2657,灵巧,靈巧,língqiǎo,Adj,7-9,2-3,2-3,,False,https://forvo.com/word/灵巧/#zh
L7-2658,灵通,靈通,língtōng,Adj,7-9,2-1,2-1,,False,https://forvo.com/word/灵通/#zh
L7-2659,凌晨,凌晨,língchén,N,7-9,2-2,2-2,,False,https://forvo.com/word/凌晨/#zh
L7-2660,零花钱,零花錢,línghuāqián,N,7-9,2-1-2,2-1-2,,False,https://forvo.com/word/零花钱/#zh
L7-2661,零件,零件,língjiàn,N,7-9,2-4,2-4,,False,https://forvo.com/word/零件/#zh
L7-2662,零钱,零錢,língqián,N,7-9,2-2,2-2,,False,https://forvo.com/word/零钱/#zh
L7-2663,零售,零售,língshòu,V,7-9,2-4,2-4,,False,https://forvo.com/word/零售/#zh
L7-2664,领队,領隊,lǐngduì,V/N,7-9,3-4,3-4,,False,https://forvo.com/word/领队/#zh
L7-2665,领会,領會,lǐnghuì,V,7-9,3-4,3-4,,False,https://forvo.com/word/领会/#zh
L7-2666,领军,領軍,lǐngjūn,V,7-9,3-1,3-1,,False,https://forvo.com/word/领军/#zh
L7-2667,领略,領略,lǐnglüè,V,7-9,3-4,3-4,,False,https://forvo.com/word/领略/#zh
L7-2668,领事,領事,lǐngshì,N,7-9,3-4,3-4,,False,https://forvo.com/word/领事/#zh
L7-2669,领事馆,領事館,lǐngshìguǎn,N,7-9,3-4-3,3-4-3,,False,https://forvo.com/word/领事馆/#zh
L7-2670,领土,領土,lǐngtǔ,N,7-9,3-3,2-3,third_tone_sandhi,False,https://forvo.com/word/领土/#zh
L7-2671,领悟,領悟,lǐngwù,V,7-9,3-4,3-4,,False,https://forvo.com/word/领悟/#zh
L7-2672,领养,領養,lǐngyǎng,V,7-9,3-3,2-3,third_tone_sandhi,False,https://forvo.com/word/领养/#zh
L7-2673,领域,領域,lǐngyù,N,7-9,3-4,3-4,,False,https://forvo.com/word/领域/#zh
L7-2674,溜,溜,liū,V,7-9,1,1,,False,https://forvo.com/word/溜/#zh
L7-2675,溜达,溜達,liūda,V,7-9,1-N,1-N,neutral_tone,False,https://forvo.com/word/溜达/#zh
L7-2676,浏览,瀏覽,liúlǎn,V,7-9,2-3,2-3,,False,https://forvo.com/word/浏览/#zh
L7-2677,浏览器,瀏覽器,liúlǎnqì,N,7-9,2-3-4,2-3-4,,False,https://forvo.com/word/浏览器/#zh
L7-2678,留恋,留戀,liúliàn,V,7-9,2-4,2-4,,False,https://forvo.com/word/留恋/#zh
L7-2679,留念,留念,liúniàn,V,7-9,2-4,2-4,,False,https://forvo.com/word/留念/#zh
L7-2680,留神,留神,liúshén,,7-9,2-2,2-2,,False,https://forvo.com/word/留神/#zh
L7-2681,留心,留心,liúxīn,,7-9,2-1,2-1,,False,https://forvo.com/word/留心/#zh
L7-2682,留意,留意,liúyì,,7-9,2-4,2-4,,False,https://forvo.com/word/留意/#zh
L7-2683,流畅,流暢,liúchàng,Adj,7-9,2-4,2-4,,False,https://forvo.com/word/流畅/#zh
L7-2684,流程,流程,liúchéng,N,7-9,2-2,2-2,,False,https://forvo.com/word/流程/#zh
L7-2685,流浪,流浪,liúlàng,V,7-9,2-4,2-4,,False,https://forvo.com/word/流浪/#zh
L7-2686,流泪,流淚,liúlèi,V,7-9,2-4,2-4,,False,https://forvo.com/word/流泪/#zh
L7-2687,流量,流量,liúliàng,N,7-9,2-4,2-4,,False,https://forvo.com/word/流量/#zh
L7-2688,流露,流露,liúlù,V,7-9,2-4,2-4,,False,https://forvo.com/word/流露/#zh
L7-2689,流氓,流氓,liúmáng,N,7-9,2-2,2-2,,False,https://forvo.com/word/流氓/#zh
L7-2690,流入,流入,liúrù,,7-9,2-4,2-4,,False,https://forvo.com/word/流入/#zh
L7-2691,流失,流失,liúshī,V,7-9,2-1,2-1,,False,https://forvo.com/word/流失/#zh
L7-2692,流水,流水,liúshuǐ,N,7-9,2-3,2-3,,False,https://forvo.com/word/流水/#zh
L7-2693,流淌,流淌,liútǎng,V,7-9,2-3,2-3,,False,https://forvo.com/word/流淌/#zh
L7-2694,流向,流向,liúxiàng,N,7-9,2-4,2-4,,False,https://forvo.com/word/流向/#zh
L7-2695,流血,流血,liúxuè,V,7-9,2-4,2-4,,False,https://forvo.com/word/流血/#zh
L7-2696,流域,流域,liúyù,N,7-9,2-4,2-4,,False,https://forvo.com/word/流域/#zh
L7-2697,流转,流轉,liúzhuǎn,V,7-9,2-3,2-3,,False,https://forvo.com/word/流转/#zh
L7-2698,柳树,柳樹,liǔshù,N,7-9,3-4,3-4,,False,https://forvo.com/word/柳树/#zh
L7-2699,遛,遛,liù,V,7-9,4,4,,False,https://forvo.com/word/遛/#zh
L7-2700,龙舟,龍舟,lóngzhōu,N,7-9,2-1,2-1,,False,https://forvo.com/word/龙舟/#zh
L7-2701,聋,聾,lóng,Adj,7-9,2,2,,False,https://forvo.com/word/聋/#zh
L7-2702,聋人,聾人,lóngrén,N,7-9,2-2,2-2,,False,https://forvo.com/word/聋人/#zh
L7-2703,笼子,籠子,lóngzi,N,7-9,2-N,2-N,neutral_tone,False,https://forvo.com/word/笼子/#zh
L7-2704,隆重,隆重,lóngzhòng,Adj,7-9,2-4,2-4,,False,https://forvo.com/word/隆重/#zh
L7-2705,垄断,壟斷,lǒngduàn,V,7-9,3-4,3-4,,False,https://forvo.com/word/垄断/#zh
L7-2706,笼统,籠統,lǒngtǒng,Adj,7-9,3-3,2-3,third_tone_sandhi,False,https://forvo.com/word/笼统/#zh
L7-2707,笼罩,籠罩,lǒngzhào,V,7-9,3-4,3-4,,False,https://forvo.com/word/笼罩/#zh
L7-2708,搂,摟,lǒu,V,7-9,3,3,,False,https://forvo.com/word/搂/#zh
L7-2709,露面,露面,lòumiàn,,7-9,4-4,4-4,,False,https://forvo.com/word/露面/#zh
L7-2710,芦花,蘆花,lúhuā,N,7-9,2-1,2-1,,False,https://forvo.com/word/芦花/#zh
L7-2711,炉灶,爐灶,lúzào,N,7-9,2-4,2-4,,False,https://forvo.com/word/炉灶/#zh
L7-2712,炉子,爐子,lúzi,N,7-9,2-N,2-N,neutral_tone,False,https://forvo.com/word/炉子/#zh
L7-2713,卤味,滷味,lǔwèi,N,7-9,3-4,3-4,,False,https://forvo.com/word/卤味/#zh
L7-2714,鲁莽,魯莽,lǔmǎng,Adj,7-9,3-3,2-3,third_tone_sandhi,False,https://forvo.com/word/鲁莽/#zh
L7-2715,录制,錄製,lùzhì,V,7-9,4-4,4-4,,False,https://forvo.com/word/录制/#zh
L7-2716,鹿,鹿,lù,N,7-9,4,4,,False,https://forvo.com/word/鹿/#zh
L7-2717,路程,路程,lùchéng,N,7-9,4-2,4-2,,False,https://forvo.com/word/路程/#zh
L7-2718,路灯,路燈,lùdēng,N,7-9,4-1,4-1,,False,https://forvo.com/word/路灯/#zh
L7-2719,路段,路段,lùduàn,N,7-9,4-4,4-4,,False,https://forvo.com/word/路段/#zh
L7-2720,路况,路況,lùkuàng,N,7-9,4-4,4-4,,False,https://forvo.com/word/路况/#zh
L7-2721,路面,路面,lùmiàn,N,7-9,4-4,4-4,,False,https://forvo.com/word/路面/#zh
L7-2722,路人,路人,lùrén,N,7-9,4-2,4-2,,False,https://forvo.com/word/路人/#zh
L7-2723,路途,路途,lùtú,N,7-9,4-2,4-2,,False,https://forvo.com/word/路途/#zh
L7-2724,路子,路子,lùzi,N,7-9,4-N,4-N,neutral_tone,False,https://forvo.com/word/路子/#zh
L7-2725,露天,露天,lùtiān,N/Adj,7-9,4-1,4-1,,False,https://forvo.com/word/露天/#zh
L7-2726,旅程,旅程,lǚchéng,N,7-9,3-2,3-2,,False,https://forvo.com/word/旅程/#zh
L7-2727,旅途,旅途,lǚtú,N,7-9,3-2,3-2,,False,https://forvo.com/word/旅途/#zh
L7-2728,铝,鋁,lǚ,N,7-9,3,3,,False,https://forvo.com/word/铝/#zh
L7-2729,屡,屢,lǚ,Adv,7-9,3,3,,False,https://forvo.com/word/屡/#zh
L7-2730,屡次,屢次,lǚcì,Adv,7-9,3-4,3-4,,False,https://forvo.com/word/屡次/#zh
L7-2731,缕,縷,lǚ,M,7-9,3,3,,False,https://forvo.com/word/缕/#zh
L7-2732,履行,履行,lǚxíng,V,7-9,3-2,3-2,,False,https://forvo.com/word/履行/#zh
L7-2733,率（成功率）,率（成功率）,lǜ (chénggōnglǜ),Suffix,7-9,4,4,,False,https://forvo.com/word/率（成功率）/#zh
L7-2734,绿灯,綠燈,lǜdēng,N,7-9,4-1,4-1,,False,https://forvo.com/word/绿灯/#zh
L7-2735,绿地,綠地,lǜdì,N,7-9,4-4,4-4,,False,https://forvo.com/word/绿地/#zh
L7-2736,孪生,孿生,luánshēng,Adj,7-9,2-1,2-1,,False,https://forvo.com/word/孪生/#zh
L7-2737,卵,卵,luǎn,N,7-9,3,3,,False,https://forvo.com/word/卵/#zh
L7-2738,乱七八糟,亂七八糟,luànqībāzāo,Adj,7-9,4-1-1-1,4-1-1-1,,False,https://forvo.com/word/乱七八糟/#zh
L7-2739,掠夺,掠奪,lüèduó,V,7-9,4-2,4-2,,False,https://forvo.com/word/掠夺/#zh
L7-2740,略,略,lüè,V/Adj,7-9,4,4,,False,https://forvo.com/word/略/#zh
L7-2741,略微,略微,lüèwēi,Adv,7-9,4-1,4-1,,False,https://forvo.com/word/略微/#zh
L7-2742,抡,掄,lūn,V,7-9,1,1,,False,https://forvo.com/word/抡/#zh
L7-2743,伦理,倫理,lúnlǐ,N,7-9,2-3,2-3,,False,https://forvo.com/word/伦理/#zh
L7-2744,轮换,輪換,lúnhuàn,V,7-9,2-4,2-4,,False,https://forvo.com/word/轮换/#zh
L7-2745,轮廓,輪廓,lúnkuò,N,7-9,2-4,2-4,,False,https://forvo.com/word/轮廓/#zh
L7-2746,轮流,輪流,lúnliú,V,7-9,2-2,2-2,,False,https://forvo.com/word/轮流/#zh
L7-2747,轮胎,輪胎,lúntāi,N,7-9,2-1,2-1,,False,https://forvo.com/word/轮胎/#zh
L7-2748,论述,論述,lùnshù,V,7-9,4-4,4-4,,False,https://forvo.com/word/论述/#zh
L7-2749,论坛,論壇,lùntán,N,7-9,4-2,4-2,,False,https://forvo.com/word/论坛/#zh
L7-2750,论证,論證,lùnzhèng,V,7-9,4-4,4-4,,False,https://forvo.com/word/论证/#zh
L7-2751,罗,羅,luó,N/V,7-9,2,2,,False,https://forvo.com/word/罗/#zh
L7-2752,萝卜,蘿蔔,luóbo,N,7-9,2-N,2-N,neutral_tone,False,https://forvo.com/word/萝卜/#zh
L7-2753,螺丝,螺絲,luósī,N,7-9,2-1,2-1,,False,https://forvo.com/word/螺丝/#zh
L7-2754,裸,裸,luǒ,V,7-9,3,3,,False,https://forvo.com/word/裸/#zh
L7-2755,裸露,裸露,luǒlù,V,7-9,3-4,3-4,,False,https://forvo.com/word/裸露/#zh
L7-2756,络绎不绝,絡繹不絕,luòyì-bùjué,,7-9,4-4-4-2,4-4-4-2,,False,https://forvo.com/word/络绎不绝/#zh
L7-2757,落差,落差,luòchā,N,7-9,4-1,4-1,,False,https://forvo.com/word/落差/#zh
L7-2758,落地,落地,luòdì,,7-9,4-4,4-4,,False,https://forvo.com/word/落地/#zh
L7-2759,落户,落戶,luòhù,,7-9,4-4,4-4,,False,https://forvo.com/word/落户/#zh
L7-2760,落下,落下,luòxia,,7-9,4-4,4-4,,False,https://forvo.com/word/落下/#zh
L7-2761,麻,麻,má,N,7-9,2,2,,False,https://forvo.com/word/麻/#zh
L7-2762,麻,麻,má,Adj,7-9,2,2,,False,https://forvo.com/word/麻/#zh
L7-2763,麻痹,麻痺,mábì,V,7-9,2-4,2-4,,False,https://forvo.com/word/麻痹/#zh
L7-2764,麻将,麻將,májiàng,N,7-9,2-4,2-4,,False,https://forvo.com/word/麻将/#zh
L7-2765,麻辣,麻辣,málà,Adj,7-9,2-4,2-4,,False,https://forvo.com/word/麻辣/#zh
L7-2766,麻木,麻木,mámù,Adj,7-9,2-4,2-4,,False,https://forvo.com/word/麻木/#zh
L7-2767,麻醉,麻醉,mázuì,V,7-9,2-4,2-4,,False,https://forvo.com/word/麻醉/#zh
L7-2768,马后炮,馬後炮,mǎhòupào,N,7-9,3-4-4,3-4-4,,False,https://forvo.com/word/马后炮/#zh
L7-2769,马虎,馬虎,mǎhu,Adj,7-9,3-N,3-N,neutral_tone,False,https://forvo.com/word/马虎/#zh
L7-2770,马力,馬力,mǎlì,M,7-9,3-4,3-4,,False,https://forvo.com/word/马力/#zh
L7-2771,马桶,馬桶,mǎtǒng,N,7-9,3-3,2-3,third_tone_sandhi,False,https://forvo.com/word/马桶/#zh
L7-2772,马戏,馬戲,mǎxì,N,7-9,3-4,3-4,,False,https://forvo.com/word/马戏/#zh
L7-2773,码,碼,mǎ,V,7-9,3,3,,False,https://forvo.com/word/码/#zh
L7-2774,码,碼,mǎ,M,7-9,3,3,,False,https://forvo.com/word/码/#zh
L7-2775,埋藏,埋藏,máicáng,V,7-9,2-2,2-2,,False,https://forvo.com/word/埋藏/#zh
L7-2776,埋伏,埋伏,máifú,V,7-9,2-2,2-2,,False,https://forvo.com/word/埋伏/#zh
L7-2777,埋没,埋沒,máimò,V,7-9,2-4,2-4,,False,https://forvo.com/word/埋没/#zh
L7-2778,买不起,買不起,mǎi bu qǐ,,7-9,3-N-3,3-N-3,neutral_tone,False,https://forvo.com/word/买不起/#zh
L7-2779,迈,邁,mài,V,7-9,4,4,,False,https://forvo.com/word/迈/#zh
L7-2780,迈进,邁進,màijìn,V,7-9,4-4,4-4,,False,https://forvo.com/word/迈进/#zh
L7-2781,卖弄,賣弄,màinong,V,7-9,4-N,4-N,neutral_tone,False,https://forvo.com/word/卖弄/#zh
L7-2782,脉搏,脈搏,màibó,N,7-9,4-2,4-2,,False,https://forvo.com/word/脉搏/#zh
L7-2783,脉络,脈絡,màiluò,N,7-9,4-4,4-4,,False,https://forvo.com/word/脉络/#zh
L7-2784,埋怨,埋怨,mányuàn,V,7-9,2-4,2-4,,False,https://forvo.com/word/埋怨/#zh
L7-2785,蛮,蠻,mán,Adv,7-9,2,2,,False,https://forvo.com/word/蛮/#zh
L7-2786,瞒,瞞,mán,V,7-9,2,2,,False,https://forvo.com/word/瞒/#zh
L7-2787,满怀,滿懷,mǎnhuái,V,7-9,3-2,3-2,,False,https://forvo.com/word/满怀/#zh
L7-2788,蔓延,蔓延,mànyán,V,7-9,4-2,4-2,,False,https://forvo.com/word/蔓延/#zh
L7-2789,漫,漫,màn,V,7-9,4,4,,False,https://forvo.com/word/漫/#zh
L7-2790,漫游,漫遊,mànyóu,V,7-9,4-2,4-2,,False,https://forvo.com/word/漫游/#zh
L7-2791,慢慢来,慢慢來,mànmàn lái,,7-9,4-4-2,4-4-2,,False,https://forvo.com/word/慢慢来/#zh
L7-2792,慢性,慢性,mànxìng,Adj,7-9,4-4,4-4,,False,https://forvo.com/word/慢性/#zh
L7-2793,忙活,忙活,mánghuo,V,7-9,2-N,2-N,neutral_tone,False,https://forvo.com/word/忙活/#zh
L7-2794,忙碌,忙碌,mánglù,Adj,7-9,2-4,2-4,,False,https://forvo.com/word/忙碌/#zh
L7-2795,忙乱,忙亂,mángluàn,Adj,7-9,2-4,2-4,,False,https://forvo.com/word/忙乱/#zh
L7-2796,盲目,盲目,mángmù,Adj,7-9,2-4,2-4,,False,https://forvo.com/word/盲目/#zh
L7-2797,茫然,茫然,mángrán,Adj,7-9,2-2,2-2,,False,https://forvo.com/word/茫然/#zh
L7-2798,矛头,矛頭,máotóu,N,7-9,2-2,2-2,,False,https://forvo.com/word/矛头/#zh
L7-2799,茅台（酒）,茅臺（酒）,Máotái(jiǔ),N,7-9,2-2,2-2,,False,https://forvo.com/word/茅台（酒）/#zh
L7-2800,茂密,茂密,màomì,Adj,7-9,4-4,4-4,,False,https://forvo.com/word/茂密/#zh
L7-2801,茂盛,茂盛,màoshèng,Adj,7-9,4-4,4-4,,False,https://forvo.com/word/茂盛/#zh
L7-2802,冒充,冒充,màochōng,V,7-9,4-1,4-1,,False,https://forvo.com/word/冒充/#zh
L7-2803,冒犯,冒犯,màofàn,V,7-9,4-4,4-4,,False,https://forvo.com/word/冒犯/#zh
L7-2804,冒昧,冒昧,màomèi,Adj,7-9,4-4,4-4,,False,https://forvo.com/word/冒昧/#zh
L7-2805,冒险,冒險,màoxiǎn,,7-9,4-3,4-3,,False,https://forvo.com/word/冒险/#zh
L7-2806,没劲,沒勁,méijìn,Adj,7-9,2-4,2-4,,False,https://forvo.com/word/没劲/#zh
L7-2807,没说的,沒說的,méishuōde,,7-9,2-1-N,2-1-N,neutral_tone,False,https://forvo.com/word/没说的/#zh
L7-2808,没完没了,沒完沒了,méiwán-méiliǎo,,7-9,2-2-2-3,2-2-2-3,,False,https://forvo.com/word/没完没了/#zh
L7-2809,没意思,沒意思,méi yìsi,,7-9,2-4-N,2-4-N,neutral_tone,False,https://forvo.com/word/没意思/#zh
L7-2810,没辙,沒轍,méizhé,,7-9,2-2,2-2,,False,https://forvo.com/word/没辙/#zh
L7-2811,没准儿,沒準兒,méizhǔnr,,7-9,2-3-N,2-3-N,neutral_tone,False,https://forvo.com/word/没准儿/#zh
L7-2812,玫瑰,玫瑰,méigui,N,7-9,2-1,2-1,,False,https://forvo.com/word/玫瑰/#zh
L7-2813,枚,枚,méi,M,7-9,2,2,,False,https://forvo.com/word/枚/#zh
L7-2814,眉开眼笑,眉開眼笑,méikāi-yǎnxiào,,7-9,2-1-3-4,2-1-3-4,,False,https://forvo.com/word/眉开眼笑/#zh
L7-2815,眉毛,眉毛,méimao,N,7-9,2-N,2-N,neutral_tone,False,https://forvo.com/word/眉毛/#zh
L7-2816,煤矿,煤礦,méikuàng,N,7-9,2-4,2-4,,False,https://forvo.com/word/煤矿/#zh
L7-2817,煤炭,煤炭,méitàn,N,7-9,2-4,2-4,,False,https://forvo.com/word/煤炭/#zh
L7-2818,每当,每當,měidāng,Prep,7-9,3-1,3-1,,False,https://forvo.com/word/每当/#zh
L7-2819,每逢,每逢,měiféng,V,7-9,3-2,3-2,,False,https://forvo.com/word/每逢/#zh
L7-2820,美德,美德,měidé,N,7-9,3-2,3-2,,False,https://forvo.com/word/美德/#zh
L7-2821,美观,美觀,měiguān,Adj,7-9,3-1,3-1,,False,https://forvo.com/word/美观/#zh
L7-2822,美化,美化,měihuà,V,7-9,3-4,3-4,,False,https://forvo.com/word/美化/#zh
L7-2823,美景,美景,měijǐng,N,7-9,3-3,2-3,third_tone_sandhi,False,https://forvo.com/word/美景/#zh
L7-2824,美满,美滿,měimǎn,Adj,7-9,3-3,2-3,third_tone_sandhi,False,https://forvo.com/word/美满/#zh
L7-2825,美妙,美妙,měimiào,Adj,7-9,3-4,3-4,,False,https://forvo.com/word/美妙/#zh
L7-2826,美人,美人,měirén,N,7-9,3-2,3-2,,False,https://forvo.com/word/美人/#zh
L7-2827,美味,美味,měiwèi,N,7-9,3-4,3-4,,False,https://forvo.com/word/美味/#zh
L7-2828,美中不足,美中不足,měizhōng-bùzú,,7-9,3-1-4-2,3-1-4-2,,False,https://forvo.com/word/美中不足/#zh
L7-2829,美滋滋,美滋滋,měizīzī,Adj,7-9,3-1-1,3-1-1,,False,https://forvo.com/word/美滋滋/#zh
L7-2830,魅力,魅力,mèilì,N,7-9,4-4,4-4,,False,https://forvo.com/word/魅力/#zh
L7-2831,闷,悶,mēn,Adj/V,7-9,1,1,,False,https://forvo.com/word/闷/#zh
L7-2832,门当户对,門當戶對,méndāng-hùduì,,7-9,2-1-4-4,2-1-4-4,,False,https://forvo.com/word/门当户对/#zh
L7-2833,门槛,門檻,ménkǎn,N,7-9,2-3,2-3,,False,https://forvo.com/word/门槛/#zh
L7-2834,门铃,門鈴,ménlíng,N,7-9,2-2,2-2,,False,https://forvo.com/word/门铃/#zh
L7-2835,门路,門路,ménlu,N,7-9,2-4,2-4,,False,https://forvo.com/word/门路/#zh
L7-2836,闷,悶,mèn,Adj,7-9,4,4,,False,https://forvo.com/word/闷/#zh
L7-2837,萌发,萌發,méngfā,V,7-9,2-1,2-1,,False,https://forvo.com/word/萌发/#zh
L7-2838,萌芽,萌芽,méngyá,V/N,7-9,2-2,2-2,,False,https://forvo.com/word/萌芽/#zh
L7-2839,盟友,盟友,méngyǒu,N,7-9,2-3,2-3,,False,https://forvo.com/word/盟友/#zh
L7-2840,朦胧,朦朧,ménglóng,Adj,7-9,2-2,2-2,,False,https://forvo.com/word/朦胧/#zh
L7-2841,猛烈,猛烈,měngliè,Adj,7-9,3-4,3-4,,False,https://forvo.com/word/猛烈/#zh
L7-2842,猛然,猛然,měngrán,Adv,7-9,3-2,3-2,,False,https://forvo.com/word/猛然/#zh
L7-2843,梦幻,夢幻,mènghuàn,N,7-9,4-4,4-4,,False,https://forvo.com/word/梦幻/#zh
L7-2844,弥补,彌補,míbǔ,V,7-9,2-3,2-3,,False,https://forvo.com/word/弥补/#zh
L7-2845,弥漫,彌漫,mímàn,V,7-9,2-4,2-4,,False,https://forvo.com/word/弥漫/#zh
L7-2846,迷惑,迷惑,míhuò,Adj/V,7-9,2-N,2-N,neutral_tone,False,https://forvo.com/word/迷惑/#zh
L7-2847,迷惑不解,迷惑不解,míhuò-bùjiě,,7-9,2-4-4-3,2-4-4-3,,False,https://forvo.com/word/迷惑不解/#zh
L7-2848,迷恋,迷戀,míliàn,V,7-9,2-4,2-4,,False,https://forvo.com/word/迷恋/#zh
L7-2849,迷路,迷路,mílù,,7-9,2-4,2-4,,False,https://forvo.com/word/迷路/#zh
L7-2850,迷失,迷失,míshī,V,7-9,2-1,2-1,,False,https://forvo.com/word/迷失/#zh
L7-2851,谜,謎,mí,N,7-9,2,2,,False,https://forvo.com/word/谜/#zh
L7-2852,谜底,謎底,mídǐ,N,7-9,2-3,2-3,,False,https://forvo.com/word/谜底/#zh
L7-2853,谜团,謎團,mítuán,N,7-9,2-2,2-2,,False,https://forvo.com/word/谜团/#zh
L7-2854,谜语,謎語,míyǔ,N,7-9,2-3,2-3,,False,https://forvo.com/word/谜语/#zh
L7-2855,秘方,祕方,mìfāng,N,7-9,4-1,4-1,,False,https://forvo.com/word/秘方/#zh
L7-2856,秘诀,秘訣,mìjué,N,7-9,4-2,4-2,,False,https://forvo.com/word/秘诀/#zh
L7-2857,密不可分,密不可分,mìbùkěfēn,,7-9,4-4-3-1,4-4-3-1,,False,https://forvo.com/word/密不可分/#zh
L7-2858,密度,密度,mìdù,N,7-9,4-4,4-4,,False,https://forvo.com/word/密度/#zh
L7-2859,密封,密封,mìfēng,V,7-9,4-1,4-1,,False,https://forvo.com/word/密封/#zh
L7-2860,密集,密集,mìjí,V/Adj,7-9,4-2,4-2,,False,https://forvo.com/word/密集/#zh
L7-2861,蜜,蜜,mì,N,7-9,4,4,,False,https://forvo.com/word/蜜/#zh
L7-2862,蜜蜂,蜜蜂,mìfēng,N,7-9,4-1,4-1,,False,https://forvo.com/word/蜜蜂/#zh
L7-2863,蜜月,蜜月,mìyuè,N,7-9,4-4,4-4,,False,https://forvo.com/word/蜜月/#zh
L7-2864,棉花,棉花,miánhuā,N,7-9,2-N,2-N,neutral_tone,False,https://forvo.com/word/棉花/#zh
L7-2865,免,免,miǎn,V,7-9,3,3,,False,https://forvo.com/word/免/#zh
L7-2866,免不了,免不了,miǎnbuliǎo,V,7-9,3-4-3,3-4-3,,False,https://forvo.com/word/免不了/#zh
L7-2867,免除,免除,miǎnchú,V,7-9,3-2,3-2,,False,https://forvo.com/word/免除/#zh
L7-2868,免疫,免疫,miǎnyì,V,7-9,3-4,3-4,,False,https://forvo.com/word/免疫/#zh
L7-2869,免职,免職,miǎnzhí,,7-9,3-2,3-2,,False,https://forvo.com/word/免职/#zh
L7-2870,勉强,勉強,miǎnqiǎng,Adj/V,7-9,3-3,2-3,third_tone_sandhi,False,https://forvo.com/word/勉强/#zh
L7-2871,缅怀,緬懷,miǎnhuái,V,7-9,3-2,3-2,,False,https://forvo.com/word/缅怀/#zh
L7-2872,面部,面部,miànbù,N,7-9,4-4,4-4,,False,https://forvo.com/word/面部/#zh
L7-2873,面粉,麵粉,miànfěn,N,7-9,4-3,4-3,,False,https://forvo.com/word/面粉/#zh
L7-2874,面红耳赤,面紅耳赤,miànhóng-ěrchì,,7-9,4-2-3-4,4-2-3-4,,False,https://forvo.com/word/面红耳赤/#zh
L7-2875,面面俱到,面面俱到,miànmiàn-jùdào,,7-9,4-4-4-4,4-4-4-4,,False,https://forvo.com/word/面面俱到/#zh
L7-2876,面目全非,面目全非,miànmù-quánfēi,,7-9,4-4-2-1,4-4-2-1,,False,https://forvo.com/word/面目全非/#zh
L7-2877,苗,苗,miáo,N,7-9,2,2,,False,https://forvo.com/word/苗/#zh
L7-2878,苗条,苗條,miáotiao,Adj,7-9,2-N,2-N,neutral_tone,False,https://forvo.com/word/苗条/#zh
L7-2879,苗头,苗頭,miáotou,N,7-9,2-N,2-N,neutral_tone,False,https://forvo.com/word/苗头/#zh
L7-2880,描绘,描繪,miáohuì,V,7-9,2-4,2-4,,False,https://forvo.com/word/描绘/#zh
L7-2881,瞄准,瞄準,miáozhǔn,,7-9,2-3,2-3,,False,https://forvo.com/word/瞄准/#zh
L7-2882,渺小,渺小,miǎoxiǎo,Adj,7-9,3-3,2-3,third_tone_sandhi,False,https://forvo.com/word/渺小/#zh
L7-2883,庙,廟,miào,N,7-9,4,4,,False,https://forvo.com/word/庙/#zh
L7-2884,庙会,廟會,miàohuì,N,7-9,4-4,4-4,,False,https://forvo.com/word/庙会/#zh
L7-2885,灭绝,滅絕,mièjué,V,7-9,4-2,4-2,,False,https://forvo.com/word/灭绝/#zh
L7-2886,灭亡,滅亡,mièwáng,V,7-9,4-2,4-2,,False,https://forvo.com/word/灭亡/#zh
L7-2887,民办,民辦,mínbàn,Adj,7-9,2-4,2-4,,False,https://forvo.com/word/民办/#zh
L7-2888,民俗,民俗,mínsú,N,7-9,2-2,2-2,,False,https://forvo.com/word/民俗/#zh
L7-2889,民用,民用,mínyòng,Adj,7-9,2-4,2-4,,False,https://forvo.com/word/民用/#zh
L7-2890,民众,民眾,mínzhòng,N,7-9,2-4,2-4,,False,https://forvo.com/word/民众/#zh
L7-2891,敏捷,敏捷,mǐnjié,Adj,7-9,3-2,3-2,,False,https://forvo.com/word/敏捷/#zh
L7-2892,敏锐,敏銳,mǐnruì,Adj,7-9,3-4,3-4,,False,https://forvo.com/word/敏锐/#zh
L7-2893,名副其实,名副其實,míngfùqíshí,,7-9,2-4-2-2,2-4-2-2,,False,https://forvo.com/word/名副其实/#zh
L7-2894,名贵,名貴,míngguì,Adj,7-9,2-4,2-4,,False,https://forvo.com/word/名贵/#zh
L7-2895,名利,名利,mínglì,N,7-9,2-4,2-4,,False,https://forvo.com/word/名利/#zh
L7-2896,名气,名氣,míngqi,N,7-9,2-4,2-4,,False,https://forvo.com/word/名气/#zh
L7-2897,名声,名聲,míngshēng,N,7-9,2-1,2-1,,False,https://forvo.com/word/名声/#zh
L7-2898,名言,名言,míngyán,N,7-9,2-2,2-2,,False,https://forvo.com/word/名言/#zh
L7-2899,名著,名著,míngzhù,N,7-9,2-4,2-4,,False,https://forvo.com/word/名著/#zh
L7-2900,明朗,明朗,mínglǎng,Adj,7-9,2-3,2-3,,False,https://forvo.com/word/明朗/#zh
L7-2901,明媚,明媚,míngmèi,Adj,7-9,2-4,2-4,,False,https://forvo.com/word/明媚/#zh
L7-2902,明智,明智,míngzhì,Adj,7-9,2-4,2-4,,False,https://forvo.com/word/明智/#zh
L7-2903,铭记,銘記,míngjì,V,7-9,2-4,2-4,,False,https://forvo.com/word/铭记/#zh
L7-2904,命,命,mìng,V,7-9,4,4,,False,https://forvo.com/word/命/#zh
L7-2905,命名,命名,mìngmíng,,7-9,4-2,4-2,,False,https://forvo.com/word/命名/#zh
L7-2906,命题,命題,mìngtí,,7-9,4-2,4-2,,False,https://forvo.com/word/命题/#zh
L7-2907,摸索,摸索,mōsuǒ,V,7-9,1-N,1-N,neutral_tone,False,https://forvo.com/word/摸索/#zh
L7-2908,模拟,模擬,mónǐ,V,7-9,2-3,2-3,,False,https://forvo.com/word/模拟/#zh
L7-2909,磨合,磨合,móhé,V,7-9,2-2,2-2,,False,https://forvo.com/word/磨合/#zh
L7-2910,磨难,磨難,mónàn,N,7-9,2-4,2-4,,False,https://forvo.com/word/磨难/#zh
L7-2911,磨损,磨損,mósǔn,V,7-9,2-3,2-3,,False,https://forvo.com/word/磨损/#zh
L7-2912,蘑菇,蘑菇,mógu,N,7-9,2-N,2-N,neutral_tone,False,https://forvo.com/word/蘑菇/#zh
L7-2913,魔鬼,魔鬼,móguǐ,N,7-9,2-3,2-3,,False,https://forvo.com/word/魔鬼/#zh
L7-2914,魔术,魔術,móshù,N,7-9,2-4,2-4,,False,https://forvo.com/word/魔术/#zh
L7-2915,抹,抹,mǒ,V,7-9,3,3,,False,https://forvo.com/word/抹/#zh
L7-2916,末日,末日,mòrì,N,7-9,4-4,4-4,,False,https://forvo.com/word/末日/#zh
L7-2917,没落,沒落,mòluò,V,7-9,4-4,4-4,,False,https://forvo.com/word/没落/#zh
L7-2918,陌生,陌生,mòshēng,Adj,7-9,4-1,4-1,,False,https://forvo.com/word/陌生/#zh
L7-2919,莫非,莫非,mòfēi,Adv,7-9,4-1,4-1,,False,https://forvo.com/word/莫非/#zh
L7-2920,莫过于,莫過於,mòguòyú,V,7-9,4-4-2,4-4-2,,False,https://forvo.com/word/莫过于/#zh
L7-2921,莫名其妙,莫名其妙,mòmíngqímiào,,7-9,4-2-2-4,4-2-2-4,,False,https://forvo.com/word/莫名其妙/#zh
L7-2922,漠然,漠然,mòrán,Adj,7-9,4-2,4-2,,False,https://forvo.com/word/漠然/#zh
L7-2923,墨,墨,mò,N,7-9,4,4,,False,https://forvo.com/word/墨/#zh
L7-2924,默读,默讀,mòdú,V,7-9,4-2,4-2,,False,https://forvo.com/word/默读/#zh
L7-2925,默默无闻,默默無聞,mòmò-wúwén,,7-9,4-4-2-2,4-4-2-2,,False,https://forvo.com/word/默默无闻/#zh
L7-2926,默契,默契,mòqì,Adj/N,7-9,4-4,4-4,,False,https://forvo.com/word/默契/#zh
L7-2927,谋害,謀害,móuhài,V,7-9,2-4,2-4,,False,https://forvo.com/word/谋害/#zh
L7-2928,谋求,謀求,móuqiú,V,7-9,2-2,2-2,,False,https://forvo.com/word/谋求/#zh
L7-2929,谋生,謀生,móushēng,V,7-9,2-1,2-1,,False,https://forvo.com/word/谋生/#zh
L7-2930,牡丹,牡丹,mǔdan,N,7-9,3-N,3-N,neutral_tone,False,https://forvo.com/word/牡丹/#zh
L7-2931,亩,畝,mǔ,M,7-9,3,3,,False,https://forvo.com/word/亩/#zh
L7-2932,木板,木板,mùbǎn,N,7-9,4-3,4-3,,False,https://forvo.com/word/木板/#zh
L7-2933,木材,木材,mùcái,N,7-9,4-2,4-2,,False,https://forvo.com/word/木材/#zh
L7-2934,木匠,木匠,mùjiàng,N,7-9,4-4,4-4,,False,https://forvo.com/word/木匠/#zh
L7-2935,木偶,木偶,mù'ǒu,N,7-9,4-3,4-3,,False,https://forvo.com/word/木偶/#zh
L7-2936,目不转睛,目不轉睛,mùbùzhuǎnjīng,,7-9,4-4-3-1,4-4-3-1,,False,https://forvo.com/word/目不转睛/#zh
L7-2937,目瞪口呆,目瞪口呆,mùdèng-kǒudāi,,7-9,4-4-3-1,4-4-3-1,,False,https://forvo.com/word/目瞪口呆/#zh
L7-2938,目的地,目的地,mùdìdì,N,7-9,4-4-4,4-4-4,,False,https://forvo.com/word/目的地/#zh
L7-2939,目睹,目睹,mùdǔ,V,7-9,4-3,4-3,,False,https://forvo.com/word/目睹/#zh
L7-2940,目录,目錄,mùlù,N,7-9,4-4,4-4,,False,https://forvo.com/word/目录/#zh
L7-2941,目中无人,目中無人,mùzhōng-wúrén,,7-9,4-1-2-2,4-1-2-2,,False,https://forvo.com/word/目中无人/#zh
L7-2942,沐浴露,沐浴露,mùyùlù,N,7-9,4-4-4,4-4-4,,False,https://forvo.com/word/沐浴露/#zh
L7-2943,牧场,牧場,mùchǎng,N,7-9,4-3,4-3,,False,https://forvo.com/word/牧场/#zh
L7-2944,牧民,牧民,mùmín,N,7-9,4-2,4-2,,False,https://forvo.com/word/牧民/#zh
L7-2945,募捐,募捐,mùjuān,,7-9,4-1,4-1,,False,https://forvo.com/word/募捐/#zh
L7-2946,墓碑,墓碑,mùbēi,N,7-9,4-1,4-1,,False,https://forvo.com/word/墓碑/#zh
L7-2947,墓地,墓地,mùdì,N,7-9,4-4,4-4,,False,https://forvo.com/word/墓地/#zh
L7-2948,幕,幕,mù,N,7-9,4,4,,False,https://forvo.com/word/幕/#zh
L7-2949,幕后,幕後,mùhòu,N,7-9,4-4,4-4,,False,https://forvo.com/word/幕后/#zh
L7-2950,穆斯林,穆斯林,mùsīlín,N,7-9,4-1-2,4-1-2,,False,https://forvo.com/word/穆斯林/#zh
L7-2951,拿手,拿手,náshǒu,Adj,7-9,2-3,2-3,,False,https://forvo.com/word/拿手/#zh
L7-2952,哪知道,哪知道,nǎ zhīdào,,7-9,3-1-4,3-1-4,,False,https://forvo.com/word/哪知道/#zh
L7-2953,呐喊,吶喊,nàhǎn,V,7-9,4-3,4-3,,False,https://forvo.com/word/呐喊/#zh
L7-2954,纳闷儿,納悶兒,nàmènr,,7-9,4-4-N,4-4-N,neutral_tone,False,https://forvo.com/word/纳闷儿/#zh
L7-2955,纳入,納入,nàrù,V,7-9,4-4,4-4,,False,https://forvo.com/word/纳入/#zh
L7-2956,纳税,納稅,nàshuì,,7-9,4-4,4-4,,False,https://forvo.com/word/纳税/#zh
L7-2957,纳税人,納稅人,nàshuìrén,N,7-9,4-4-2,4-4-2,,False,https://forvo.com/word/纳税人/#zh
L7-2958,乃,乃,nǎi,Adv,7-9,3,3,,False,https://forvo.com/word/乃/#zh
L7-2959,乃至,乃至,nǎizhì,Conj,7-9,3-4,3-4,,False,https://forvo.com/word/乃至/#zh
L7-2960,耐,耐,nài,V,7-9,4,4,,False,https://forvo.com/word/耐/#zh
L7-2961,耐人寻味,耐人尋味,nàirénxúnwèi,,7-9,4-2-2-4,4-2-2-4,,False,https://forvo.com/word/耐人寻味/#zh
L7-2962,耐性,耐性,nàixìng,N,7-9,4-4,4-4,,False,https://forvo.com/word/耐性/#zh
L7-2963,南瓜,南瓜,nánguā,N,7-9,2-1,2-1,,False,https://forvo.com/word/南瓜/#zh
L7-2964,难处,難處,nánchù,N,7-9,2-N,2-N,neutral_tone,False,https://forvo.com/word/难处/#zh
L7-2965,难得一见,難得一見,nándé yī jiàn,,7-9,2-2-1-4,2-2-2-4,yi_before_t4,False,https://forvo.com/word/难得一见/#zh
L7-2966,难点,難點,nándiǎn,N,7-9,2-3,2-3,,False,https://forvo.com/word/难点/#zh
L7-2967,难怪,難怪,nánguài,Adv/V,7-9,2-4,2-4,,False,https://forvo.com/word/难怪/#zh
L7-2968,难关,難關,nánguān,N,7-9,2-1,2-1,,False,https://forvo.com/word/难关/#zh
L7-2969,难堪,難堪,nánkān,V/Adj,7-9,2-1,2-1,,False,https://forvo.com/word/难堪/#zh
L7-2970,难说,難說,nánshuō,V,7-9,2-1,2-1,,False,https://forvo.com/word/难说/#zh
L7-2971,难为情,難為情,nánwéiqíng,Adj,7-9,2-2-2,2-2-2,,False,https://forvo.com/word/难为情/#zh
L7-2972,难以想象,難以想象,nányǐ-xiǎngxiàng,,7-9,2-3-3-4,2-2-3-4,third_tone_sandhi,False,https://forvo.com/word/难以想象/#zh
L7-2973,难以置信,難以置信,nányǐ-zhìxìn,,7-9,2-3-4-4,2-3-4-4,,False,https://forvo.com/word/难以置信/#zh
L7-2974,挠,撓,náo,V,7-9,2,2,,False,https://forvo.com/word/挠/#zh
L7-2975,恼羞成怒,惱羞成怒,nǎoxiū-chéngnù,,7-9,3-1-2-4,3-1-2-4,,False,https://forvo.com/word/恼羞成怒/#zh
L7-2976,脑海,腦海,nǎohǎi,N,7-9,3-3,2-3,third_tone_sandhi,False,https://forvo.com/word/脑海/#zh
L7-2977,脑筋,腦筋,nǎojīn,N,7-9,3-1,3-1,,False,https://forvo.com/word/脑筋/#zh
L7-2978,闹事,鬧事,nàoshì,,7-9,4-4,4-4,,False,https://forvo.com/word/闹事/#zh
L7-2979,闹着玩儿,鬧著玩兒,nàozhewánr,,7-9,4-N-2-N,4-N-2-N,neutral_tone,False,https://forvo.com/word/闹着玩儿/#zh
L7-2980,内存,內存,nèicún,N,7-9,4-2,4-2,,False,https://forvo.com/word/内存/#zh
L7-2981,内阁,內閣,nèigé,N,7-9,4-2,4-2,,False,https://forvo.com/word/内阁/#zh
L7-2982,内涵,內涵,nèihán,N,7-9,4-2,4-2,,False,https://forvo.com/word/内涵/#zh
L7-2983,内行,內行,nèiháng,Adj,7-9,4-2,4-2,,False,https://forvo.com/word/内行/#zh
L7-2984,内幕,內幕,nèimù,N,7-9,4-4,4-4,,False,https://forvo.com/word/内幕/#zh
L7-2985,内向,內向,nèixiàng,Adj,7-9,4-4,4-4,,False,https://forvo.com/word/内向/#zh
L7-2986,内需,內需,nèixū,N,7-9,4-1,4-1,,False,https://forvo.com/word/内需/#zh
L7-2987,嫩,嫩,nèn,Adj,7-9,4,4,,False,https://forvo.com/word/嫩/#zh
L7-2988,能耗,能耗,nénghào,N,7-9,2-4,2-4,,False,https://forvo.com/word/能耗/#zh
L7-2989,能耐,能耐,néngnai,N/Adj,7-9,2-4,2-4,,False,https://forvo.com/word/能耐/#zh
L7-2990,能人,能人,néngrén,N,7-9,2-2,2-2,,False,https://forvo.com/word/能人/#zh
L7-2991,能源,能源,néngyuán,N,7-9,2-2,2-2,,False,https://forvo.com/word/能源/#zh
L7-2992,尼龙,尼龍,nílóng,N,7-9,2-2,2-2,,False,https://forvo.com/word/尼龙/#zh
L7-2993,泥潭,泥潭,nítán,N,7-9,2-2,2-2,,False,https://forvo.com/word/泥潭/#zh
L7-2994,泥土,泥土,nítǔ,N,7-9,2-3,2-3,,False,https://forvo.com/word/泥土/#zh
L7-2995,拟,擬,nǐ,V,7-9,3,3,,False,https://forvo.com/word/拟/#zh
L7-2996,拟定,擬定,nǐdìng,V,7-9,3-4,3-4,,False,https://forvo.com/word/拟定/#zh
L7-2997,逆,逆,nì,V,7-9,4,4,,False,https://forvo.com/word/逆/#zh
L7-2998,匿名,匿名,nìmíng,V,7-9,4-2,4-2,,False,https://forvo.com/word/匿名/#zh
L7-2999,年画,年畫,niánhuà,N,7-9,2-4,2-4,,False,https://forvo.com/word/年画/#zh
L7-3000,年迈,年邁,niánmài,Adj,7-9,2-4,2-4,,False,https://forvo.com/word/年迈/#zh
L7-3001,年限,年限,niánxiàn,N,7-9,2-4,2-4,,False,https://forvo.com/word/年限/#zh
L7-3002,年薪,年薪,niánxīn,N,7-9,2-1,2-1,,False,https://forvo.com/word/年薪/#zh
L7-3003,年夜饭,年夜飯,niányèfàn,N,7-9,2-4-4,2-4-4,,False,https://forvo.com/word/年夜饭/#zh
L7-3004,年终,年終,niánzhōng,N,7-9,2-1,2-1,,False,https://forvo.com/word/年终/#zh
L7-3005,黏,黏,nián,Adj,7-9,2,2,,False,https://forvo.com/word/黏/#zh
L7-3006,念念不忘,念念不忘,niànniàn-bùwàng,,7-9,4-4-4-4,4-4-2-4,bu_before_t4,False,https://forvo.com/word/念念不忘/#zh
L7-3007,念书,念書,niànshū,,7-9,4-1,4-1,,False,https://forvo.com/word/念书/#zh
L7-3008,念头,念頭,niàntou,N,7-9,4-N,4-N,neutral_tone,False,https://forvo.com/word/念头/#zh
L7-3009,娘,娘,niáng,N,7-9,2,2,,False,https://forvo.com/word/娘/#zh
L7-3010,酿造,釀造,niàngzào,V,7-9,4-4,4-4,,False,https://forvo.com/word/酿造/#zh
L7-3011,鸟巢,鳥巢,niǎocháo,N,7-9,3-2,3-2,,False,https://forvo.com/word/鸟巢/#zh
L7-3012,尿,尿,niào,V/N,7-9,4,4,,False,https://forvo.com/word/尿/#zh
L7-3013,捏,捏,niē,V,7-9,1,1,,False,https://forvo.com/word/捏/#zh
L7-3014,拧,擰,níng,V,7-9,2,2,,False,https://forvo.com/word/拧/#zh
L7-3015,凝固,凝固,nínggù,V,7-9,2-4,2-4,,False,https://forvo.com/word/凝固/#zh
L7-3016,凝聚,凝聚,níngjù,V,7-9,2-4,2-4,,False,https://forvo.com/word/凝聚/#zh
L7-3017,拧,擰,nǐng,V,7-9,3,3,,False,https://forvo.com/word/拧/#zh
L7-3018,宁可,寧可,nìngkě,Adv,7-9,4-3,4-3,,False,https://forvo.com/word/宁可/#zh
L7-3019,宁愿,寧願,nìngyuàn,Adv,7-9,4-4,4-4,,False,https://forvo.com/word/宁愿/#zh
L7-3020,扭曲,扭曲,niǔqū,V,7-9,3-1,3-1,,False,https://forvo.com/word/扭曲/#zh
L7-3021,扭头,扭頭,niǔtóu,,7-9,3-2,3-2,,False,https://forvo.com/word/扭头/#zh
L7-3022,扭转,扭轉,niǔzhuǎn,V,7-9,3-3,2-3,third_tone_sandhi,False,https://forvo.com/word/扭转/#zh
L7-3023,纽带,紐帶,niǔdài,N,7-9,3-4,3-4,,False,https://forvo.com/word/纽带/#zh
L7-3024,纽扣,紐扣,niǔkòu,N,7-9,3-4,3-4,,False,https://forvo.com/word/纽扣/#zh
L7-3025,农场,農場,nóngchǎng,N,7-9,2-3,2-3,,False,https://forvo.com/word/农场/#zh
L7-3026,农历,農曆,nónglì,N,7-9,2-4,2-4,,False,https://forvo.com/word/农历/#zh
L7-3027,农民工,農民工,nóngmíngōng,N,7-9,2-2-1,2-2-1,,False,https://forvo.com/word/农民工/#zh
L7-3028,农作物,農作物,nóngzuòwù,N,7-9,2-4-4,2-4-4,,False,https://forvo.com/word/农作物/#zh
L7-3029,浓厚,濃厚,nónghòu,Adj,7-9,2-4,2-4,,False,https://forvo.com/word/浓厚/#zh
L7-3030,浓缩,濃縮,nóngsuō,V,7-9,2-1,2-1,,False,https://forvo.com/word/浓缩/#zh
L7-3031,浓郁,濃郁,nóngyù,Adj,7-9,2-4,2-4,,False,https://forvo.com/word/浓郁/#zh
L7-3032,浓重,濃重,nóngzhòng,Adj,7-9,2-4,2-4,,False,https://forvo.com/word/浓重/#zh
L7-3033,弄虚作假,弄虛作假,nòngxū-zuòjiǎ,,7-9,4-1-4-3,4-1-4-3,,False,https://forvo.com/word/弄虚作假/#zh
L7-3034,奴隶,奴隸,núlì,N,7-9,2-4,2-4,,False,https://forvo.com/word/奴隶/#zh
L7-3035,女婿,女婿,nǚxu,N,7-9,3-N,3-N,neutral_tone,False,https://forvo.com/word/女婿/#zh
L7-3036,暖烘烘,暖烘烘,nuǎnhōnghōng,Adj,7-9,3-1-1,3-1-1,,False,https://forvo.com/word/暖烘烘/#zh
L7-3037,虐待,虐待,nüèdài,V,7-9,4-4,4-4,,False,https://forvo.com/word/虐待/#zh
L7-3038,挪,挪,nuó,V,7-9,2,2,,False,https://forvo.com/word/挪/#zh
L7-3039,诺言,諾言,nuòyán,N,7-9,4-2,4-2,,False,https://forvo.com/word/诺言/#zh
L7-3040,哦,哦,ò,Intj,7-9,4,4,,False,https://forvo.com/word/哦/#zh
L7-3041,殴打,毆打,ōudǎ,V,7-9,1-3,1-3,,False,https://forvo.com/word/殴打/#zh
L7-3042,呕吐,嘔吐,ǒutù,V,7-9,3-4,3-4,,False,https://forvo.com/word/呕吐/#zh
L7-3043,趴,趴,pā,V,7-9,1,1,,False,https://forvo.com/word/趴/#zh
L7-3044,拍板,拍板,pāibǎn,,7-9,1-3,1-3,,False,https://forvo.com/word/拍板/#zh
L7-3045,拍卖,拍賣,pāimài,V,7-9,1-4,1-4,,False,https://forvo.com/word/拍卖/#zh
L7-3046,拍戏,拍戲,pāixì,,7-9,1-4,1-4,,False,https://forvo.com/word/拍戏/#zh
L7-3047,排斥,排斥,páichì,V,7-9,2-4,2-4,,False,https://forvo.com/word/排斥/#zh
L7-3048,排放,排放,páifàng,V,7-9,2-4,2-4,,False,https://forvo.com/word/排放/#zh
L7-3049,排练,排練,páiliàn,V,7-9,2-4,2-4,,False,https://forvo.com/word/排练/#zh
L7-3050,徘徊,徘徊,páihuái,V,7-9,2-2,2-2,,False,https://forvo.com/word/徘徊/#zh
L7-3051,牌照,牌照,páizhào,N,7-9,2-4,2-4,,False,https://forvo.com/word/牌照/#zh
L7-3052,派别,派別,pàibié,N,7-9,4-2,4-2,,False,https://forvo.com/word/派别/#zh
L7-3053,派遣,派遣,pàiqiǎn,V,7-9,4-3,4-3,,False,https://forvo.com/word/派遣/#zh
L7-3054,攀,攀,pān,V,7-9,1,1,,False,https://forvo.com/word/攀/#zh
L7-3055,攀升,攀升,pānshēng,V,7-9,1-1,1-1,,False,https://forvo.com/word/攀升/#zh
L7-3056,盘,盤,pán,V,7-9,2,2,,False,https://forvo.com/word/盘/#zh
L7-3057,盘算,盤算,pánsuan,V,7-9,2-4,2-4,,False,https://forvo.com/word/盘算/#zh
L7-3058,判处,判處,pànchǔ,V,7-9,4-3,4-3,,False,https://forvo.com/word/判处/#zh
L7-3059,判定,判定,pàndìng,V,7-9,4-4,4-4,,False,https://forvo.com/word/判定/#zh
L7-3060,判决,判決,pànjué,V,7-9,4-2,4-2,,False,https://forvo.com/word/判决/#zh
L7-3061,盼,盼,pàn,V,7-9,4,4,,False,https://forvo.com/word/盼/#zh
L7-3062,叛逆,叛逆,pànnì,V/N,7-9,4-4,4-4,,False,https://forvo.com/word/叛逆/#zh
L7-3063,庞大,龐大,pángdà,Adj,7-9,2-4,2-4,,False,https://forvo.com/word/庞大/#zh
L7-3064,旁观,旁觀,pángguān,V,7-9,2-1,2-1,,False,https://forvo.com/word/旁观/#zh
L7-3065,抛,拋,pāo,V,7-9,1,1,,False,https://forvo.com/word/抛/#zh
L7-3066,抛开,拋開,pāokāi,,7-9,1-1,1-1,,False,https://forvo.com/word/抛开/#zh
L7-3067,抛弃,拋棄,pāoqì,V,7-9,1-4,1-4,,False,https://forvo.com/word/抛弃/#zh
L7-3068,刨,刨,páo,V,7-9,2,2,,False,https://forvo.com/word/刨/#zh
L7-3069,跑车,跑車,pǎochē,N,7-9,3-1,3-1,,False,https://forvo.com/word/跑车/#zh
L7-3070,跑道,跑道,pǎodào,N,7-9,3-4,3-4,,False,https://forvo.com/word/跑道/#zh
L7-3071,跑龙套,跑龍套,pǎo lóngtào,,7-9,3-2-4,3-2-4,,False,https://forvo.com/word/跑龙套/#zh
L7-3072,泡沫,泡沫,pàomò,N,7-9,4-4,4-4,,False,https://forvo.com/word/泡沫/#zh
L7-3073,胚胎,胚胎,pēitāi,N,7-9,1-1,1-1,,False,https://forvo.com/word/胚胎/#zh
L7-3074,陪伴,陪伴,péibàn,V,7-9,2-4,2-4,,False,https://forvo.com/word/陪伴/#zh
L7-3075,陪葬,陪葬,péizàng,V,7-9,2-4,2-4,,False,https://forvo.com/word/陪葬/#zh
L7-3076,赔钱,賠錢,péiqián,,7-9,2-2,2-2,,False,https://forvo.com/word/赔钱/#zh
L7-3077,佩服,佩服,pèifú,V,7-9,4-2,4-2,,False,https://forvo.com/word/佩服/#zh
L7-3078,配件,配件,pèijiàn,N,7-9,4-4,4-4,,False,https://forvo.com/word/配件/#zh
L7-3079,配偶,配偶,pèi'ǒu,N,7-9,4-3,4-3,,False,https://forvo.com/word/配偶/#zh
L7-3080,配送,配送,pèisòng,V,7-9,4-4,4-4,,False,https://forvo.com/word/配送/#zh
L7-3081,配音,配音,pèiyīn,,7-9,4-1,4-1,,False,https://forvo.com/word/配音/#zh
L7-3082,喷泉,噴泉,pēnquán,N,7-9,1-2,1-2,,False,https://forvo.com/word/喷泉/#zh
L7-3083,抨击,抨擊,pēngjī,V,7-9,1-1,1-1,,False,https://forvo.com/word/抨击/#zh
L7-3084,烹调,烹調,pēngtiáo,V,7-9,1-2,1-2,,False,https://forvo.com/word/烹调/#zh
L7-3085,蓬勃,蓬勃,péngbó,Adj,7-9,2-2,2-2,,False,https://forvo.com/word/蓬勃/#zh
L7-3086,鹏程万里,鵬程萬里,péngchéng-wànlǐ,,7-9,2-2-4-3,2-2-4-3,,False,https://forvo.com/word/鹏程万里/#zh
L7-3087,膨胀,膨脹,péngzhàng,V,7-9,2-4,2-4,,False,https://forvo.com/word/膨胀/#zh
L7-3088,捧,捧,pěng,V,7-9,3,3,,False,https://forvo.com/word/捧/#zh
L7-3089,捧场,捧場,pěngchǎng,,7-9,3-3,2-3,third_tone_sandhi,False,https://forvo.com/word/捧场/#zh
L7-3090,碰钉子,碰釘子,pèng dīngzi,,7-9,4-1-N,4-1-N,neutral_tone,False,https://forvo.com/word/碰钉子/#zh
L7-3091,碰巧,碰巧,pèngqiǎo,Adv,7-9,4-3,4-3,,False,https://forvo.com/word/碰巧/#zh
L7-3092,碰上,碰上,pèngshang,,7-9,4-4,4-4,,False,https://forvo.com/word/碰上/#zh
L7-3093,碰撞,碰撞,pèngzhuàng,V,7-9,4-4,4-4,,False,https://forvo.com/word/碰撞/#zh
L7-3094,批发,批發,pīfā,V,7-9,1-1,1-1,,False,https://forvo.com/word/批发/#zh
L7-3095,批判,批判,pīpàn,V,7-9,1-4,1-4,,False,https://forvo.com/word/批判/#zh
L7-3096,披露,披露,pīlù,V,7-9,1-4,1-4,,False,https://forvo.com/word/披露/#zh
L7-3097,劈,劈,pī,V,7-9,1,1,,False,https://forvo.com/word/劈/#zh
L7-3098,皮带,皮帶,pídài,N,7-9,2-4,2-4,,False,https://forvo.com/word/皮带/#zh
L7-3099,疲惫,疲憊,píbèi,Adj,7-9,2-4,2-4,,False,https://forvo.com/word/疲惫/#zh
L7-3100,疲惫不堪,疲憊不堪,píbèi-bùkān,,7-9,2-4-4-1,2-4-4-1,,False,https://forvo.com/word/疲惫不堪/#zh
L7-3101,疲倦,疲倦,píjuàn,Adj,7-9,2-4,2-4,,False,https://forvo.com/word/疲倦/#zh
L7-3102,疲劳,疲勞,píláo,Adj,7-9,2-2,2-2,,False,https://forvo.com/word/疲劳/#zh
L7-3103,脾,脾,pí,N,7-9,2,2,,False,https://forvo.com/word/脾/#zh
L7-3104,匹配,匹配,pǐpèi,V,7-9,3-4,3-4,,False,https://forvo.com/word/匹配/#zh
L7-3105,媲美,媲美,pìměi,V,7-9,4-3,4-3,,False,https://forvo.com/word/媲美/#zh
L7-3106,僻静,僻靜,pìjìng,Adj,7-9,4-4,4-4,,False,https://forvo.com/word/僻静/#zh
L7-3107,譬如,譬如,pìrú,V,7-9,4-2,4-2,,False,https://forvo.com/word/譬如/#zh
L7-3108,譬如说,譬如說,pìrú shuō,,7-9,4-2-1,4-2-1,,False,https://forvo.com/word/譬如说/#zh
L7-3109,片子,片子,piānzi,N,7-9,1-N,1-N,neutral_tone,False,https://forvo.com/word/片子/#zh
L7-3110,偏差,偏差,piānchā,N,7-9,1-1,1-1,,False,https://forvo.com/word/偏差/#zh
L7-3111,偏方,偏方,piānfāng,N,7-9,1-1,1-1,,False,https://forvo.com/word/偏方/#zh
L7-3112,偏见,偏見,piānjiàn,N,7-9,1-4,1-4,,False,https://forvo.com/word/偏见/#zh
L7-3113,偏僻,偏僻,piānpì,Adj,7-9,1-4,1-4,,False,https://forvo.com/word/偏僻/#zh
L7-3114,偏偏,偏偏,piānpiān,Adv,7-9,1-1,1-1,,False,https://forvo.com/word/偏偏/#zh
L7-3115,偏向,偏向,piānxiàng,V/N,7-9,1-4,1-4,,False,https://forvo.com/word/偏向/#zh
L7-3116,偏远,偏遠,piānyuǎn,Adj,7-9,1-3,1-3,,False,https://forvo.com/word/偏远/#zh
L7-3117,篇幅,篇幅,piānfú,N,7-9,1-N,1-N,neutral_tone,False,https://forvo.com/word/篇幅/#zh
L7-3118,片段,片段,piànduàn,N,7-9,4-4,4-4,,False,https://forvo.com/word/片段/#zh
L7-3119,骗人,騙人,piàn rén,,7-9,4-2,4-2,,False,https://forvo.com/word/骗人/#zh
L7-3120,漂,漂,piāo,V,7-9,1,1,,False,https://forvo.com/word/漂/#zh
L7-3121,飘,飄,piāo,V/Adj,7-9,1,1,,False,https://forvo.com/word/飘/#zh
L7-3122,票房,票房,piàofáng,N,7-9,4-2,4-2,,False,https://forvo.com/word/票房/#zh
L7-3123,撇,撇,piě,V/N,7-9,3,3,,False,https://forvo.com/word/撇/#zh
L7-3124,拼搏,拼搏,pīnbó,V,7-9,1-2,1-2,,False,https://forvo.com/word/拼搏/#zh
L7-3125,拼命,拼命,pīnmìng,,7-9,1-4,1-4,,False,https://forvo.com/word/拼命/#zh
L7-3126,贫富,貧富,pín fù,,7-9,2-4,2-4,,False,https://forvo.com/word/贫富/#zh
L7-3127,贫穷,貧窮,pínqióng,Adj,7-9,2-2,2-2,,False,https://forvo.com/word/贫穷/#zh
L7-3128,频率,頻率,pínlǜ,N,7-9,2-4,2-4,,False,https://forvo.com/word/频率/#zh
L7-3129,频频,頻頻,pínpín,Adv,7-9,2-2,2-2,,False,https://forvo.com/word/频频/#zh
L7-3130,品尝,品嘗,pǐncháng,V,7-9,3-2,3-2,,False,https://forvo.com/word/品尝/#zh
L7-3131,品德,品德,pǐndé,N,7-9,3-2,3-2,,False,https://forvo.com/word/品德/#zh
L7-3132,品位,品位,pǐnwèi,N,7-9,3-4,3-4,,False,https://forvo.com/word/品位/#zh
L7-3133,品行,品行,pǐnxíng,N,7-9,3-2,3-2,,False,https://forvo.com/word/品行/#zh
L7-3134,聘,聘,pìn,V,7-9,4,4,,False,https://forvo.com/word/聘/#zh
L7-3135,聘任,聘任,pìnrèn,V,7-9,4-4,4-4,,False,https://forvo.com/word/聘任/#zh
L7-3136,聘用,聘用,pìnyòng,V,7-9,4-4,4-4,,False,https://forvo.com/word/聘用/#zh
L7-3137,乒乓球,乒乓球,pīngpāngqiú,N,7-9,1-1-2,1-1-2,,False,https://forvo.com/word/乒乓球/#zh
L7-3138,平常心,平常心,píngchángxīn,N,7-9,2-2-1,2-2-1,,False,https://forvo.com/word/平常心/#zh
L7-3139,平淡,平淡,píngdàn,Adj,7-9,2-4,2-4,,False,https://forvo.com/word/平淡/#zh
L7-3140,平和,平和,pínghé,Adj/V,7-9,2-2,2-2,,False,https://forvo.com/word/平和/#zh
L7-3141,平价,平價,píngjià,V/N,7-9,2-4,2-4,,False,https://forvo.com/word/平价/#zh
L7-3142,平面,平面,píngmiàn,N,7-9,2-4,2-4,,False,https://forvo.com/word/平面/#zh
L7-3143,平民,平民,píngmín,N,7-9,2-2,2-2,,False,https://forvo.com/word/平民/#zh
L7-3144,平日,平日,píngrì,N,7-9,2-4,2-4,,False,https://forvo.com/word/平日/#zh
L7-3145,平息,平息,píngxī,V,7-9,2-1,2-1,,False,https://forvo.com/word/平息/#zh
L7-3146,评定,評定,píngdìng,V,7-9,2-4,2-4,,False,https://forvo.com/word/评定/#zh
L7-3147,评论员,評論員,pínglùnyuán,N,7-9,2-4-2,2-4-2,,False,https://forvo.com/word/评论员/#zh
L7-3148,评判,評判,píngpàn,V,7-9,2-4,2-4,,False,https://forvo.com/word/评判/#zh
L7-3149,评审,評審,píngshěn,V,7-9,2-3,2-3,,False,https://forvo.com/word/评审/#zh
L7-3150,评委,評委,píngwěi,N,7-9,2-3,2-3,,False,https://forvo.com/word/评委/#zh
L7-3151,凭借,憑借,píngjiè,V,7-9,2-4,2-4,,False,https://forvo.com/word/凭借/#zh
L7-3152,凭着,憑著,píngzhe,,7-9,2-N,2-N,neutral_tone,False,https://forvo.com/word/凭着/#zh
L7-3153,凭证,憑證,píngzhèng,N,7-9,2-4,2-4,,False,https://forvo.com/word/凭证/#zh
L7-3154,瓶颈,瓶頸,píngjǐng,N,7-9,2-3,2-3,,False,https://forvo.com/word/瓶颈/#zh
L7-3155,萍水相逢,萍水相逢,píngshuǐ-xiāngféng,,7-9,2-3-1-2,2-3-1-2,,False,https://forvo.com/word/萍水相逢/#zh
L7-3156,泼冷水,潑冷水,pō lěngshuǐ,,7-9,1-3-3,1-2-3,third_tone_sandhi,False,https://forvo.com/word/泼冷水/#zh
L7-3157,颇,頗,pō,Adv,7-9,1,1,,False,https://forvo.com/word/颇/#zh
L7-3158,迫不及待,迫不及待,pòbùjídài,,7-9,4-4-2-4,4-4-2-4,,False,https://forvo.com/word/迫不及待/#zh
L7-3159,迫害,迫害,pòhài,V,7-9,4-4,4-4,,False,https://forvo.com/word/迫害/#zh
L7-3160,迫使,迫使,pòshǐ,V,7-9,4-3,4-3,,False,https://forvo.com/word/迫使/#zh
L7-3161,破案,破案,pò'àn,,7-9,4-4,4-4,,False,https://forvo.com/word/破案/#zh
L7-3162,破除,破除,pòchú,V,7-9,4-2,4-2,,False,https://forvo.com/word/破除/#zh
L7-3163,破解,破解,pòjiě,V,7-9,4-3,4-3,,False,https://forvo.com/word/破解/#zh
L7-3164,破旧,破舊,pòjiù,Adj,7-9,4-4,4-4,,False,https://forvo.com/word/破旧/#zh
L7-3165,破裂,破裂,pòliè,V,7-9,4-4,4-4,,False,https://forvo.com/word/破裂/#zh
L7-3166,破灭,破滅,pòmiè,V,7-9,4-4,4-4,,False,https://forvo.com/word/破灭/#zh
L7-3167,破碎,破碎,pòsuì,V,7-9,4-4,4-4,,False,https://forvo.com/word/破碎/#zh
L7-3168,魄力,魄力,pòlì,N,7-9,4-4,4-4,,False,https://forvo.com/word/魄力/#zh
L7-3169,扑克,撲克,pūkè,N,7-9,1-4,1-4,,False,https://forvo.com/word/扑克/#zh
L7-3170,扑面而来,撲面而來,pūmiàn-érlái,,7-9,1-4-2-2,1-4-2-2,,False,https://forvo.com/word/扑面而来/#zh
L7-3171,铺路,鋪路,pūlù,,7-9,1-4,1-4,,False,https://forvo.com/word/铺路/#zh
L7-3172,菩萨,菩薩,púsà,N,7-9,2-4,2-4,,False,https://forvo.com/word/菩萨/#zh
L7-3173,朴实,樸實,pǔshí,Adj,7-9,3-2,3-2,,False,https://forvo.com/word/朴实/#zh
L7-3174,朴素,樸素,pǔsù,Adj,7-9,3-4,3-4,,False,https://forvo.com/word/朴素/#zh
L7-3175,普通人,普通人,pǔtōng rén,,7-9,3-1-2,3-1-2,,False,https://forvo.com/word/普通人/#zh
L7-3176,谱,譜,pǔ,V/N,7-9,3,3,,False,https://forvo.com/word/谱/#zh
L7-3177,瀑布,瀑布,pùbù,N,7-9,4-4,4-4,,False,https://forvo.com/word/瀑布/#zh
L7-3178,七嘴八舌,七嘴八舌,qīzuǐ-bāshé,,7-9,1-3-1-2,1-3-1-2,,False,https://forvo.com/word/七嘴八舌/#zh
L7-3179,沏,沏,qī,V,7-9,1,1,,False,https://forvo.com/word/沏/#zh
L7-3180,凄凉,淒涼,qīliáng,Adj,7-9,1-2,1-2,,False,https://forvo.com/word/凄凉/#zh
L7-3181,期盼,期盼,qīpàn,V,7-9,1-4,1-4,,False,https://forvo.com/word/期盼/#zh
L7-3182,欺骗,欺騙,qīpiàn,V,7-9,1-4,1-4,,False,https://forvo.com/word/欺骗/#zh
L7-3183,欺诈,欺詐,qīzhà,V,7-9,1-4,1-4,,False,https://forvo.com/word/欺诈/#zh
L7-3184,漆,漆,qī,N/V,7-9,1,1,,False,https://forvo.com/word/漆/#zh
L7-3185,齐心协力,齊心協力,qíxīn-xiélì,,7-9,2-1-2-4,2-1-2-4,,False,https://forvo.com/word/齐心协力/#zh
L7-3186,其后,其後,qíhòu,N,7-9,2-4,2-4,,False,https://forvo.com/word/其后/#zh
L7-3187,其间,其間,qíjiān,N,7-9,2-1,2-1,,False,https://forvo.com/word/其间/#zh
L7-3188,奇花异草,奇花異草,qíhuā-yìcǎo,,7-9,2-1-4-3,2-1-4-3,,False,https://forvo.com/word/奇花异草/#zh
L7-3189,奇迹,奇跡,qíjì,N,7-9,2-4,2-4,,False,https://forvo.com/word/奇迹/#zh
L7-3190,奇特,奇特,qítè,Adj,7-9,2-4,2-4,,False,https://forvo.com/word/奇特/#zh
L7-3191,歧视,歧視,qíshì,V,7-9,2-4,2-4,,False,https://forvo.com/word/歧视/#zh
L7-3192,祈祷,祈禱,qídǎo,V,7-9,2-3,2-3,,False,https://forvo.com/word/祈祷/#zh
L7-3193,棋,棋,qí,N,7-9,2,2,,False,https://forvo.com/word/棋/#zh
L7-3194,棋子,棋子,qízǐ,N,7-9,2-3,2-3,,False,https://forvo.com/word/棋子/#zh
L7-3195,旗袍,旗袍,qípáo,N,7-9,2-2,2-2,,False,https://forvo.com/word/旗袍/#zh
L7-3196,旗帜,旗幟,qízhì,N,7-9,2-4,2-4,,False,https://forvo.com/word/旗帜/#zh
L7-3197,乞丐,乞丐,qǐgài,N,7-9,3-4,3-4,,False,https://forvo.com/word/乞丐/#zh
L7-3198,乞求,乞求,qǐqiú,V,7-9,3-2,3-2,,False,https://forvo.com/word/乞求/#zh
L7-3199,乞讨,乞討,qǐtǎo,V,7-9,3-3,2-3,third_tone_sandhi,False,https://forvo.com/word/乞讨/#zh
L7-3200,岂有此理,豈有此理,qǐyǒucǐlǐ,,7-9,3-3-3-3,2-2-2-3,third_tone_grouping_ambiguous;third_tone_sandhi,True,https://forvo.com/word/岂有此理/#zh
L7-3201,启迪,啟迪,qǐdí,V,7-9,3-2,3-2,,False,https://forvo.com/word/启迪/#zh
L7-3202,启蒙,啟蒙,qǐméng,V,7-9,3-2,3-2,,False,https://forvo.com/word/启蒙/#zh
L7-3203,启示,啟示,qǐshì,V/N,7-9,3-4,3-4,,False,https://forvo.com/word/启示/#zh
L7-3204,起步,起步,qǐbù,V,7-9,3-4,3-4,,False,https://forvo.com/word/起步/#zh
L7-3205,起草,起草,qǐcǎo,,7-9,3-3,2-3,third_tone_sandhi,False,https://forvo.com/word/起草/#zh
L7-3206,起程,起程,qǐchéng,V,7-9,3-2,3-2,,False,https://forvo.com/word/起程/#zh
L7-3207,起初,起初,qǐchū,N,7-9,3-1,3-1,,False,https://forvo.com/word/起初/#zh
L7-3208,起伏,起伏,qǐfú,V,7-9,3-2,3-2,,False,https://forvo.com/word/起伏/#zh
L7-3209,起劲,起勁,qǐjìn,Adj,7-9,3-4,3-4,,False,https://forvo.com/word/起劲/#zh
L7-3210,起跑线,起跑線,qǐpǎoxiàn,N,7-9,3-3-4,2-3-4,third_tone_sandhi,False,https://forvo.com/word/起跑线/#zh
L7-3211,起源,起源,qǐyuán,V/N,7-9,3-2,3-2,,False,https://forvo.com/word/起源/#zh
L7-3212,气愤,氣憤,qìfèn,Adj,7-9,4-4,4-4,,False,https://forvo.com/word/气愤/#zh
L7-3213,气管,氣管,qìguǎn,N,7-9,4-3,4-3,,False,https://forvo.com/word/气管/#zh
L7-3214,气馁,氣餒,qìněi,Adj,7-9,4-3,4-3,,False,https://forvo.com/word/气馁/#zh
L7-3215,气派,氣派,qìpài,N/Adj,7-9,4-4,4-4,,False,https://forvo.com/word/气派/#zh
L7-3216,气泡,氣泡,qìpào,N,7-9,4-4,4-4,,False,https://forvo.com/word/气泡/#zh
L7-3217,气魄,氣魄,qìpò,N,7-9,4-4,4-4,,False,https://forvo.com/word/气魄/#zh
L7-3218,气势,氣勢,qìshì,N,7-9,4-4,4-4,,False,https://forvo.com/word/气势/#zh
L7-3219,气味,氣味,qìwèi,N,7-9,4-4,4-4,,False,https://forvo.com/word/气味/#zh
L7-3220,气息,氣息,qìxī,N,7-9,4-1,4-1,,False,https://forvo.com/word/气息/#zh
L7-3221,气质,氣質,qìzhì,N,7-9,4-4,4-4,,False,https://forvo.com/word/气质/#zh
L7-3222,迄今,迄今,qìjīn,V,7-9,4-1,4-1,,False,https://forvo.com/word/迄今/#zh
L7-3223,迄今为止,迄今為止,qìjīn-wéizhǐ,,7-9,4-1-2-3,4-1-2-3,,False,https://forvo.com/word/迄今为止/#zh
L7-3224,契机,契機,qìjī,N,7-9,4-1,4-1,,False,https://forvo.com/word/契机/#zh
L7-3225,契约,契約,qìyuē,N,7-9,4-1,4-1,,False,https://forvo.com/word/契约/#zh
L7-3226,器材,器材,qìcái,N,7-9,4-2,4-2,,False,https://forvo.com/word/器材/#zh
L7-3227,器械,器械,qìxiè,N,7-9,4-4,4-4,,False,https://forvo.com/word/器械/#zh
L7-3228,掐,掐,qiā,V,7-9,1,1,,False,https://forvo.com/word/掐/#zh
L7-3229,卡,卡,qiǎ,V,7-9,3,3,,False,https://forvo.com/word/卡/#zh
L7-3230,卡子,卡子,qiǎzi,N,7-9,3-N,3-N,neutral_tone,False,https://forvo.com/word/卡子/#zh
L7-3231,洽谈,洽談,qiàtán,V,7-9,4-2,4-2,,False,https://forvo.com/word/洽谈/#zh
L7-3232,恰到好处,恰到好處,qiàdào-hǎochù,,7-9,4-4-3-4,4-4-3-4,,False,https://forvo.com/word/恰到好处/#zh
L7-3233,恰恰相反,恰恰相反,qiàqià xiāngfǎn,,7-9,4-4-1-3,4-4-1-3,,False,https://forvo.com/word/恰恰相反/#zh
L7-3234,恰巧,恰巧,qiàqiǎo,Adv,7-9,4-3,4-3,,False,https://forvo.com/word/恰巧/#zh
L7-3235,恰如其分,恰如其分,qiàrú-qífèn,,7-9,4-2-2-4,4-2-2-4,,False,https://forvo.com/word/恰如其分/#zh
L7-3236,千变万化,千變萬化,qiānbiàn-wànhuà,,7-9,1-4-4-4,1-4-4-4,,False,https://forvo.com/word/千变万化/#zh
L7-3237,千方百计,千方百計,qiānfāng-bǎijì,,7-9,1-1-3-4,1-1-3-4,,False,https://forvo.com/word/千方百计/#zh
L7-3238,千家万户,千家萬戶,qiānjiā-wànhù,,7-9,1-1-4-4,1-1-4-4,,False,https://forvo.com/word/千家万户/#zh
L7-3239,千军万马,千軍萬馬,qiānjūn-wànmǎ,,7-9,1-1-4-3,1-1-4-3,,False,https://forvo.com/word/千军万马/#zh
L7-3240,千钧一发,千鈞一髮,qiānjūn-yīfà,,7-9,1-1-1-4,1-1-2-4,yi_before_t4,False,https://forvo.com/word/千钧一发/#zh
L7-3241,迁,遷,qiān,V,7-9,1,1,,False,https://forvo.com/word/迁/#zh
L7-3242,迁就,遷就,qiānjiù,V,7-9,1-4,1-4,,False,https://forvo.com/word/迁就/#zh
L7-3243,迁移,遷移,qiānyí,V,7-9,1-2,1-2,,False,https://forvo.com/word/迁移/#zh
L7-3244,牵扯,牽扯,qiānchě,V,7-9,1-3,1-3,,False,https://forvo.com/word/牵扯/#zh
L7-3245,牵挂,牽掛,qiānguà,V,7-9,1-4,1-4,,False,https://forvo.com/word/牵挂/#zh
L7-3246,牵涉,牽涉,qiānshè,V,7-9,1-4,1-4,,False,https://forvo.com/word/牵涉/#zh
L7-3247,牵头,牽頭,qiāntóu,,7-9,1-2,1-2,,False,https://forvo.com/word/牵头/#zh
L7-3248,牵制,牽制,qiānzhì,V,7-9,1-4,1-4,,False,https://forvo.com/word/牵制/#zh
L7-3249,铅,鉛,qiān,N,7-9,1,1,,False,https://forvo.com/word/铅/#zh
L7-3250,谦逊,謙遜,qiānxùn,Adj,7-9,1-4,1-4,,False,https://forvo.com/word/谦逊/#zh
L7-3251,签,簽,qiān,N,7-9,1,1,,False,https://forvo.com/word/签/#zh
L7-3252,签署,簽署,qiānshǔ,V,7-9,1-3,1-3,,False,https://forvo.com/word/签署/#zh
L7-3253,前辈,前輩,qiánbèi,N,7-9,2-4,2-4,,False,https://forvo.com/word/前辈/#zh
L7-3254,前不久,前不久,qiánbùjiǔ,N,7-9,2-4-3,2-4-3,,False,https://forvo.com/word/前不久/#zh
L7-3255,前赴后继,前赴後繼,qiánfù-hòujì,,7-9,2-4-4-4,2-4-4-4,,False,https://forvo.com/word/前赴后继/#zh
L7-3256,前期,前期,qiánqī,N,7-9,2-1,2-1,,False,https://forvo.com/word/前期/#zh
L7-3257,前任,前任,qiánrèn,N,7-9,2-4,2-4,,False,https://forvo.com/word/前任/#zh
L7-3258,前所未有,前所未有,qiánsuǒwèiyǒu,,7-9,2-3-4-3,2-3-4-3,,False,https://forvo.com/word/前所未有/#zh
L7-3259,前台,前臺,qiántái,N,7-9,2-2,2-2,,False,https://forvo.com/word/前台/#zh
L7-3260,前无古人,前無古人,qiánwúgǔrén,,7-9,2-2-3-2,2-2-3-2,,False,https://forvo.com/word/前无古人/#zh
L7-3261,前夕,前夕,qiánxī,N,7-9,2-1,2-1,,False,https://forvo.com/word/前夕/#zh
L7-3262,前线,前線,qiánxiàn,N,7-9,2-4,2-4,,False,https://forvo.com/word/前线/#zh
L7-3263,前沿,前沿,qiányán,N,7-9,2-2,2-2,,False,https://forvo.com/word/前沿/#zh
L7-3264,前仰后合,前仰後合,qiányǎng-hòuhé,,7-9,2-3-4-2,2-3-4-2,,False,https://forvo.com/word/前仰后合/#zh
L7-3265,前者,前者,qiánzhě,N,7-9,2-3,2-3,,False,https://forvo.com/word/前者/#zh
L7-3266,虔诚,虔誠,qiánchéng,Adj,7-9,2-2,2-2,,False,https://forvo.com/word/虔诚/#zh
L7-3267,钱财,錢財,qiáncái,N,7-9,2-2,2-2,,False,https://forvo.com/word/钱财/#zh
L7-3268,钳子,鉗子,qiánzi,N,7-9,2-N,2-N,neutral_tone,False,https://forvo.com/word/钳子/#zh
L7-3269,潜能,潛能,qiánnéng,N,7-9,2-2,2-2,,False,https://forvo.com/word/潜能/#zh
L7-3270,潜水,潛水,qiánshuǐ,V,7-9,2-3,2-3,,False,https://forvo.com/word/潜水/#zh
L7-3271,潜艇,潛艇,qiántǐng,N,7-9,2-3,2-3,,False,https://forvo.com/word/潜艇/#zh
L7-3272,潜移默化,潛移默化,qiányí-mòhuà,,7-9,2-2-4-4,2-2-4-4,,False,https://forvo.com/word/潜移默化/#zh
L7-3273,潜在,潛在,qiánzài,Adj,7-9,2-4,2-4,,False,https://forvo.com/word/潜在/#zh
L7-3274,谴责,譴責,qiǎnzé,V,7-9,3-2,3-2,,False,https://forvo.com/word/谴责/#zh
L7-3275,欠缺,欠缺,qiànquē,V/N,7-9,4-1,4-1,,False,https://forvo.com/word/欠缺/#zh
L7-3276,欠条,欠條,qiàntiáo,N,7-9,4-2,4-2,,False,https://forvo.com/word/欠条/#zh
L7-3277,歉意,歉意,qiànyì,N,7-9,4-4,4-4,,False,https://forvo.com/word/歉意/#zh
L7-3278,呛,嗆,qiāng,V,7-9,1,1,,False,https://forvo.com/word/呛/#zh
L7-3279,枪毙,槍斃,qiāngbì,V,7-9,1-4,1-4,,False,https://forvo.com/word/枪毙/#zh
L7-3280,腔,腔,qiāng,N,7-9,1,1,,False,https://forvo.com/word/腔/#zh
L7-3281,强加,強加,qiángjiā,V,7-9,2-1,2-1,,False,https://forvo.com/word/强加/#zh
L7-3282,强劲,強勁,qiángjìng,Adj,7-9,2-4,2-4,,False,https://forvo.com/word/强劲/#zh
L7-3283,强项,強項,qiángxiàng,N,7-9,2-4,2-4,,False,https://forvo.com/word/强项/#zh
L7-3284,强行,強行,qiángxíng,Adv,7-9,2-2,2-2,,False,https://forvo.com/word/强行/#zh
L7-3285,强硬,強硬,qiángyìng,Adj,7-9,2-4,2-4,,False,https://forvo.com/word/强硬/#zh
L7-3286,强占,強佔,qiángzhàn,V,7-9,2-4,2-4,,False,https://forvo.com/word/强占/#zh
L7-3287,强制,強制,qiángzhì,V,7-9,2-4,2-4,,False,https://forvo.com/word/强制/#zh
L7-3288,抢夺,搶奪,qiǎngduó,V,7-9,3-2,3-2,,False,https://forvo.com/word/抢夺/#zh
L7-3289,抢劫,搶劫,qiǎngjié,V,7-9,3-2,3-2,,False,https://forvo.com/word/抢劫/#zh
L7-3290,抢眼,搶眼,qiǎngyǎn,Adj,7-9,3-3,2-3,third_tone_sandhi,False,https://forvo.com/word/抢眼/#zh
L7-3291,敲边鼓,敲邊鼓,qiāo biāngǔ,,7-9,1-1-3,1-1-3,,False,https://forvo.com/word/敲边鼓/#zh
L7-3292,敲诈,敲詐,qiāozhà,V,7-9,1-4,1-4,,False,https://forvo.com/word/敲诈/#zh
L7-3293,乔装,喬裝,qiáozhuāng,V,7-9,2-1,2-1,,False,https://forvo.com/word/乔装/#zh
L7-3294,瞧不起,瞧不起,qiáobuqǐ,V,7-9,2-4-3,2-4-3,,False,https://forvo.com/word/瞧不起/#zh
L7-3295,巧合,巧合,qiǎohé,Adj,7-9,3-2,3-2,,False,https://forvo.com/word/巧合/#zh
L7-3296,窍门,竅門,qiàomén,N,7-9,4-2,4-2,,False,https://forvo.com/word/窍门/#zh
L7-3297,翘,翹,qiào,V,7-9,4,4,,False,https://forvo.com/word/翘/#zh
L7-3298,撬,撬,qiào,V,7-9,4,4,,False,https://forvo.com/word/撬/#zh
L7-3299,切除,切除,qiēchú,V,7-9,1-2,1-2,,False,https://forvo.com/word/切除/#zh
L7-3300,切断,切斷,qiēduàn,,7-9,1-4,1-4,,False,https://forvo.com/word/切断/#zh
L7-3301,切割,切割,qiēgē,V,7-9,1-1,1-1,,False,https://forvo.com/word/切割/#zh
L7-3302,且,且,qiě,Adv,7-9,3,3,,False,https://forvo.com/word/且/#zh
L7-3303,且,且,qiě,Conj,7-9,3,3,,False,https://forvo.com/word/且/#zh
L7-3304,切身,切身,qièshēn,Adj,7-9,4-1,4-1,,False,https://forvo.com/word/切身/#zh
L7-3305,窃取,竊取,qièqǔ,V,7-9,4-3,4-3,,False,https://forvo.com/word/窃取/#zh
L7-3306,钦佩,欽佩,qīnpèi,V,7-9,1-4,1-4,,False,https://forvo.com/word/钦佩/#zh
L7-3307,侵害,侵害,qīnhài,V,7-9,1-4,1-4,,False,https://forvo.com/word/侵害/#zh
L7-3308,侵略,侵略,qīnlüè,V,7-9,1-4,1-4,,False,https://forvo.com/word/侵略/#zh
L7-3309,侵权,侵權,qīnquán,V,7-9,1-2,1-2,,False,https://forvo.com/word/侵权/#zh
L7-3310,侵占,侵佔,qīnzhàn,V,7-9,1-4,1-4,,False,https://forvo.com/word/侵占/#zh
L7-3311,亲和力,親和力,qīnhélì,N,7-9,1-2-4,1-2-4,,False,https://forvo.com/word/亲和力/#zh
L7-3312,亲近,親近,qīnjìn,Adj/V,7-9,1-4,1-4,,False,https://forvo.com/word/亲近/#zh
L7-3313,亲朋好友,親朋好友,qīnpéng-hǎoyǒu,,7-9,1-2-3-3,1-2-2-3,third_tone_sandhi,False,https://forvo.com/word/亲朋好友/#zh
L7-3314,亲戚,親戚,qīnqi,N,7-9,1-N,1-N,neutral_tone,False,https://forvo.com/word/亲戚/#zh
L7-3315,亲情,親情,qīnqíng,N,7-9,1-2,1-2,,False,https://forvo.com/word/亲情/#zh
L7-3316,亲热,親熱,qīnrè,Adj/V,7-9,1-4,1-4,,False,https://forvo.com/word/亲热/#zh
L7-3317,亲身,親身,qīnshēn,Adj,7-9,1-1,1-1,,False,https://forvo.com/word/亲身/#zh
L7-3318,亲生,親生,qīnshēng,Adj,7-9,1-1,1-1,,False,https://forvo.com/word/亲生/#zh
L7-3319,亲手,親手,qīnshǒu,Adv,7-9,1-3,1-3,,False,https://forvo.com/word/亲手/#zh
L7-3320,亲友,親友,qīnyǒu,N,7-9,1-3,1-3,,False,https://forvo.com/word/亲友/#zh
L7-3321,勤工俭学,勤工儉學,qíngōng-jiǎnxué,,7-9,2-1-3-2,2-1-3-2,,False,https://forvo.com/word/勤工俭学/#zh
L7-3322,勤快,勤快,qínkuai,Adj,7-9,2-4,2-4,,False,https://forvo.com/word/勤快/#zh
L7-3323,勤劳,勤勞,qínláo,Adj,7-9,2-2,2-2,,False,https://forvo.com/word/勤劳/#zh
L7-3324,寝室,寢室,qǐnshì,N,7-9,3-4,3-4,,False,https://forvo.com/word/寝室/#zh
L7-3325,青春期,青春期,qīngchūnqī,N,7-9,1-1-1,1-1-1,,False,https://forvo.com/word/青春期/#zh
L7-3326,青蛙,青蛙,qīngwā,N,7-9,1-1,1-1,,False,https://forvo.com/word/青蛙/#zh
L7-3327,轻而易举,輕而易舉,qīng'éryìjǔ,,7-9,1-2-4-3,1-2-4-3,,False,https://forvo.com/word/轻而易举/#zh
L7-3328,轻蔑,輕蔑,qīngmiè,V,7-9,1-4,1-4,,False,https://forvo.com/word/轻蔑/#zh
L7-3329,轻微,輕微,qīngwēi,Adj,7-9,1-1,1-1,,False,https://forvo.com/word/轻微/#zh
L7-3330,轻型,輕型,qīngxíng,Adj,7-9,1-2,1-2,,False,https://forvo.com/word/轻型/#zh
L7-3331,倾家荡产,傾家蕩產,qīngjiā-dàngchǎn,,7-9,1-1-4-3,1-1-4-3,,False,https://forvo.com/word/倾家荡产/#zh
L7-3332,倾诉,傾訴,qīngsù,V,7-9,1-4,1-4,,False,https://forvo.com/word/倾诉/#zh
L7-3333,倾听,傾聽,qīngtīng,V,7-9,1-1,1-1,,False,https://forvo.com/word/倾听/#zh
L7-3334,倾销,傾銷,qīngxiāo,V,7-9,1-1,1-1,,False,https://forvo.com/word/倾销/#zh
L7-3335,倾斜,傾斜,qīngxié,V,7-9,1-2,1-2,,False,https://forvo.com/word/倾斜/#zh
L7-3336,清除,清除,qīngchú,V,7-9,1-2,1-2,,False,https://forvo.com/word/清除/#zh
L7-3337,清脆,清脆,qīngcuì,Adj,7-9,1-4,1-4,,False,https://forvo.com/word/清脆/#zh
L7-3338,清单,清單,qīngdān,N,7-9,1-1,1-1,,False,https://forvo.com/word/清单/#zh
L7-3339,清淡,清淡,qīngdàn,Adj,7-9,1-4,1-4,,False,https://forvo.com/word/清淡/#zh
L7-3340,清静,清靜,qīngjìng,Adj,7-9,1-4,1-4,,False,https://forvo.com/word/清静/#zh
L7-3341,清凉,清涼,qīngliáng,Adj,7-9,1-2,1-2,,False,https://forvo.com/word/清凉/#zh
L7-3342,清明,清明,qīngmíng,Adj,7-9,1-2,1-2,,False,https://forvo.com/word/清明/#zh
L7-3343,清晰,清晰,qīngxī,Adj,7-9,1-1,1-1,,False,https://forvo.com/word/清晰/#zh
L7-3344,清新,清新,qīngxīn,Adj,7-9,1-1,1-1,,False,https://forvo.com/word/清新/#zh
L7-3345,清真寺,清真寺,qīngzhēnsì,N,7-9,1-1-4,1-1-4,,False,https://forvo.com/word/清真寺/#zh
L7-3346,情,情,qíng,N,7-9,2,2,,False,https://forvo.com/word/情/#zh
L7-3347,情报,情報,qíngbào,N,7-9,2-4,2-4,,False,https://forvo.com/word/情报/#zh
L7-3348,情不自禁,情不自禁,qíngbùzìjīn,,7-9,2-4-4-1,2-2-4-1,bu_before_t4,False,https://forvo.com/word/情不自禁/#zh
L7-3349,情调,情調,qíngdiào,N,7-9,2-4,2-4,,False,https://forvo.com/word/情调/#zh
L7-3350,情怀,情懷,qínghuái,N,7-9,2-2,2-2,,False,https://forvo.com/word/情怀/#zh
L7-3351,情结,情結,qíngjié,N,7-9,2-2,2-2,,False,https://forvo.com/word/情结/#zh
L7-3352,情侣,情侶,qínglǚ,N,7-9,2-3,2-3,,False,https://forvo.com/word/情侣/#zh
L7-3353,情人,情人,qíngrén,N,7-9,2-2,2-2,,False,https://forvo.com/word/情人/#zh
L7-3354,情谊,情誼,qíngyì,N,7-9,2-4,2-4,,False,https://forvo.com/word/情谊/#zh
L7-3355,情愿,情願,qíngyuàn,V/Adv,7-9,2-4,2-4,,False,https://forvo.com/word/情愿/#zh
L7-3356,请柬,請柬,qǐngjiǎn,N,7-9,3-3,2-3,third_tone_sandhi,False,https://forvo.com/word/请柬/#zh
L7-3357,请帖,請帖,qǐngtiě,N,7-9,3-3,2-3,third_tone_sandhi,False,https://forvo.com/word/请帖/#zh
L7-3358,庆典,慶典,qìngdiǎn,N,7-9,4-3,4-3,,False,https://forvo.com/word/庆典/#zh
L7-3359,庆贺,慶賀,qìnghè,V,7-9,4-4,4-4,,False,https://forvo.com/word/庆贺/#zh
L7-3360,庆幸,慶幸,qìngxìng,V,7-9,4-4,4-4,,False,https://forvo.com/word/庆幸/#zh
L7-3361,丘陵,丘陵,qiūlíng,N,7-9,1-2,1-2,,False,https://forvo.com/word/丘陵/#zh
L7-3362,囚犯,囚犯,qiúfàn,N,7-9,2-4,2-4,,False,https://forvo.com/word/囚犯/#zh
L7-3363,求婚,求婚,qiúhūn,,7-9,2-1,2-1,,False,https://forvo.com/word/求婚/#zh
L7-3364,求救,求救,qiújiù,V,7-9,2-4,2-4,,False,https://forvo.com/word/求救/#zh
L7-3365,求学,求學,qiúxué,V,7-9,2-2,2-2,,False,https://forvo.com/word/求学/#zh
L7-3366,求医,求醫,qiúyī,V,7-9,2-1,2-1,,False,https://forvo.com/word/求医/#zh
L7-3367,求证,求證,qiúzhèng,V,7-9,2-4,2-4,,False,https://forvo.com/word/求证/#zh
L7-3368,求助,求助,qiúzhù,V,7-9,2-4,2-4,,False,https://forvo.com/word/求助/#zh
L7-3369,曲线,曲線,qūxiàn,N,7-9,1-4,1-4,,False,https://forvo.com/word/曲线/#zh
L7-3370,曲折,曲折,qūzhé,Adj,7-9,1-2,1-2,,False,https://forvo.com/word/曲折/#zh
L7-3371,驱动,驅動,qūdòng,V,7-9,1-4,1-4,,False,https://forvo.com/word/驱动/#zh
L7-3372,驱逐,驅逐,qūzhú,V,7-9,1-2,1-2,,False,https://forvo.com/word/驱逐/#zh
L7-3373,屈服,屈服,qūfú,V,7-9,1-2,1-2,,False,https://forvo.com/word/屈服/#zh
L7-3374,趋于,趨於,qūyú,V,7-9,1-2,1-2,,False,https://forvo.com/word/趋于/#zh
L7-3375,曲,曲,qǔ,N,7-9,3,3,,False,https://forvo.com/word/曲/#zh
L7-3376,取代,取代,qǔdài,V,7-9,3-4,3-4,,False,https://forvo.com/word/取代/#zh
L7-3377,取缔,取締,qǔdì,V,7-9,3-4,3-4,,False,https://forvo.com/word/取缔/#zh
L7-3378,取而代之,取而代之,qǔ'érdàizhī,,7-9,3-2-4-1,3-2-4-1,,False,https://forvo.com/word/取而代之/#zh
L7-3379,取经,取經,qǔjīng,,7-9,3-1,3-1,,False,https://forvo.com/word/取经/#zh
L7-3380,取决于,取決於,qǔjué yú,,7-9,3-2-2,3-2-2,,False,https://forvo.com/word/取决于/#zh
L7-3381,取暖,取暖,qǔnuǎn,V,7-9,3-3,2-3,third_tone_sandhi,False,https://forvo.com/word/取暖/#zh
L7-3382,取胜,取勝,qǔshèng,V,7-9,3-4,3-4,,False,https://forvo.com/word/取胜/#zh
L7-3383,取笑,取笑,qǔxiào,V,7-9,3-4,3-4,,False,https://forvo.com/word/取笑/#zh
L7-3384,娶,娶,qǔ,V,7-9,3,3,,False,https://forvo.com/word/娶/#zh
L7-3385,去除,去除,qùchú,V,7-9,4-2,4-2,,False,https://forvo.com/word/去除/#zh
L7-3386,去处,去處,qùchù,N,7-9,4-4,4-4,,False,https://forvo.com/word/去处/#zh
L7-3387,去向,去向,qùxiàng,N,7-9,4-4,4-4,,False,https://forvo.com/word/去向/#zh
L7-3388,趣味,趣味,qùwèi,N,7-9,4-4,4-4,,False,https://forvo.com/word/趣味/#zh
L7-3389,圈套,圈套,quāntào,N,7-9,1-4,1-4,,False,https://forvo.com/word/圈套/#zh
L7-3390,圈子,圈子,quānzi,N,7-9,1-N,1-N,neutral_tone,False,https://forvo.com/word/圈子/#zh
L7-3391,权衡,權衡,quánhéng,V,7-9,2-2,2-2,,False,https://forvo.com/word/权衡/#zh
L7-3392,权威,權威,quánwēi,N,7-9,2-1,2-1,,False,https://forvo.com/word/权威/#zh
L7-3393,权益,權益,quányì,N,7-9,2-4,2-4,,False,https://forvo.com/word/权益/#zh
L7-3394,全长,全長,quáncháng,N,7-9,2-2,2-2,,False,https://forvo.com/word/全长/#zh
L7-3395,全程,全程,quánchéng,N,7-9,2-2,2-2,,False,https://forvo.com/word/全程/#zh
L7-3396,全方位,全方位,quánfāngwèi,N,7-9,2-1-4,2-1-4,,False,https://forvo.com/word/全方位/#zh
L7-3397,全局,全局,quánjú,N,7-9,2-2,2-2,,False,https://forvo.com/word/全局/#zh
L7-3398,全力以赴,全力以赴,quánlìyǐfù,,7-9,2-4-3-4,2-4-3-4,,False,https://forvo.com/word/全力以赴/#zh
L7-3399,全能,全能,quánnéng,Adj,7-9,2-2,2-2,,False,https://forvo.com/word/全能/#zh
L7-3400,全文,全文,quánwén,N,7-9,2-2,2-2,,False,https://forvo.com/word/全文/#zh
L7-3401,全心全意,全心全意,quánxīn-quányì,,7-9,2-1-2-4,2-1-2-4,,False,https://forvo.com/word/全心全意/#zh
L7-3402,拳,拳,quán,N/V,7-9,2,2,,False,https://forvo.com/word/拳/#zh
L7-3403,拳头,拳頭,quántóu,N,7-9,2-N,2-N,neutral_tone,False,https://forvo.com/word/拳头/#zh
L7-3404,劝告,勸告,quàngào,V/N,7-9,4-4,4-4,,False,https://forvo.com/word/劝告/#zh
L7-3405,劝说,勸說,quànshuō,V,7-9,4-1,4-1,,False,https://forvo.com/word/劝说/#zh
L7-3406,劝阻,勸阻,quànzǔ,V,7-9,4-3,4-3,,False,https://forvo.com/word/劝阻/#zh
L7-3407,缺口,缺口,quēkǒu,N,7-9,1-3,1-3,,False,https://forvo.com/word/缺口/#zh
L7-3408,缺失,缺失,quēshī,N/V,7-9,1-1,1-1,,False,https://forvo.com/word/缺失/#zh
L7-3409,缺席,缺席,quēxí,,7-9,1-2,1-2,,False,https://forvo.com/word/缺席/#zh
L7-3410,确切,確切,quèqiè,Adj,7-9,4-4,4-4,,False,https://forvo.com/word/确切/#zh
L7-3411,确信,確信,quèxìn,V,7-9,4-4,4-4,,False,https://forvo.com/word/确信/#zh
L7-3412,确凿,確鑿,quèzáo,Adj,7-9,4-2,4-2,,False,https://forvo.com/word/确凿/#zh
L7-3413,确诊,確診,quèzhěn,V,7-9,4-3,4-3,,False,https://forvo.com/word/确诊/#zh
L7-3414,燃放,燃放,ránfàng,V,7-9,2-4,2-4,,False,https://forvo.com/word/燃放/#zh
L7-3415,燃气,燃氣,ránqì,N,7-9,2-4,2-4,,False,https://forvo.com/word/燃气/#zh
L7-3416,燃油,燃油,rányóu,N,7-9,2-2,2-2,,False,https://forvo.com/word/燃油/#zh
L7-3417,嚷,嚷,rǎng,V,7-9,3,3,,False,https://forvo.com/word/嚷/#zh
L7-3418,让步,讓步,ràngbù,,7-9,4-4,4-4,,False,https://forvo.com/word/让步/#zh
L7-3419,饶,饒,ráo,V,7-9,2,2,,False,https://forvo.com/word/饶/#zh
L7-3420,饶恕,饒恕,ráoshù,V,7-9,2-4,2-4,,False,https://forvo.com/word/饶恕/#zh
L7-3421,扰乱,擾亂,rǎoluàn,V,7-9,3-4,3-4,,False,https://forvo.com/word/扰乱/#zh
L7-3422,绕行,繞行,ràoxíng,V,7-9,4-2,4-2,,False,https://forvo.com/word/绕行/#zh
L7-3423,惹,惹,rě,V,7-9,3,3,,False,https://forvo.com/word/惹/#zh
L7-3424,热潮,熱潮,rècháo,N,7-9,4-2,4-2,,False,https://forvo.com/word/热潮/#zh
L7-3425,热带,熱帶,rèdài,N,7-9,4-4,4-4,,False,https://forvo.com/word/热带/#zh
L7-3426,热气,熱氣,rèqì,N,7-9,4-4,4-4,,False,https://forvo.com/word/热气/#zh
L7-3427,热气球,熱氣球,rèqìqiú,N,7-9,4-4-2,4-4-2,,False,https://forvo.com/word/热气球/#zh
L7-3428,热腾腾,熱騰騰,rèténgténg,Adj,7-9,4-2-2,4-2-2,,False,https://forvo.com/word/热腾腾/#zh
L7-3429,热衷,熱衷,rèzhōng,V,7-9,4-1,4-1,,False,https://forvo.com/word/热衷/#zh
L7-3430,人次,人次,réncì,M,7-9,2-4,2-4,,False,https://forvo.com/word/人次/#zh
L7-3431,人道,人道,réndào,N/Adj,7-9,2-4,2-4,,False,https://forvo.com/word/人道/#zh
L7-3432,人格,人格,réngé,N,7-9,2-2,2-2,,False,https://forvo.com/word/人格/#zh
L7-3433,人工智能,人工智能,réngōng-zhìnéng,,7-9,2-1-4-2,2-1-4-2,,False,https://forvo.com/word/人工智能/#zh
L7-3434,人均,人均,rénjūn,V,7-9,2-1,2-1,,False,https://forvo.com/word/人均/#zh
L7-3435,人品,人品,rénpǐn,N,7-9,2-3,2-3,,False,https://forvo.com/word/人品/#zh
L7-3436,人气,人氣,rénqì,N,7-9,2-4,2-4,,False,https://forvo.com/word/人气/#zh
L7-3437,人情,人情,rénqíng,N,7-9,2-2,2-2,,False,https://forvo.com/word/人情/#zh
L7-3438,人身,人身,rénshēn,N,7-9,2-1,2-1,,False,https://forvo.com/word/人身/#zh
L7-3439,人事,人事,rénshì,N,7-9,2-4,2-4,,False,https://forvo.com/word/人事/#zh
L7-3440,人手,人手,rénshǒu,N,7-9,2-3,2-3,,False,https://forvo.com/word/人手/#zh
L7-3441,人体,人體,réntǐ,N,7-9,2-3,2-3,,False,https://forvo.com/word/人体/#zh
L7-3442,人为,人為,rénwéi,Adj,7-9,2-2,2-2,,False,https://forvo.com/word/人为/#zh
L7-3443,人文,人文,rénwén,N,7-9,2-2,2-2,,False,https://forvo.com/word/人文/#zh
L7-3444,人行道,人行道,rénxíngdào,N,7-9,2-2-4,2-2-4,,False,https://forvo.com/word/人行道/#zh
L7-3445,人性,人性,rénxìng,N,7-9,2-4,2-4,,False,https://forvo.com/word/人性/#zh
L7-3446,人选,人選,rénxuǎn,N,7-9,2-3,2-3,,False,https://forvo.com/word/人选/#zh
L7-3447,人缘儿,人緣兒,rényuánr,N,7-9,2-2-N,2-2-N,neutral_tone,False,https://forvo.com/word/人缘儿/#zh
L7-3448,人造,人造,rénzào,Adj,7-9,2-4,2-4,,False,https://forvo.com/word/人造/#zh
L7-3449,人质,人質,rénzhì,N,7-9,2-4,2-4,,False,https://forvo.com/word/人质/#zh
L7-3450,仁慈,仁慈,réncí,Adj,7-9,2-2,2-2,,False,https://forvo.com/word/仁慈/#zh
L7-3451,忍饥挨饿,忍飢挨餓,rěnjī-ái'è,,7-9,3-1-2-4,3-1-2-4,,False,https://forvo.com/word/忍饥挨饿/#zh
L7-3452,忍耐,忍耐,rěnnài,V,7-9,3-4,3-4,,False,https://forvo.com/word/忍耐/#zh
L7-3453,忍心,忍心,rěnxīn,,7-9,3-1,3-1,,False,https://forvo.com/word/忍心/#zh
L7-3454,认错,認錯,rèncuò,,7-9,4-4,4-4,,False,https://forvo.com/word/认错/#zh
L7-3455,认证,認證,rènzhèng,V,7-9,4-4,4-4,,False,https://forvo.com/word/认证/#zh
L7-3456,认知,認知,rènzhī,V,7-9,4-1,4-1,,False,https://forvo.com/word/认知/#zh
L7-3457,任命,任命,rènmìng,V,7-9,4-4,4-4,,False,https://forvo.com/word/任命/#zh
L7-3458,任期,任期,rènqī,N,7-9,4-1,4-1,,False,https://forvo.com/word/任期/#zh
L7-3459,任人宰割,任人宰割,rènrén-zǎigē,,7-9,4-2-3-1,4-2-3-1,,False,https://forvo.com/word/任人宰割/#zh
L7-3460,任意,任意,rènyì,Adv,7-9,4-4,4-4,,False,https://forvo.com/word/任意/#zh
L7-3461,任职,任職,rènzhí,,7-9,4-2,4-2,,False,https://forvo.com/word/任职/#zh
L7-3462,韧性,韌性,rènxìng,N,7-9,4-4,4-4,,False,https://forvo.com/word/韧性/#zh
L7-3463,日程,日程,rìchéng,N,7-9,4-2,4-2,,False,https://forvo.com/word/日程/#zh
L7-3464,日复一日,日復一日,rìfùyīrì,,7-9,4-4-1-4,4-4-2-4,yi_before_t4,False,https://forvo.com/word/日复一日/#zh
L7-3465,日后,日後,rìhòu,N,7-9,4-4,4-4,,False,https://forvo.com/word/日后/#zh
L7-3466,日前,日前,rìqián,N,7-9,4-2,4-2,,False,https://forvo.com/word/日前/#zh
L7-3467,日趋,日趨,rìqū,Adv,7-9,4-1,4-1,,False,https://forvo.com/word/日趋/#zh
L7-3468,日新月异,日新月異,rìxīn-yuèyì,,7-9,4-1-4-4,4-1-4-4,,False,https://forvo.com/word/日新月异/#zh
L7-3469,日益,日益,rìyì,Adv,7-9,4-4,4-4,,False,https://forvo.com/word/日益/#zh
L7-3470,荣获,榮獲,rónghuò,V,7-9,2-4,2-4,,False,https://forvo.com/word/荣获/#zh
L7-3471,荣幸,榮幸,róngxìng,Adj,7-9,2-4,2-4,,False,https://forvo.com/word/荣幸/#zh
L7-3472,荣誉,榮譽,róngyù,N,7-9,2-4,2-4,,False,https://forvo.com/word/荣誉/#zh
L7-3473,容光焕发,容光煥發,róngguāng-huànfā,,7-9,2-1-4-1,2-1-4-1,,False,https://forvo.com/word/容光焕发/#zh
L7-3474,容量,容量,róngliàng,N,7-9,2-4,2-4,,False,https://forvo.com/word/容量/#zh
L7-3475,容纳,容納,róngnà,V,7-9,2-4,2-4,,False,https://forvo.com/word/容纳/#zh
L7-3476,容忍,容忍,róngrěn,V,7-9,2-3,2-3,,False,https://forvo.com/word/容忍/#zh
L7-3477,容许,容許,róngxǔ,V,7-9,2-3,2-3,,False,https://forvo.com/word/容许/#zh
L7-3478,容颜,容顏,róngyán,N,7-9,2-2,2-2,,False,https://forvo.com/word/容颜/#zh
L7-3479,溶解,溶解,róngjiě,V,7-9,2-3,2-3,,False,https://forvo.com/word/溶解/#zh
L7-3480,融,融,róng,V,7-9,2,2,,False,https://forvo.com/word/融/#zh
L7-3481,融化,融化,rónghuà,V,7-9,2-4,2-4,,False,https://forvo.com/word/融化/#zh
L7-3482,融洽,融洽,róngqià,Adj,7-9,2-4,2-4,,False,https://forvo.com/word/融洽/#zh
L7-3483,冗长,冗長,rǒngcháng,Adj,7-9,3-2,3-2,,False,https://forvo.com/word/冗长/#zh
L7-3484,柔和,柔和,róuhé,Adj,7-9,2-2,2-2,,False,https://forvo.com/word/柔和/#zh
L7-3485,柔软,柔軟,róuruǎn,Adj,7-9,2-3,2-3,,False,https://forvo.com/word/柔软/#zh
L7-3486,揉,揉,róu,V,7-9,2,2,,False,https://forvo.com/word/揉/#zh
L7-3487,如果说,如果說,rúguǒ shuō,,7-9,2-3-1,2-3-1,,False,https://forvo.com/word/如果说/#zh
L7-3488,如实,如實,rúshí,Adv,7-9,2-2,2-2,,False,https://forvo.com/word/如实/#zh
L7-3489,如意,如意,rúyì,,7-9,2-4,2-4,,False,https://forvo.com/word/如意/#zh
L7-3490,如愿以偿,如願以償,rúyuànyǐcháng,,7-9,2-4-3-2,2-4-3-2,,False,https://forvo.com/word/如愿以偿/#zh
L7-3491,如醉如痴,如醉如癡,rúzuì-rúchī,,7-9,2-4-2-1,2-4-2-1,,False,https://forvo.com/word/如醉如痴/#zh
L7-3492,儒家,儒家,Rújiā,N,7-9,2-1,2-1,,False,https://forvo.com/word/儒家/#zh
L7-3493,儒学,儒學,rúxué,N,7-9,2-2,2-2,,False,https://forvo.com/word/儒学/#zh
L7-3494,入场,入場,rùchǎng,,7-9,4-3,4-3,,False,https://forvo.com/word/入场/#zh
L7-3495,入场券,入場券,rùchǎngquàn,N,7-9,4-3-4,4-3-4,,False,https://forvo.com/word/入场券/#zh
L7-3496,入境,入境,rùjìng,,7-9,4-4,4-4,,False,https://forvo.com/word/入境/#zh
L7-3497,入侵,入侵,rùqīn,V,7-9,4-1,4-1,,False,https://forvo.com/word/入侵/#zh
L7-3498,入手,入手,rùshǒu,V,7-9,4-3,4-3,,False,https://forvo.com/word/入手/#zh
L7-3499,入选,入選,rùxuǎn,V,7-9,4-3,4-3,,False,https://forvo.com/word/入选/#zh
L7-3500,软弱,軟弱,ruǎnruò,Adj,7-9,3-4,3-4,,False,https://forvo.com/word/软弱/#zh
L7-3501,软实力,軟實力,ruǎnshílì,N,7-9,3-2-4,3-2-4,,False,https://forvo.com/word/软实力/#zh
L7-3502,瑞雪,瑞雪,ruìxuě,N,7-9,4-3,4-3,,False,https://forvo.com/word/瑞雪/#zh
L7-3503,润,潤,rùn,Adj/V,7-9,4,4,,False,https://forvo.com/word/润/#zh
L7-3504,若干,若干,ruògān,Pron,7-9,4-1,4-1,,False,https://forvo.com/word/若干/#zh
L7-3505,弱点,弱點,ruòdiǎn,N,7-9,4-3,4-3,,False,https://forvo.com/word/弱点/#zh
L7-3506,弱势,弱勢,ruòshì,N,7-9,4-4,4-4,,False,https://forvo.com/word/弱势/#zh
L7-3507,撒,撒,sā,V,7-9,1,1,,False,https://forvo.com/word/撒/#zh
L7-3508,撒谎,撒謊,sāhuǎng,,7-9,1-3,1-3,,False,https://forvo.com/word/撒谎/#zh
L7-3509,赛车,賽車,sàichē,N,7-9,4-1,4-1,,False,https://forvo.com/word/赛车/#zh
L7-3510,赛跑,賽跑,sàipǎo,V,7-9,4-3,4-3,,False,https://forvo.com/word/赛跑/#zh
L7-3511,三番五次,三番五次,sānfān-wǔcì,,7-9,1-1-3-4,1-1-3-4,,False,https://forvo.com/word/三番五次/#zh
L7-3512,三角,三角,sānjiǎo,N/Adj,7-9,1-3,1-3,,False,https://forvo.com/word/三角/#zh
L7-3513,三维,三維,sānwéi,Adj,7-9,1-2,1-2,,False,https://forvo.com/word/三维/#zh
L7-3514,散布,散佈,sànbù,V,7-9,4-4,4-4,,False,https://forvo.com/word/散布/#zh
L7-3515,散发,散發,sànfā,V,7-9,4-1,4-1,,False,https://forvo.com/word/散发/#zh
L7-3516,桑拿,桑拿,sāngná,N,7-9,1-2,1-2,,False,https://forvo.com/word/桑拿/#zh
L7-3517,嗓子,嗓子,sǎngzi,N,7-9,3-N,3-N,neutral_tone,False,https://forvo.com/word/嗓子/#zh
L7-3518,丧生,喪生,sàngshēng,,7-9,4-1,4-1,,False,https://forvo.com/word/丧生/#zh
L7-3519,骚乱,騷亂,sāoluàn,V,7-9,1-4,1-4,,False,https://forvo.com/word/骚乱/#zh
L7-3520,骚扰,騷擾,sāorǎo,V,7-9,1-3,1-3,,False,https://forvo.com/word/骚扰/#zh
L7-3521,扫除,掃除,sǎochú,V,7-9,3-2,3-2,,False,https://forvo.com/word/扫除/#zh
L7-3522,扫描,掃描,sǎomiáo,V,7-9,3-2,3-2,,False,https://forvo.com/word/扫描/#zh
L7-3523,扫墓,掃墓,sǎomù,,7-9,3-4,3-4,,False,https://forvo.com/word/扫墓/#zh
L7-3524,扫兴,掃興,sǎoxìng,,7-9,3-4,3-4,,False,https://forvo.com/word/扫兴/#zh
L7-3525,嫂子,嫂子,sǎozi,N,7-9,3-N,3-N,neutral_tone,False,https://forvo.com/word/嫂子/#zh
L7-3526,僧人,僧人,sēngrén,N,7-9,1-2,1-2,,False,https://forvo.com/word/僧人/#zh
L7-3527,杀害,殺害,shāhài,V,7-9,1-4,1-4,,False,https://forvo.com/word/杀害/#zh
L7-3528,杀手,殺手,shāshǒu,N,7-9,1-3,1-3,,False,https://forvo.com/word/杀手/#zh
L7-3529,沙龙,沙龍,shālóng,N,7-9,1-2,1-2,,False,https://forvo.com/word/沙龙/#zh
L7-3530,沙滩,沙灘,shātān,N,7-9,1-1,1-1,,False,https://forvo.com/word/沙滩/#zh
L7-3531,纱,紗,shā,N,7-9,1,1,,False,https://forvo.com/word/纱/#zh
L7-3532,刹车,剎車,shāchē,N,7-9,1-1,1-1,,False,https://forvo.com/word/刹车/#zh
L7-3533,砂糖,砂糖,shātáng,N,7-9,1-2,1-2,,False,https://forvo.com/word/砂糖/#zh
L7-3534,鲨鱼,鯊魚,shāyú,N,7-9,1-2,1-2,,False,https://forvo.com/word/鲨鱼/#zh
L7-3535,傻瓜,傻瓜,shǎguā,N,7-9,3-1,3-1,,False,https://forvo.com/word/傻瓜/#zh
L7-3536,筛,篩,shāi,V,7-9,1,1,,False,https://forvo.com/word/筛/#zh
L7-3537,筛选,篩選,shāixuǎn,V,7-9,1-3,1-3,,False,https://forvo.com/word/筛选/#zh
L7-3538,晒太阳,曬太陽,shài tàiyáng,,7-9,4-4-2,4-4-2,,False,https://forvo.com/word/晒太阳/#zh
L7-3539,山川,山川,shānchuān,N,7-9,1-1,1-1,,False,https://forvo.com/word/山川/#zh
L7-3540,山顶,山頂,shāndǐng,N,7-9,1-3,1-3,,False,https://forvo.com/word/山顶/#zh
L7-3541,山冈,山岡,shāngāng,N,7-9,1-1,1-1,,False,https://forvo.com/word/山冈/#zh
L7-3542,山岭,山嶺,shānlǐng,N,7-9,1-3,1-3,,False,https://forvo.com/word/山岭/#zh
L7-3543,山路,山路,shānlù,N,7-9,1-4,1-4,,False,https://forvo.com/word/山路/#zh
L7-3544,山寨,山寨,shānzhài,N,7-9,1-4,1-4,,False,https://forvo.com/word/山寨/#zh
L7-3545,删,刪,shān,V,7-9,1,1,,False,https://forvo.com/word/删/#zh
L7-3546,删除,刪除,shānchú,V,7-9,1-2,1-2,,False,https://forvo.com/word/删除/#zh
L7-3547,煽动,煽動,shāndòng,V,7-9,1-4,1-4,,False,https://forvo.com/word/煽动/#zh
L7-3548,闪烁,閃爍,shǎnshuò,V,7-9,3-4,3-4,,False,https://forvo.com/word/闪烁/#zh
L7-3549,善,善,shàn,Adj,7-9,4,4,,False,https://forvo.com/word/善/#zh
L7-3550,善意,善意,shànyì,N,7-9,4-4,4-4,,False,https://forvo.com/word/善意/#zh
L7-3551,擅长,擅長,shàncháng,V,7-9,4-2,4-2,,False,https://forvo.com/word/擅长/#zh
L7-3552,擅自,擅自,shànzì,Adv,7-9,4-4,4-4,,False,https://forvo.com/word/擅自/#zh
L7-3553,膳食,膳食,shànshí,N,7-9,4-2,4-2,,False,https://forvo.com/word/膳食/#zh
L7-3554,赡养,贍養,shànyǎng,V,7-9,4-3,4-3,,False,https://forvo.com/word/赡养/#zh
L7-3555,伤残,傷殘,shāngcán,V,7-9,1-2,1-2,,False,https://forvo.com/word/伤残/#zh
L7-3556,伤感,傷感,shānggǎn,Adj,7-9,1-3,1-3,,False,https://forvo.com/word/伤感/#zh
L7-3557,伤痕,傷痕,shānghén,N,7-9,1-2,1-2,,False,https://forvo.com/word/伤痕/#zh
L7-3558,伤脑筋,傷腦筋,shāng nǎojīn,,7-9,1-3-1,1-3-1,,False,https://forvo.com/word/伤脑筋/#zh
L7-3559,伤势,傷勢,shāngshì,N,7-9,1-4,1-4,,False,https://forvo.com/word/伤势/#zh
L7-3560,商贩,商販,shāngfàn,N,7-9,1-4,1-4,,False,https://forvo.com/word/商贩/#zh
L7-3561,商贾,商賈,shānggǔ,N,7-9,1-3,1-3,,False,https://forvo.com/word/商贾/#zh
L7-3562,商讨,商討,shāngtǎo,V,7-9,1-3,1-3,,False,https://forvo.com/word/商讨/#zh
L7-3563,上报,上報,shàngbào,V,7-9,4-4,4-4,,False,https://forvo.com/word/上报/#zh
L7-3564,上场,上場,shàngchǎng,,7-9,4-3,4-3,,False,https://forvo.com/word/上场/#zh
L7-3565,上方,上方,shàngfāng,N,7-9,4-1,4-1,,False,https://forvo.com/word/上方/#zh
L7-3566,上岗,上崗,shànggǎng,,7-9,4-3,4-3,,False,https://forvo.com/word/上岗/#zh
L7-3567,上火,上火,shànghuǒ,,7-9,4-3,4-3,,False,https://forvo.com/word/上火/#zh
L7-3568,上空,上空,shàngkōng,N,7-9,4-1,4-1,,False,https://forvo.com/word/上空/#zh
L7-3569,上流,上流,shàngliú,N,7-9,4-2,4-2,,False,https://forvo.com/word/上流/#zh
L7-3570,上期,上期,shàng qī,,7-9,4-1,4-1,,False,https://forvo.com/word/上期/#zh
L7-3571,上任,上任,shàngrèn,,7-9,4-4,4-4,,False,https://forvo.com/word/上任/#zh
L7-3572,上述,上述,shàngshù,Adj,7-9,4-4,4-4,,False,https://forvo.com/word/上述/#zh
L7-3573,上司,上司,shàngsi,N,7-9,4-N,4-N,neutral_tone,False,https://forvo.com/word/上司/#zh
L7-3574,上诉,上訴,shàngsù,V,7-9,4-4,4-4,,False,https://forvo.com/word/上诉/#zh
L7-3575,上调,上調,shàngtiáo,V,7-9,4-2,4-2,,False,https://forvo.com/word/上调/#zh
L7-3576,上头,上頭,shàngtou,N,7-9,4-N,4-N,neutral_tone,False,https://forvo.com/word/上头/#zh
L7-3577,上限,上限,shàngxiàn,N,7-9,4-4,4-4,,False,https://forvo.com/word/上限/#zh
L7-3578,上旬,上旬,shàngxún,N,7-9,4-2,4-2,,False,https://forvo.com/word/上旬/#zh
L7-3579,上瘾,上癮,shàngyǐn,,7-9,4-3,4-3,,False,https://forvo.com/word/上瘾/#zh
L7-3580,上映,上映,shàngyìng,V,7-9,4-4,4-4,,False,https://forvo.com/word/上映/#zh
L7-3581,上游,上游,shàngyóu,N,7-9,4-2,4-2,,False,https://forvo.com/word/上游/#zh
L7-3582,尚,尚,shàng,Adv/Conj,7-9,4,4,,False,https://forvo.com/word/尚/#zh
L7-3583,尚未,尚未,shàngwèi,Adv,7-9,4-4,4-4,,False,https://forvo.com/word/尚未/#zh
L7-3584,捎,捎,shāo,V,7-9,1,1,,False,https://forvo.com/word/捎/#zh
L7-3585,烧毁,燒燬,shāohuǐ,V,7-9,1-3,1-3,,False,https://forvo.com/word/烧毁/#zh
L7-3586,烧烤,燒烤,shāokǎo,N,7-9,1-3,1-3,,False,https://forvo.com/word/烧烤/#zh
L7-3587,稍后,稍後,shāohòu,Adv,7-9,1-4,1-4,,False,https://forvo.com/word/稍后/#zh
L7-3588,稍候,稍候,shāohòu,V,7-9,1-4,1-4,,False,https://forvo.com/word/稍候/#zh
L7-3589,稍稍,稍稍,shāoshāo,Adv,7-9,1-1,1-1,,False,https://forvo.com/word/稍稍/#zh
L7-3590,少不了,少不了,shǎobuliǎo,V,7-9,3-N-3,3-N-3,neutral_tone,False,https://forvo.com/word/少不了/#zh
L7-3591,少见,少見,shǎojiàn,V/Adj,7-9,3-4,3-4,,False,https://forvo.com/word/少见/#zh
L7-3592,少量,少量,shǎoliàng,Adj,7-9,3-4,3-4,,False,https://forvo.com/word/少量/#zh
L7-3593,少有,少有,shǎoyǒu,,7-9,3-3,2-3,third_tone_sandhi,False,https://forvo.com/word/少有/#zh
L7-3594,少林寺,少林寺,Shàolín Sì,N,7-9,4-2-4,4-2-4,,False,https://forvo.com/word/少林寺/#zh
L7-3595,少女,少女,shàonǚ,N,7-9,4-3,4-3,,False,https://forvo.com/word/少女/#zh
L7-3596,奢侈,奢侈,shēchǐ,Adj,7-9,1-3,1-3,,False,https://forvo.com/word/奢侈/#zh
L7-3597,奢望,奢望,shēwàng,V/N,7-9,1-4,1-4,,False,https://forvo.com/word/奢望/#zh
L7-3598,设,設,shè,V,7-9,4,4,,False,https://forvo.com/word/设/#zh
L7-3599,设定,設定,shèdìng,V,7-9,4-4,4-4,,False,https://forvo.com/word/设定/#zh
L7-3600,设法,設法,shèfǎ,V,7-9,4-3,4-3,,False,https://forvo.com/word/设法/#zh
L7-3601,社会主义,社會主義,shèhuì zhǔyì,,7-9,4-4-3-4,4-4-3-4,,False,https://forvo.com/word/社会主义/#zh
L7-3602,社交,社交,shèjiāo,N,7-9,4-1,4-1,,False,https://forvo.com/word/社交/#zh
L7-3603,社论,社論,shèlùn,N,7-9,4-4,4-4,,False,https://forvo.com/word/社论/#zh
L7-3604,社团,社團,shètuán,N,7-9,4-2,4-2,,False,https://forvo.com/word/社团/#zh
L7-3605,涉嫌,涉嫌,shèxián,V,7-9,4-2,4-2,,False,https://forvo.com/word/涉嫌/#zh
L7-3606,摄氏度,攝氏度,shèshìdù,M,7-9,4-4-4,4-4-4,,False,https://forvo.com/word/摄氏度/#zh
L7-3607,谁知道,誰知道,shéi zhīdào,,7-9,2-1-4,2-1-4,,False,https://forvo.com/word/谁知道/#zh
L7-3608,申办,申辦,shēnbàn,V,7-9,1-4,1-4,,False,https://forvo.com/word/申办/#zh
L7-3609,申报,申報,shēnbào,V,7-9,1-4,1-4,,False,https://forvo.com/word/申报/#zh
L7-3610,申领,申領,shēnlǐng,V,7-9,1-3,1-3,,False,https://forvo.com/word/申领/#zh
L7-3611,伸手,伸手,shēnshǒu,,7-9,1-3,1-3,,False,https://forvo.com/word/伸手/#zh
L7-3612,伸缩,伸縮,shēnsuō,V,7-9,1-1,1-1,,False,https://forvo.com/word/伸缩/#zh
L7-3613,伸张,伸張,shēnzhāng,V,7-9,1-1,1-1,,False,https://forvo.com/word/伸张/#zh
L7-3614,身不由己,身不由己,shēnbùyóujǐ,,7-9,1-4-2-3,1-4-2-3,,False,https://forvo.com/word/身不由己/#zh
L7-3615,身价,身價,shēnjià,N,7-9,1-4,1-4,,False,https://forvo.com/word/身价/#zh
L7-3616,身躯,身軀,shēnqū,N,7-9,1-1,1-1,,False,https://forvo.com/word/身躯/#zh
L7-3617,身心,身心,shēnxīn,N,7-9,1-1,1-1,,False,https://forvo.com/word/身心/#zh
L7-3618,身影,身影,shēnyǐng,N,7-9,1-3,1-3,,False,https://forvo.com/word/身影/#zh
L7-3619,身子,身子,shēnzi,N,7-9,1-N,1-N,neutral_tone,False,https://forvo.com/word/身子/#zh
L7-3620,绅士,紳士,shēnshì,N,7-9,1-4,1-4,,False,https://forvo.com/word/绅士/#zh
L7-3621,深奥,深奧,shēn'ào,Adj,7-9,1-4,1-4,,False,https://forvo.com/word/深奥/#zh
L7-3622,深切,深切,shēnqiè,Adj,7-9,1-4,1-4,,False,https://forvo.com/word/深切/#zh
L7-3623,深情,深情,shēnqíng,N/Adj,7-9,1-2,1-2,,False,https://forvo.com/word/深情/#zh
L7-3624,深入人心,深入人心,shēnrù-rénxīn,,7-9,1-4-2-1,1-4-2-1,,False,https://forvo.com/word/深入人心/#zh
L7-3625,深受,深受,shēnshòu,V,7-9,1-4,1-4,,False,https://forvo.com/word/深受/#zh
L7-3626,深思,深思,shēnsī,V,7-9,1-1,1-1,,False,https://forvo.com/word/深思/#zh
L7-3627,深信,深信,shēnxìn,V,7-9,1-4,1-4,,False,https://forvo.com/word/深信/#zh
L7-3628,深夜,深夜,shēnyè,N,7-9,1-4,1-4,,False,https://forvo.com/word/深夜/#zh
L7-3629,深远,深遠,shēnyuǎn,Adj,7-9,1-3,1-3,,False,https://forvo.com/word/深远/#zh
L7-3630,神气,神氣,shénqì,N/Adj,7-9,2-4,2-4,,False,https://forvo.com/word/神气/#zh
L7-3631,神圣,神聖,shénshèng,Adj,7-9,2-4,2-4,,False,https://forvo.com/word/神圣/#zh
L7-3632,神态,神態,shéntài,N,7-9,2-4,2-4,,False,https://forvo.com/word/神态/#zh
L7-3633,神仙,神仙,shénxiān,N,7-9,2-1,2-1,,False,https://forvo.com/word/神仙/#zh
L7-3634,审,審,shěn,V,7-9,3,3,,False,https://forvo.com/word/审/#zh
L7-3635,审定,審定,shěndìng,V,7-9,3-4,3-4,,False,https://forvo.com/word/审定/#zh
L7-3636,审核,審核,shěnhé,V,7-9,3-2,3-2,,False,https://forvo.com/word/审核/#zh
L7-3637,审美,審美,shěnměi,V,7-9,3-3,2-3,third_tone_sandhi,False,https://forvo.com/word/审美/#zh
L7-3638,审判,審判,shěnpàn,V,7-9,3-4,3-4,,False,https://forvo.com/word/审判/#zh
L7-3639,审批,審批,shěnpī,V,7-9,3-1,3-1,,False,https://forvo.com/word/审批/#zh
L7-3640,审视,審視,shěnshì,V,7-9,3-4,3-4,,False,https://forvo.com/word/审视/#zh
L7-3641,肾,腎,shèn,N,7-9,4,4,,False,https://forvo.com/word/肾/#zh
L7-3642,甚至于,甚至於,shènzhìyú,Adv,7-9,4-4-2,4-4-2,,False,https://forvo.com/word/甚至于/#zh
L7-3643,渗,滲,shèn,V,7-9,4,4,,False,https://forvo.com/word/渗/#zh
L7-3644,渗透,滲透,shèntòu,V,7-9,4-4,4-4,,False,https://forvo.com/word/渗透/#zh
L7-3645,慎重,慎重,shènzhòng,Adj,7-9,4-4,4-4,,False,https://forvo.com/word/慎重/#zh
L7-3646,升温,升溫,shēngwēn,V,7-9,1-1,1-1,,False,https://forvo.com/word/升温/#zh
L7-3647,生机,生機,shēngjī,N,7-9,1-1,1-1,,False,https://forvo.com/word/生机/#zh
L7-3648,生理,生理,shēnglǐ,N,7-9,1-3,1-3,,False,https://forvo.com/word/生理/#zh
L7-3649,生命线,生命線,shēngmìngxiàn,N,7-9,1-4-4,1-4-4,,False,https://forvo.com/word/生命线/#zh
L7-3650,生怕,生怕,shēngpà,V,7-9,1-4,1-4,,False,https://forvo.com/word/生怕/#zh
L7-3651,生平,生平,shēngpíng,N,7-9,1-2,1-2,,False,https://forvo.com/word/生平/#zh
L7-3652,生前,生前,shēngqián,N,7-9,1-2,1-2,,False,https://forvo.com/word/生前/#zh
L7-3653,生死,生死,shēngsǐ,N/Adj,7-9,1-3,1-3,,False,https://forvo.com/word/生死/#zh
L7-3654,生态,生態,shēngtài,N,7-9,1-4,1-4,,False,https://forvo.com/word/生态/#zh
L7-3655,生物,生物,shēngwù,N,7-9,1-4,1-4,,False,https://forvo.com/word/生物/#zh
L7-3656,生效,生效,shēngxiào,,7-9,1-4,1-4,,False,https://forvo.com/word/生效/#zh
L7-3657,生涯,生涯,shēngyá,N,7-9,1-2,1-2,,False,https://forvo.com/word/生涯/#zh
L7-3658,生硬,生硬,shēngyìng,Adj,7-9,1-4,1-4,,False,https://forvo.com/word/生硬/#zh
L7-3659,生育,生育,shēngyù,V,7-9,1-4,1-4,,False,https://forvo.com/word/生育/#zh
L7-3660,声称,聲稱,shēngchēng,V,7-9,1-1,1-1,,False,https://forvo.com/word/声称/#zh
L7-3661,声望,聲望,shēngwàng,N,7-9,1-4,1-4,,False,https://forvo.com/word/声望/#zh
L7-3662,声誉,聲譽,shēngyù,N,7-9,1-4,1-4,,False,https://forvo.com/word/声誉/#zh
L7-3663,牲畜,牲畜,shēngchù,N,7-9,1-4,1-4,,False,https://forvo.com/word/牲畜/#zh
L7-3664,绳子,繩子,shéngzi,N,7-9,2-N,2-N,neutral_tone,False,https://forvo.com/word/绳子/#zh
L7-3665,省略,省略,shěnglüè,V,7-9,3-4,3-4,,False,https://forvo.com/word/省略/#zh
L7-3666,省事,省事,shěngshì,,7-9,3-4,3-4,,False,https://forvo.com/word/省事/#zh
L7-3667,圣贤,聖賢,shèngxián,N,7-9,4-2,4-2,,False,https://forvo.com/word/圣贤/#zh
L7-3668,胜出,勝出,shèngchū,V,7-9,4-1,4-1,,False,https://forvo.com/word/胜出/#zh
L7-3669,胜任,勝任,shèngrèn,V,7-9,4-4,4-4,,False,https://forvo.com/word/胜任/#zh
L7-3670,盛大,盛大,shèngdà,Adj,7-9,4-4,4-4,,False,https://forvo.com/word/盛大/#zh
L7-3671,盛会,盛會,shènghuì,N,7-9,4-4,4-4,,False,https://forvo.com/word/盛会/#zh
L7-3672,盛开,盛開,shèngkāi,V,7-9,4-1,4-1,,False,https://forvo.com/word/盛开/#zh
L7-3673,盛气凌人,盛氣凌人,shèngqì-língrén,,7-9,4-4-2-2,4-4-2-2,,False,https://forvo.com/word/盛气凌人/#zh
L7-3674,剩余,剩餘,shèngyú,V,7-9,4-2,4-2,,False,https://forvo.com/word/剩余/#zh
L7-3675,尸体,屍體,shītǐ,N,7-9,1-3,1-3,,False,https://forvo.com/word/尸体/#zh
L7-3676,失传,失傳,shīchuán,V,7-9,1-2,1-2,,False,https://forvo.com/word/失传/#zh
L7-3677,失控,失控,shīkòng,V,7-9,1-4,1-4,,False,https://forvo.com/word/失控/#zh
L7-3678,失利,失利,shīlì,,7-9,1-4,1-4,,False,https://forvo.com/word/失利/#zh
L7-3679,失恋,失戀,shīliàn,,7-9,1-4,1-4,,False,https://forvo.com/word/失恋/#zh
L7-3680,失灵,失靈,shīlíng,V,7-9,1-2,1-2,,False,https://forvo.com/word/失灵/#zh
L7-3681,失落,失落,shīluò,V/Adj,7-9,1-4,1-4,,False,https://forvo.com/word/失落/#zh
L7-3682,失眠,失眠,shīmián,,7-9,1-2,1-2,,False,https://forvo.com/word/失眠/#zh
L7-3683,失明,失明,shīmíng,,7-9,1-2,1-2,,False,https://forvo.com/word/失明/#zh
L7-3684,失效,失效,shīxiào,,7-9,1-4,1-4,,False,https://forvo.com/word/失效/#zh
L7-3685,失业率,失業率,shīyèlǜ,N,7-9,1-4-4,1-4-4,,False,https://forvo.com/word/失业率/#zh
L7-3686,失踪,失蹤,shīzōng,,7-9,1-1,1-1,,False,https://forvo.com/word/失踪/#zh
L7-3687,师范,師範,shīfàn,N,7-9,1-4,1-4,,False,https://forvo.com/word/师范/#zh
L7-3688,师长,師長,shīzhǎng,N,7-9,1-3,1-3,,False,https://forvo.com/word/师长/#zh
L7-3689,师资,師資,shīzī,N,7-9,1-1,1-1,,False,https://forvo.com/word/师资/#zh
L7-3690,狮子,獅子,shīzi,N,7-9,1-N,1-N,neutral_tone,False,https://forvo.com/word/狮子/#zh
L7-3691,施工,施工,shīgōng,,7-9,1-1,1-1,,False,https://forvo.com/word/施工/#zh
L7-3692,施加,施加,shījiā,V,7-9,1-1,1-1,,False,https://forvo.com/word/施加/#zh
L7-3693,施行,施行,shīxíng,V,7-9,1-2,1-2,,False,https://forvo.com/word/施行/#zh
L7-3694,施压,施壓,shīyā,V,7-9,1-1,1-1,,False,https://forvo.com/word/施压/#zh
L7-3695,湿度,濕度,shīdù,N,7-9,1-4,1-4,,False,https://forvo.com/word/湿度/#zh
L7-3696,湿润,濕潤,shīrùn,Adj,7-9,1-4,1-4,,False,https://forvo.com/word/湿润/#zh
L7-3697,十字路口,十字路口,shízì lùkǒu,,7-9,2-4-4-3,2-4-4-3,,False,https://forvo.com/word/十字路口/#zh
L7-3698,时不时,時不時,shíbùshí,Adv,7-9,2-4-2,2-N-2,bu_a_not_a,False,https://forvo.com/word/时不时/#zh
L7-3699,时段,時段,shíduàn,N,7-9,2-4,2-4,,False,https://forvo.com/word/时段/#zh
L7-3700,时隔,時隔,shí gé,,7-9,2-2,2-2,,False,https://forvo.com/word/时隔/#zh
L7-3701,时好时坏,時好時壞,shíhǎo-shíhuài,,7-9,2-3-2-4,2-3-2-4,,False,https://forvo.com/word/时好时坏/#zh
L7-3702,时间表,時間表,shíjiānbiǎo,N,7-9,2-1-3,2-1-3,,False,https://forvo.com/word/时间表/#zh
L7-3703,时空,時空,shíkōng,N,7-9,2-1,2-1,,False,https://forvo.com/word/时空/#zh
L7-3704,时髦,時髦,shímáo,Adj,7-9,2-2,2-2,,False,https://forvo.com/word/时髦/#zh
L7-3705,时尚,時尚,shíshàng,Adj,7-9,2-4,2-4,,False,https://forvo.com/word/时尚/#zh
L7-3706,时速,時速,shísù,N,7-9,2-4,2-4,,False,https://forvo.com/word/时速/#zh
L7-3707,识别,識別,shíbié,V,7-9,2-2,2-2,,False,https://forvo.com/word/识别/#zh
L7-3708,实地,實地,shídì,Adv,7-9,2-4,2-4,,False,https://forvo.com/word/实地/#zh
L7-3709,实话,實話,shíhuà,N,7-9,2-4,2-4,,False,https://forvo.com/word/实话/#zh
L7-3710,实话实说,實話實說,shíhuà-shíshuō,,7-9,2-4-2-1,2-4-2-1,,False,https://forvo.com/word/实话实说/#zh
L7-3711,实况,實況,shíkuàng,N,7-9,2-4,2-4,,False,https://forvo.com/word/实况/#zh
L7-3712,实事求是,實事求是,shíshì-qiúshì,,7-9,2-4-2-4,2-4-2-4,,False,https://forvo.com/word/实事求是/#zh
L7-3713,实体,實體,shítǐ,N,7-9,2-3,2-3,,False,https://forvo.com/word/实体/#zh
L7-3714,实物,實物,shíwù,N,7-9,2-4,2-4,,False,https://forvo.com/word/实物/#zh
L7-3715,实质,實質,shízhì,N,7-9,2-4,2-4,,False,https://forvo.com/word/实质/#zh
L7-3716,食宿,食宿,shísù,N,7-9,2-4,2-4,,False,https://forvo.com/word/食宿/#zh
L7-3717,食用,食用,shíyòng,V,7-9,2-4,2-4,,False,https://forvo.com/word/食用/#zh
L7-3718,史无前例,史無前例,shǐwúqiánlì,,7-9,3-2-2-4,3-2-2-4,,False,https://forvo.com/word/史无前例/#zh
L7-3719,使唤,使喚,shǐhuan,V,7-9,3-N,3-N,neutral_tone,False,https://forvo.com/word/使唤/#zh
L7-3720,使命,使命,shǐmìng,N,7-9,3-4,3-4,,False,https://forvo.com/word/使命/#zh
L7-3721,使者,使者,shǐzhě,N,7-9,3-3,2-3,third_tone_sandhi,False,https://forvo.com/word/使者/#zh
L7-3722,士气,士氣,shìqì,N,7-9,4-4,4-4,,False,https://forvo.com/word/士气/#zh
L7-3723,示威,示威,shìwēi,V,7-9,4-1,4-1,,False,https://forvo.com/word/示威/#zh
L7-3724,示意,示意,shìyì,V,7-9,4-4,4-4,,False,https://forvo.com/word/示意/#zh
L7-3725,世代,世代,shìdài,N,7-9,4-4,4-4,,False,https://forvo.com/word/世代/#zh
L7-3726,世故,世故,shìgu,Adj,7-9,4-N,4-N,neutral_tone,False,https://forvo.com/word/世故/#zh
L7-3727,世界级,世界級,shìjiè jí,,7-9,4-4-2,4-4-2,,False,https://forvo.com/word/世界级/#zh
L7-3728,世袭,世襲,shìxí,V,7-9,4-2,4-2,,False,https://forvo.com/word/世袭/#zh
L7-3729,市场经济,市場經濟,shìchǎng jīngjì,,7-9,4-3-1-4,4-3-1-4,,False,https://forvo.com/word/市场经济/#zh
L7-3730,势必,勢必,shìbì,Adv,7-9,4-4,4-4,,False,https://forvo.com/word/势必/#zh
L7-3731,势不可当,勢不可當,shìbùkědāng,,7-9,4-4-3-1,4-4-3-1,,False,https://forvo.com/word/势不可当/#zh
L7-3732,势头,勢頭,shìtou,N,7-9,4-2,4-2,,False,https://forvo.com/word/势头/#zh
L7-3733,事迹,事跡,shìjì,N,7-9,4-4,4-4,,False,https://forvo.com/word/事迹/#zh
L7-3734,事态,事態,shìtài,N,7-9,4-4,4-4,,False,https://forvo.com/word/事态/#zh
L7-3735,事务,事務,shìwù,N,7-9,4-4,4-4,,False,https://forvo.com/word/事务/#zh
L7-3736,事务所,事務所,shìwùsuǒ,N,7-9,4-4-3,4-4-3,,False,https://forvo.com/word/事务所/#zh
L7-3737,事项,事項,shìxiàng,N,7-9,4-4,4-4,,False,https://forvo.com/word/事项/#zh
L7-3738,事宜,事宜,shìyí,N,7-9,4-2,4-2,,False,https://forvo.com/word/事宜/#zh
L7-3739,侍候,侍候,shìhòu,V,7-9,4-4,4-4,,False,https://forvo.com/word/侍候/#zh
L7-3740,试探,試探,shìtan,V,7-9,4-4,4-4,,False,https://forvo.com/word/试探/#zh
L7-3741,试行,試行,shìxíng,V,7-9,4-2,4-2,,False,https://forvo.com/word/试行/#zh
L7-3742,试用,試用,shìyòng,V,7-9,4-4,4-4,,False,https://forvo.com/word/试用/#zh
L7-3743,试用期,試用期,shìyòngqī,N,7-9,4-4-1,4-4-1,,False,https://forvo.com/word/试用期/#zh
L7-3744,视察,視察,shìchá,V,7-9,4-2,4-2,,False,https://forvo.com/word/视察/#zh
L7-3745,视角,視角,shìjiǎo,N,7-9,4-3,4-3,,False,https://forvo.com/word/视角/#zh
L7-3746,视觉,視覺,shìjué,N,7-9,4-2,4-2,,False,https://forvo.com/word/视觉/#zh
L7-3747,视力,視力,shìlì,N,7-9,4-4,4-4,,False,https://forvo.com/word/视力/#zh
L7-3748,视线,視線,shìxiàn,N,7-9,4-4,4-4,,False,https://forvo.com/word/视线/#zh
L7-3749,视野,視野,shìyě,N,7-9,4-3,4-3,,False,https://forvo.com/word/视野/#zh
L7-3750,柿子,柿子,shìzi,N,7-9,4-N,4-N,neutral_tone,False,https://forvo.com/word/柿子/#zh
L7-3751,是非,是非,shìfēi,N,7-9,4-1,4-1,,False,https://forvo.com/word/是非/#zh
L7-3752,适度,適度,shìdù,Adj,7-9,4-4,4-4,,False,https://forvo.com/word/适度/#zh
L7-3753,适量,適量,shìliàng,Adj,7-9,4-4,4-4,,False,https://forvo.com/word/适量/#zh
L7-3754,适时,適時,shìshí,Adj,7-9,4-2,4-2,,False,https://forvo.com/word/适时/#zh
L7-3755,适宜,適宜,shìyí,Adj,7-9,4-2,4-2,,False,https://forvo.com/word/适宜/#zh
L7-3756,逝世,逝世,shìshì,V,7-9,4-4,4-4,,False,https://forvo.com/word/逝世/#zh
L7-3757,释放,釋放,shìfàng,V,7-9,4-4,4-4,,False,https://forvo.com/word/释放/#zh
L7-3758,嗜好,嗜好,shìhào,N,7-9,4-4,4-4,,False,https://forvo.com/word/嗜好/#zh
L7-3759,收复,收復,shōufù,V,7-9,1-4,1-4,,False,https://forvo.com/word/收复/#zh
L7-3760,收据,收據,shōujù,N,7-9,1-4,1-4,,False,https://forvo.com/word/收据/#zh
L7-3761,收敛,收斂,shōuliǎn,V,7-9,1-3,1-3,,False,https://forvo.com/word/收敛/#zh
L7-3762,收留,收留,shōuliú,V,7-9,1-2,1-2,,False,https://forvo.com/word/收留/#zh
L7-3763,收买,收買,shōumǎi,V,7-9,1-3,1-3,,False,https://forvo.com/word/收买/#zh
L7-3764,收视率,收視率,shōushìlǜ,N,7-9,1-4-4,1-4-4,,False,https://forvo.com/word/收视率/#zh
L7-3765,收缩,收縮,shōusuō,V,7-9,1-1,1-1,,False,https://forvo.com/word/收缩/#zh
L7-3766,收支,收支,shōuzhī,N,7-9,1-1,1-1,,False,https://forvo.com/word/收支/#zh
L7-3767,手臂,手臂,shǒubì,N,7-9,3-4,3-4,,False,https://forvo.com/word/手臂/#zh
L7-3768,手册,手冊,shǒucè,N,7-9,3-4,3-4,,False,https://forvo.com/word/手册/#zh
L7-3769,手动,手動,shǒudòng,Adj,7-9,3-4,3-4,,False,https://forvo.com/word/手动/#zh
L7-3770,手脚,手腳,shǒujiǎo,N,7-9,3-3,2-3,third_tone_sandhi,False,https://forvo.com/word/手脚/#zh
L7-3771,手帕,手帕,shǒupà,N,7-9,3-4,3-4,,False,https://forvo.com/word/手帕/#zh
L7-3772,手枪,手槍,shǒuqiāng,N,7-9,3-1,3-1,,False,https://forvo.com/word/手枪/#zh
L7-3773,手势,手勢,shǒushì,N,7-9,3-4,3-4,,False,https://forvo.com/word/手势/#zh
L7-3774,手术室,手術室,shǒushùshì,N,7-9,3-4-4,3-4-4,,False,https://forvo.com/word/手术室/#zh
L7-3775,手头,手頭,shǒutóu,N,7-9,3-2,3-2,,False,https://forvo.com/word/手头/#zh
L7-3776,手腕,手腕,shǒuwàn,N,7-9,3-4,3-4,,False,https://forvo.com/word/手腕/#zh
L7-3777,手艺,手藝,shǒuyì,N,7-9,3-4,3-4,,False,https://forvo.com/word/手艺/#zh
L7-3778,手掌,手掌,shǒuzhǎng,N,7-9,3-3,2-3,third_tone_sandhi,False,https://forvo.com/word/手掌/#zh
L7-3779,守候,守候,shǒuhòu,V,7-9,3-4,3-4,,False,https://forvo.com/word/守候/#zh
L7-3780,守护,守護,shǒuhù,V,7-9,3-4,3-4,,False,https://forvo.com/word/守护/#zh
L7-3781,守株待兔,守株待兔,shǒuzhū-dàitù,,7-9,3-1-4-4,3-1-4-4,,False,https://forvo.com/word/守株待兔/#zh
L7-3782,首创,首創,shǒuchuàng,V,7-9,3-4,3-4,,False,https://forvo.com/word/首创/#zh
L7-3783,首府,首府,shǒufǔ,N,7-9,3-3,2-3,third_tone_sandhi,False,https://forvo.com/word/首府/#zh
L7-3784,首批,首批,shǒupī,,7-9,3-1,3-1,,False,https://forvo.com/word/首批/#zh
L7-3785,首饰,首飾,shǒushì,N,7-9,3-4,3-4,,False,https://forvo.com/word/首饰/#zh
L7-3786,首要,首要,shǒuyào,Adj,7-9,3-4,3-4,,False,https://forvo.com/word/首要/#zh
L7-3787,寿命,壽命,shòumìng,N,7-9,4-4,4-4,,False,https://forvo.com/word/寿命/#zh
L7-3788,受过,受過,shòuguò,,7-9,4-4,4-4,,False,https://forvo.com/word/受过/#zh
L7-3789,受害,受害,shòuhài,,7-9,4-4,4-4,,False,https://forvo.com/word/受害/#zh
L7-3790,受害人,受害人,shòuhàirén,N,7-9,4-4-2,4-4-2,,False,https://forvo.com/word/受害人/#zh
L7-3791,受贿,受賄,shòuhuì,,7-9,4-4,4-4,,False,https://forvo.com/word/受贿/#zh
L7-3792,受惊,受驚,shòujīng,,7-9,4-1,4-1,,False,https://forvo.com/word/受惊/#zh
L7-3793,受苦,受苦,shòukǔ,,7-9,4-3,4-3,,False,https://forvo.com/word/受苦/#zh
L7-3794,受理,受理,shòulǐ,V,7-9,4-3,4-3,,False,https://forvo.com/word/受理/#zh
L7-3795,受骗,受騙,shòupiàn,,7-9,4-4,4-4,,False,https://forvo.com/word/受骗/#zh
L7-3796,受益,受益,shòuyì,V,7-9,4-4,4-4,,False,https://forvo.com/word/受益/#zh
L7-3797,授权,授權,shòuquán,V,7-9,4-2,4-2,,False,https://forvo.com/word/授权/#zh
L7-3798,授予,授予,shòuyǔ,V,7-9,4-3,4-3,,False,https://forvo.com/word/授予/#zh
L7-3799,售价,售價,shòujià,N,7-9,4-4,4-4,,False,https://forvo.com/word/售价/#zh
L7-3800,售票,售票,shòupiào,V,7-9,4-4,4-4,,False,https://forvo.com/word/售票/#zh
L7-3801,书橱,書櫥,shūchú,N,7-9,1-2,1-2,,False,https://forvo.com/word/书橱/#zh
L7-3802,书籍,書籍,shūjí,N,7-9,1-2,1-2,,False,https://forvo.com/word/书籍/#zh
L7-3803,书记,書記,shūjì,N,7-9,1-N,1-N,neutral_tone,False,https://forvo.com/word/书记/#zh
L7-3804,书面,書面,shūmiàn,Adj,7-9,1-4,1-4,,False,https://forvo.com/word/书面/#zh
L7-3805,书写,書寫,shūxiě,V,7-9,1-3,1-3,,False,https://forvo.com/word/书写/#zh
L7-3806,抒情,抒情,shūqíng,V,7-9,1-2,1-2,,False,https://forvo.com/word/抒情/#zh
L7-3807,枢纽,樞紐,shūniǔ,N,7-9,1-3,1-3,,False,https://forvo.com/word/枢纽/#zh
L7-3808,梳,梳,shū,V,7-9,1,1,,False,https://forvo.com/word/梳/#zh
L7-3809,梳理,梳理,shūlǐ,V,7-9,1-3,1-3,,False,https://forvo.com/word/梳理/#zh
L7-3810,梳子,梳子,shūzi,N,7-9,1-N,1-N,neutral_tone,False,https://forvo.com/word/梳子/#zh
L7-3811,舒畅,舒暢,shūchàng,Adj,7-9,1-4,1-4,,False,https://forvo.com/word/舒畅/#zh
L7-3812,疏导,疏導,shūdǎo,V,7-9,1-3,1-3,,False,https://forvo.com/word/疏导/#zh
L7-3813,疏忽,疏忽,shūhu,V,7-9,1-N,1-N,neutral_tone,False,https://forvo.com/word/疏忽/#zh
L7-3814,疏散,疏散,shūsàn,Adj/V,7-9,1-4,1-4,,False,https://forvo.com/word/疏散/#zh
L7-3815,疏通,疏通,shūtōng,V,7-9,1-1,1-1,,False,https://forvo.com/word/疏通/#zh
L7-3816,输家,輸家,shūjiā,N,7-9,1-1,1-1,,False,https://forvo.com/word/输家/#zh
L7-3817,输送,輸送,shūsòng,V,7-9,1-4,1-4,,False,https://forvo.com/word/输送/#zh
L7-3818,输血,輸血,shūxuè,,7-9,1-4,1-4,,False,https://forvo.com/word/输血/#zh
L7-3819,输液,輸液,shūyè,,7-9,1-4,1-4,,False,https://forvo.com/word/输液/#zh
L7-3820,赎,贖,shú,V,7-9,2,2,,False,https://forvo.com/word/赎/#zh
L7-3821,暑期,暑期,shǔqī,N,7-9,3-1,3-1,,False,https://forvo.com/word/暑期/#zh
L7-3822,属性,屬性,shǔxìng,N,7-9,3-4,3-4,,False,https://forvo.com/word/属性/#zh
L7-3823,曙光,曙光,shǔguāng,N,7-9,3-1,3-1,,False,https://forvo.com/word/曙光/#zh
L7-3824,束缚,束縛,shùfù,V,7-9,4-4,4-4,,False,https://forvo.com/word/束缚/#zh
L7-3825,树立,樹立,shùlì,V,7-9,4-4,4-4,,False,https://forvo.com/word/树立/#zh
L7-3826,树木,樹木,shùmù,N,7-9,4-4,4-4,,False,https://forvo.com/word/树木/#zh
L7-3827,树梢,樹梢,shùshāo,N,7-9,4-1,4-1,,False,https://forvo.com/word/树梢/#zh
L7-3828,树荫,樹蔭,shùyīn,N,7-9,4-1,4-1,,False,https://forvo.com/word/树荫/#zh
L7-3829,树枝,樹枝,shùzhī,N,7-9,4-1,4-1,,False,https://forvo.com/word/树枝/#zh
L7-3830,竖,豎,shù,V/Adj,7-9,4,4,,False,https://forvo.com/word/竖/#zh
L7-3831,数额,數額,shù'é,N,7-9,4-2,4-2,,False,https://forvo.com/word/数额/#zh
L7-3832,数据库,數據庫,shùjùkù,N,7-9,4-4-4,4-4-4,,False,https://forvo.com/word/数据库/#zh
L7-3833,刷新,刷新,shuāxīn,V,7-9,1-1,1-1,,False,https://forvo.com/word/刷新/#zh
L7-3834,耍,耍,shuǎ,V,7-9,3,3,,False,https://forvo.com/word/耍/#zh
L7-3835,耍赖,耍賴,shuǎlài,V,7-9,3-4,3-4,,False,https://forvo.com/word/耍赖/#zh
L7-3836,衰减,衰減,shuāijiǎn,V,7-9,1-3,1-3,,False,https://forvo.com/word/衰减/#zh
L7-3837,衰竭,衰竭,shuāijié,V,7-9,1-2,1-2,,False,https://forvo.com/word/衰竭/#zh
L7-3838,衰老,衰老,shuāilǎo,Adj,7-9,1-3,1-3,,False,https://forvo.com/word/衰老/#zh
L7-3839,衰弱,衰弱,shuāiruò,Adj,7-9,1-4,1-4,,False,https://forvo.com/word/衰弱/#zh
L7-3840,衰退,衰退,shuāituì,V,7-9,1-4,1-4,,False,https://forvo.com/word/衰退/#zh
L7-3841,摔跤,摔跤,shuāijiāo,,7-9,1-1,1-1,,False,https://forvo.com/word/摔跤/#zh
L7-3842,甩,甩,shuǎi,V,7-9,3,3,,False,https://forvo.com/word/甩/#zh
L7-3843,率,率,shuài,V,7-9,4,4,,False,https://forvo.com/word/率/#zh
L7-3844,拴,拴,shuān,V,7-9,1,1,,False,https://forvo.com/word/拴/#zh
L7-3845,涮,涮,shuàn,V,7-9,4,4,,False,https://forvo.com/word/涮/#zh
L7-3846,双胞胎,雙胞胎,shuāngbāotāi,N,7-9,1-1-1,1-1-1,,False,https://forvo.com/word/双胞胎/#zh
L7-3847,双边,雙邊,shuāngbiān,Adj,7-9,1-1,1-1,,False,https://forvo.com/word/双边/#zh
L7-3848,双重,雙重,shuāngchóng,Adj,7-9,1-2,1-2,,False,https://forvo.com/word/双重/#zh
L7-3849,双向,雙向,shuāngxiàng,Adj,7-9,1-4,1-4,,False,https://forvo.com/word/双向/#zh
L7-3850,双赢,雙贏,shuāngyíng,V,7-9,1-2,1-2,,False,https://forvo.com/word/双赢/#zh
L7-3851,霜,霜,shuāng,N,7-9,1,1,,False,https://forvo.com/word/霜/#zh
L7-3852,爽快,爽快,shuǎngkuai,Adj,7-9,3-N,3-N,neutral_tone,False,https://forvo.com/word/爽快/#zh
L7-3853,水槽,水槽,shuǐcáo,N,7-9,3-2,3-2,,False,https://forvo.com/word/水槽/#zh
L7-3854,水稻,水稻,shuǐdào,N,7-9,3-4,3-4,,False,https://forvo.com/word/水稻/#zh
L7-3855,水管,水管,shuǐguǎn,N,7-9,3-3,2-3,third_tone_sandhi,False,https://forvo.com/word/水管/#zh
L7-3856,水壶,水壺,shuǐhú,N,7-9,3-2,3-2,,False,https://forvo.com/word/水壶/#zh
L7-3857,水货,水貨,shuǐhuò,N,7-9,3-4,3-4,,False,https://forvo.com/word/水货/#zh
L7-3858,水晶,水晶,shuǐjīng,N,7-9,3-1,3-1,,False,https://forvo.com/word/水晶/#zh
L7-3859,水利,水利,shuǐlì,N,7-9,3-4,3-4,,False,https://forvo.com/word/水利/#zh
L7-3860,水灵灵,水靈靈,shuǐlínglíng,Adj,7-9,3-2-2,3-2-2,,False,https://forvo.com/word/水灵灵/#zh
L7-3861,水龙头,水龍頭,shuǐlóngtóu,N,7-9,3-2-2,3-2-2,,False,https://forvo.com/word/水龙头/#zh
L7-3862,水落石出,水落石出,shuǐluò-shíchū,,7-9,3-4-2-1,3-4-2-1,,False,https://forvo.com/word/水落石出/#zh
L7-3863,水面,水面,shuǐmiàn,N,7-9,3-4,3-4,,False,https://forvo.com/word/水面/#zh
L7-3864,水手,水手,shuǐshǒu,N,7-9,3-3,2-3,third_tone_sandhi,False,https://forvo.com/word/水手/#zh
L7-3865,水温,水溫,shuǐwēn,N,7-9,3-1,3-1,,False,https://forvo.com/word/水温/#zh
L7-3866,水域,水域,shuǐyù,N,7-9,3-4,3-4,,False,https://forvo.com/word/水域/#zh
L7-3867,水源,水源,shuǐyuán,N,7-9,3-2,3-2,,False,https://forvo.com/word/水源/#zh
L7-3868,水涨船高,水漲船高,shuǐzhǎng-chuángāo,,7-9,3-3-2-1,2-3-2-1,third_tone_sandhi,False,https://forvo.com/word/水涨船高/#zh
L7-3869,水准,水準,shuǐzhǔn,N,7-9,3-3,2-3,third_tone_sandhi,False,https://forvo.com/word/水准/#zh
L7-3870,税收,稅收,shuìshōu,N,7-9,4-1,4-1,,False,https://forvo.com/word/税收/#zh
L7-3871,税务,稅務,shuìwù,N,7-9,4-4,4-4,,False,https://forvo.com/word/税务/#zh
L7-3872,睡袋,睡袋,shuìdài,N,7-9,4-4,4-4,,False,https://forvo.com/word/睡袋/#zh
L7-3873,顺便,順便,shùnbiàn,Adv,7-9,4-4,4-4,,False,https://forvo.com/word/顺便/#zh
L7-3874,顺差,順差,shùnchā,N,7-9,4-1,4-1,,False,https://forvo.com/word/顺差/#zh
L7-3875,顺畅,順暢,shùnchàng,Adj,7-9,4-4,4-4,,False,https://forvo.com/word/顺畅/#zh
L7-3876,顺从,順從,shùncóng,V,7-9,4-2,4-2,,False,https://forvo.com/word/顺从/#zh
L7-3877,顺理成章,順理成章,shùnlǐ-chéngzhāng,,7-9,4-3-2-1,4-3-2-1,,False,https://forvo.com/word/顺理成章/#zh
L7-3878,顺路,順路,shùnlù,Adj/Adv,7-9,4-4,4-4,,False,https://forvo.com/word/顺路/#zh
L7-3879,顺其自然,順其自然,shùnqízìrán,,7-9,4-2-4-2,4-2-4-2,,False,https://forvo.com/word/顺其自然/#zh
L7-3880,顺势,順勢,shùnshì,Adv,7-9,4-4,4-4,,False,https://forvo.com/word/顺势/#zh
L7-3881,顺手,順手,shùnshǒu,Adj/Adv,7-9,4-3,4-3,,False,https://forvo.com/word/顺手/#zh
L7-3882,顺心,順心,shùnxīn,,7-9,4-1,4-1,,False,https://forvo.com/word/顺心/#zh
L7-3883,顺应,順應,shùnyìng,V,7-9,4-4,4-4,,False,https://forvo.com/word/顺应/#zh
L7-3884,顺着,順著,shùnzhe,,7-9,4-N,4-N,neutral_tone,False,https://forvo.com/word/顺着/#zh
L7-3885,瞬间,瞬間,shùnjiān,N,7-9,4-1,4-1,,False,https://forvo.com/word/瞬间/#zh
L7-3886,说白了,說白了,shuōbáile,,7-9,1-2-N,1-2-N,neutral_tone,False,https://forvo.com/word/说白了/#zh
L7-3887,说不上,說不上,shuōbushàng,V,7-9,1-N-4,1-N-4,neutral_tone,False,https://forvo.com/word/说不上/#zh
L7-3888,说到底,說到底,shuōdàodǐ,,7-9,1-4-3,1-4-3,,False,https://forvo.com/word/说到底/#zh
L7-3889,说道,說道,shuōdao,V/N,7-9,1-N,1-N,neutral_tone,False,https://forvo.com/word/说道/#zh
L7-3890,说干就干,說幹就幹,shuō gàn jiù gàn,,7-9,1-4-4-4,1-4-4-4,,False,https://forvo.com/word/说干就干/#zh
L7-3891,说谎,說謊,shuōhuǎng,,7-9,1-3,1-3,,False,https://forvo.com/word/说谎/#zh
L7-3892,说老实话,說老實話,shuō lǎoshi huà,,7-9,1-3-N-4,1-3-N-4,neutral_tone,False,https://forvo.com/word/说老实话/#zh
L7-3893,说起来,說起來,shuō qǐlái,,7-9,1-3-2,1-3-2,,False,https://forvo.com/word/说起来/#zh
L7-3894,说情,說情,shuōqíng,,7-9,1-2,1-2,,False,https://forvo.com/word/说情/#zh
L7-3895,说闲话,說閒話,shuō xiánhuà,,7-9,1-2-4,1-2-4,,False,https://forvo.com/word/说闲话/#zh
L7-3896,说真的,說真的,shuō zhēnde,,7-9,1-1-N,1-1-N,neutral_tone,False,https://forvo.com/word/说真的/#zh
L7-3897,硕果,碩果,shuòguǒ,N,7-9,4-3,4-3,,False,https://forvo.com/word/硕果/#zh
L7-3898,司法,司法,sīfǎ,V,7-9,1-3,1-3,,False,https://forvo.com/word/司法/#zh
L7-3899,司空见惯,司空見慣,sīkōng-jiànguàn,,7-9,1-1-4-4,1-1-4-4,,False,https://forvo.com/word/司空见惯/#zh
L7-3900,司令,司令,sīlìng,N,7-9,1-4,1-4,,False,https://forvo.com/word/司令/#zh
L7-3901,丝,絲,sī,N,7-9,1,1,,False,https://forvo.com/word/丝/#zh
L7-3902,丝绸,絲綢,sīchóu,N,7-9,1-2,1-2,,False,https://forvo.com/word/丝绸/#zh
L7-3903,丝毫,絲毫,sīháo,Adj,7-9,1-2,1-2,,False,https://forvo.com/word/丝毫/#zh
L7-3904,私房钱,私房錢,sīfángqián,N,7-9,1-2-2,1-2-2,,False,https://forvo.com/word/私房钱/#zh
L7-3905,私家车,私家車,sījiāchē,N,7-9,1-1-1,1-1-1,,False,https://forvo.com/word/私家车/#zh
L7-3906,私立,私立,sīlì,V/Adj,7-9,1-4,1-4,,False,https://forvo.com/word/私立/#zh
L7-3907,私事,私事,sīshì,N,7-9,1-4,1-4,,False,https://forvo.com/word/私事/#zh
L7-3908,私下,私下,sīxià,N/Adv,7-9,1-4,1-4,,False,https://forvo.com/word/私下/#zh
L7-3909,私营,私營,sīyíng,Adj,7-9,1-2,1-2,,False,https://forvo.com/word/私营/#zh
L7-3910,私有,私有,sīyǒu,V,7-9,1-3,1-3,,False,https://forvo.com/word/私有/#zh
L7-3911,私自,私自,sīzì,Adv,7-9,1-4,1-4,,False,https://forvo.com/word/私自/#zh
L7-3912,思路,思路,sīlù,N,7-9,1-4,1-4,,False,https://forvo.com/word/思路/#zh
L7-3913,思念,思念,sīniàn,V,7-9,1-4,1-4,,False,https://forvo.com/word/思念/#zh
L7-3914,思前想后,思前想後,sīqián-xiǎnghòu,,7-9,1-2-3-4,1-2-3-4,,False,https://forvo.com/word/思前想后/#zh
L7-3915,思索,思索,sīsuǒ,V,7-9,1-3,1-3,,False,https://forvo.com/word/思索/#zh
L7-3916,撕,撕,sī,V,7-9,1,1,,False,https://forvo.com/word/撕/#zh
L7-3917,死心,死心,sǐxīn,,7-9,3-1,3-1,,False,https://forvo.com/word/死心/#zh
L7-3918,死心塌地,死心塌地,sǐxīn-tādì,,7-9,3-1-1-4,3-1-1-4,,False,https://forvo.com/word/死心塌地/#zh
L7-3919,四合院,四合院,sìhéyuàn,N,7-9,4-2-4,4-2-4,,False,https://forvo.com/word/四合院/#zh
L7-3920,四季,四季,sìjì,N,7-9,4-4,4-4,,False,https://forvo.com/word/四季/#zh
L7-3921,四面八方,四面八方,sìmiàn-bāfāng,,7-9,4-4-1-1,4-4-1-1,,False,https://forvo.com/word/四面八方/#zh
L7-3922,寺庙,寺廟,sìmiào,N,7-9,4-4,4-4,,False,https://forvo.com/word/寺庙/#zh
L7-3923,似曾相识,似曾相識,sìcéng-xiāngshí,,7-9,4-2-1-2,4-2-1-2,,False,https://forvo.com/word/似曾相识/#zh
L7-3924,似是而非,似是而非,sìshì-érfēi,,7-9,4-4-2-1,4-4-2-1,,False,https://forvo.com/word/似是而非/#zh
L7-3925,伺机,伺機,sìjī,V,7-9,4-1,4-1,,False,https://forvo.com/word/伺机/#zh
L7-3926,饲料,飼料,sìliào,N,7-9,4-4,4-4,,False,https://forvo.com/word/饲料/#zh
L7-3927,饲养,飼養,sìyǎng,V,7-9,4-3,4-3,,False,https://forvo.com/word/饲养/#zh
L7-3928,松绑,鬆綁,sōngbǎng,,7-9,1-3,1-3,,False,https://forvo.com/word/松绑/#zh
L7-3929,松弛,鬆弛,sōngchí,Adj,7-9,1-2,1-2,,False,https://forvo.com/word/松弛/#zh
L7-3930,耸立,聳立,sǒnglì,V,7-9,3-4,3-4,,False,https://forvo.com/word/耸立/#zh
L7-3931,送别,送別,sòngbié,,7-9,4-2,4-2,,False,https://forvo.com/word/送别/#zh
L7-3932,搜查,搜查,sōuchá,V,7-9,1-2,1-2,,False,https://forvo.com/word/搜查/#zh
L7-3933,搜集,搜集,sōují,V,7-9,1-2,1-2,,False,https://forvo.com/word/搜集/#zh
L7-3934,搜救,搜救,sōujiù,V,7-9,1-4,1-4,,False,https://forvo.com/word/搜救/#zh
L7-3935,搜寻,搜尋,sōuxún,V,7-9,1-2,1-2,,False,https://forvo.com/word/搜寻/#zh
L7-3936,艘,艘,sōu,M,7-9,1,1,,False,https://forvo.com/word/艘/#zh
L7-3937,苏醒,甦醒,sūxǐng,V,7-9,1-3,1-3,,False,https://forvo.com/word/苏醒/#zh
L7-3938,酥,酥,sū,Adj,7-9,1,1,,False,https://forvo.com/word/酥/#zh
L7-3939,俗,俗,sú,Adj,7-9,2,2,,False,https://forvo.com/word/俗/#zh
L7-3940,俗话,俗話,súhuà,N,7-9,2-4,2-4,,False,https://forvo.com/word/俗话/#zh
L7-3941,俗话说,俗話說,súhuà shuō,,7-9,2-4-1,2-4-1,,False,https://forvo.com/word/俗话说/#zh
L7-3942,俗语,俗語,súyǔ,N,7-9,2-3,2-3,,False,https://forvo.com/word/俗语/#zh
L7-3943,诉苦,訴苦,sùkǔ,,7-9,4-3,4-3,,False,https://forvo.com/word/诉苦/#zh
L7-3944,诉说,訴說,sùshuō,V,7-9,4-1,4-1,,False,https://forvo.com/word/诉说/#zh
L7-3945,诉讼,訴訟,sùsòng,V,7-9,4-4,4-4,,False,https://forvo.com/word/诉讼/#zh
L7-3946,素,素,sù,Adj/N,7-9,4,4,,False,https://forvo.com/word/素/#zh
L7-3947,素不相识,素不相識,sùbùxiāngshí,,7-9,4-4-1-2,4-4-1-2,,False,https://forvo.com/word/素不相识/#zh
L7-3948,素材,素材,sùcái,N,7-9,4-2,4-2,,False,https://forvo.com/word/素材/#zh
L7-3949,素描,素描,sùmiáo,N,7-9,4-2,4-2,,False,https://forvo.com/word/素描/#zh
L7-3950,素食,素食,sùshí,N,7-9,4-2,4-2,,False,https://forvo.com/word/素食/#zh
L7-3951,素养,素養,sùyǎng,N,7-9,4-3,4-3,,False,https://forvo.com/word/素养/#zh
L7-3952,塑造,塑造,sùzào,V,7-9,4-4,4-4,,False,https://forvo.com/word/塑造/#zh
L7-3953,蒜,蒜,suàn,N,7-9,4,4,,False,https://forvo.com/word/蒜/#zh
L7-3954,算计,算計,suànjì,V,7-9,4-N,4-N,neutral_tone,False,https://forvo.com/word/算计/#zh
L7-3955,算盘,算盤,suànpán,N,7-9,4-2,4-2,,False,https://forvo.com/word/算盘/#zh
L7-3956,算账,算賬,suànzhàng,,7-9,4-4,4-4,,False,https://forvo.com/word/算账/#zh
L7-3957,虽说,雖說,suīshuō,Conj,7-9,1-1,1-1,,False,https://forvo.com/word/虽说/#zh
L7-3958,随处可见,隨處可見,suíchù kě jiàn,,7-9,2-4-3-4,2-4-3-4,,False,https://forvo.com/word/随处可见/#zh
L7-3959,随大溜,隨大溜,suí dàliù,,7-9,2-4-4,2-4-4,,False,https://forvo.com/word/随大溜/#zh
L7-3960,随机,隨機,suíjī,Adj,7-9,2-1,2-1,,False,https://forvo.com/word/随机/#zh
L7-3961,随即,隨即,suíjí,Adv,7-9,2-2,2-2,,False,https://forvo.com/word/随即/#zh
L7-3962,随身,隨身,suíshēn,Adj,7-9,2-1,2-1,,False,https://forvo.com/word/随身/#zh
L7-3963,随时随地,隨時隨地,suíshí-suídì,,7-9,2-2-2-4,2-2-2-4,,False,https://forvo.com/word/随时随地/#zh
L7-3964,随心所欲,隨心所欲,suíxīnsuǒyù,,7-9,2-1-3-4,2-1-3-4,,False,https://forvo.com/word/随心所欲/#zh
L7-3965,遂心,遂心,suìxīn,,7-9,4-1,4-1,,False,https://forvo.com/word/遂心/#zh
L7-3966,隧道,隧道,suìdào,N,7-9,4-4,4-4,,False,https://forvo.com/word/隧道/#zh
L7-3967,损,損,sǔn,V,7-9,3,3,,False,https://forvo.com/word/损/#zh
L7-3968,损坏,損壞,sǔnhuài,V,7-9,3-4,3-4,,False,https://forvo.com/word/损坏/#zh
L7-3969,损人利己,損人利己,sǔnrén-lìjǐ,,7-9,3-2-4-3,3-2-4-3,,False,https://forvo.com/word/损人利己/#zh
L7-3970,损伤,損傷,sǔnshāng,V,7-9,3-1,3-1,,False,https://forvo.com/word/损伤/#zh
L7-3971,缩,縮,suō,V,7-9,1,1,,False,https://forvo.com/word/缩/#zh
L7-3972,缩水,縮水,suōshuǐ,,7-9,1-3,1-3,,False,https://forvo.com/word/缩水/#zh
L7-3973,缩影,縮影,suōyǐng,N,7-9,1-3,1-3,,False,https://forvo.com/word/缩影/#zh
L7-3974,所属,所屬,suǒshǔ,Adj,7-9,3-3,2-3,third_tone_sandhi,False,https://forvo.com/word/所属/#zh
L7-3975,所谓,所謂,suǒwèi,Adj,7-9,3-4,3-4,,False,https://forvo.com/word/所谓/#zh
L7-3976,所作所为,所作所為,suǒzuò-suǒwéi,,7-9,3-4-3-2,3-4-3-2,,False,https://forvo.com/word/所作所为/#zh
L7-3977,索赔,索賠,suǒpéi,V,7-9,3-2,3-2,,False,https://forvo.com/word/索赔/#zh
L7-3978,索取,索取,suǒqǔ,V,7-9,3-3,2-3,third_tone_sandhi,False,https://forvo.com/word/索取/#zh
L7-3979,索性,索性,suǒxìng,Adv,7-9,3-4,3-4,,False,https://forvo.com/word/索性/#zh
L7-3980,锁定,鎖定,suǒdìng,V,7-9,3-4,3-4,,False,https://forvo.com/word/锁定/#zh
L7-3981,他人,他人,tārén,Pron,7-9,1-2,1-2,,False,https://forvo.com/word/他人/#zh
L7-3982,塌,塌,tā,V,7-9,1,1,,False,https://forvo.com/word/塌/#zh
L7-3983,踏上,踏上,tàshang,,7-9,4-4,4-4,,False,https://forvo.com/word/踏上/#zh
L7-3984,胎,胎,tāi,N/M,7-9,1,1,,False,https://forvo.com/word/胎/#zh
L7-3985,胎儿,胎兒,tāi'ér,N,7-9,1-2,1-2,,False,https://forvo.com/word/胎儿/#zh
L7-3986,台球,台球,táiqiú,N,7-9,2-2,2-2,,False,https://forvo.com/word/台球/#zh
L7-3987,太极,太極,tàijí,N,7-9,4-2,4-2,,False,https://forvo.com/word/太极/#zh
L7-3988,太极拳,太極拳,tàijíquán,N,7-9,4-2-2,4-2-2,,False,https://forvo.com/word/太极拳/#zh
L7-3989,太平,太平,tàipíng,Adj,7-9,4-2,4-2,,False,https://forvo.com/word/太平/#zh
L7-3990,泰斗,泰斗,tàidǒu,N,7-9,4-3,4-3,,False,https://forvo.com/word/泰斗/#zh
L7-3991,贪,貪,tān,V,7-9,1,1,,False,https://forvo.com/word/贪/#zh
L7-3992,贪婪,貪婪,tānlán,Adj,7-9,1-2,1-2,,False,https://forvo.com/word/贪婪/#zh
L7-3993,贪玩儿,貪玩兒,tānwánr,V,7-9,1-2-N,1-2-N,neutral_tone,False,https://forvo.com/word/贪玩儿/#zh
L7-3994,贪污,貪污,tānwū,V,7-9,1-1,1-1,,False,https://forvo.com/word/贪污/#zh
L7-3995,摊,攤,tān,V/N/M,7-9,1,1,,False,https://forvo.com/word/摊/#zh
L7-3996,瘫,癱,tān,V,7-9,1,1,,False,https://forvo.com/word/瘫/#zh
L7-3997,瘫痪,癱瘓,tānhuàn,V,7-9,1-4,1-4,,False,https://forvo.com/word/瘫痪/#zh
L7-3998,坛,壇,tán,N,7-9,2,2,,False,https://forvo.com/word/坛/#zh
L7-3999,谈不上,談不上,tán bu shàng,,7-9,2-N-4,2-N-4,neutral_tone,False,https://forvo.com/word/谈不上/#zh
L7-4000,谈到,談到,tándào,,7-9,2-4,2-4,,False,https://forvo.com/word/谈到/#zh
L7-4001,谈论,談論,tánlùn,V,7-9,2-4,2-4,,False,https://forvo.com/word/谈论/#zh
L7-4002,谈起,談起,tánqǐ,,7-9,2-3,2-3,,False,https://forvo.com/word/谈起/#zh
L7-4003,弹性,彈性,tánxìng,N,7-9,2-4,2-4,,False,https://forvo.com/word/弹性/#zh
L7-4004,痰,痰,tán,N,7-9,2,2,,False,https://forvo.com/word/痰/#zh
L7-4005,坦白,坦白,tǎnbái,Adj/V,7-9,3-2,3-2,,False,https://forvo.com/word/坦白/#zh
L7-4006,坦诚,坦誠,tǎnchéng,Adj,7-9,3-2,3-2,,False,https://forvo.com/word/坦诚/#zh
L7-4007,坦克,坦克,tǎnkè,N,7-9,3-4,3-4,,False,https://forvo.com/word/坦克/#zh
L7-4008,坦然,坦然,tǎnrán,Adj,7-9,3-2,3-2,,False,https://forvo.com/word/坦然/#zh
L7-4009,坦率,坦率,tǎnshuài,Adj,7-9,3-4,3-4,,False,https://forvo.com/word/坦率/#zh
L7-4010,毯子,毯子,tǎnzi,N,7-9,3-N,3-N,neutral_tone,False,https://forvo.com/word/毯子/#zh
L7-4011,炭,炭,tàn,N,7-9,4,4,,False,https://forvo.com/word/炭/#zh
L7-4012,探,探,tàn,V,7-9,4,4,,False,https://forvo.com/word/探/#zh
L7-4013,探测,探測,tàncè,V,7-9,4-4,4-4,,False,https://forvo.com/word/探测/#zh
L7-4014,探亲,探親,tànqīn,,7-9,4-1,4-1,,False,https://forvo.com/word/探亲/#zh
L7-4015,探求,探求,tànqiú,V,7-9,4-2,4-2,,False,https://forvo.com/word/探求/#zh
L7-4016,探望,探望,tànwàng,V,7-9,4-4,4-4,,False,https://forvo.com/word/探望/#zh
L7-4017,探险,探險,tànxiǎn,,7-9,4-3,4-3,,False,https://forvo.com/word/探险/#zh
L7-4018,碳,碳,tàn,N,7-9,4,4,,False,https://forvo.com/word/碳/#zh
L7-4019,汤圆,湯圓,tāngyuán,N,7-9,1-2,1-2,,False,https://forvo.com/word/汤圆/#zh
L7-4020,堂,堂,táng,M,7-9,2,2,,False,https://forvo.com/word/堂/#zh
L7-4021,糖果,糖果,tángguǒ,N,7-9,2-3,2-3,,False,https://forvo.com/word/糖果/#zh
L7-4022,糖尿病,糖尿病,tángniàobìng,N,7-9,2-4-4,2-4-4,,False,https://forvo.com/word/糖尿病/#zh
L7-4023,倘若,倘若,tǎngruò,Conj,7-9,3-4,3-4,,False,https://forvo.com/word/倘若/#zh
L7-4024,淌,淌,tǎng,V,7-9,3,3,,False,https://forvo.com/word/淌/#zh
L7-4025,烫,燙,tàng,V/Adj,7-9,4,4,,False,https://forvo.com/word/烫/#zh
L7-4026,掏钱,掏錢,tāo qián,,7-9,1-2,1-2,,False,https://forvo.com/word/掏钱/#zh
L7-4027,滔滔不绝,滔滔不絕,tāotāo-bùjué,,7-9,1-1-4-2,1-1-4-2,,False,https://forvo.com/word/滔滔不绝/#zh
L7-4028,逃避,逃避,táobì,V,7-9,2-4,2-4,,False,https://forvo.com/word/逃避/#zh
L7-4029,逃生,逃生,táoshēng,V,7-9,2-1,2-1,,False,https://forvo.com/word/逃生/#zh
L7-4030,逃亡,逃亡,táowáng,V,7-9,2-2,2-2,,False,https://forvo.com/word/逃亡/#zh
L7-4031,陶瓷,陶瓷,táocí,N,7-9,2-2,2-2,,False,https://forvo.com/word/陶瓷/#zh
L7-4032,陶冶,陶冶,táoyě,V,7-9,2-3,2-3,,False,https://forvo.com/word/陶冶/#zh
L7-4033,陶醉,陶醉,táozuì,V,7-9,2-4,2-4,,False,https://forvo.com/word/陶醉/#zh
L7-4034,淘,淘,táo,V,7-9,2,2,,False,https://forvo.com/word/淘/#zh
L7-4035,淘气,淘氣,táoqì,,7-9,2-4,2-4,,False,https://forvo.com/word/淘气/#zh
L7-4036,淘汰,淘汰,táotài,V,7-9,2-4,2-4,,False,https://forvo.com/word/淘汰/#zh
L7-4037,讨,討,tǎo,V,7-9,3,3,,False,https://forvo.com/word/讨/#zh
L7-4038,讨好,討好,tǎohǎo,,7-9,3-3,2-3,third_tone_sandhi,False,https://forvo.com/word/讨好/#zh
L7-4039,讨价还价,討價還價,tǎojià-huánjià,,7-9,3-4-2-4,3-4-2-4,,False,https://forvo.com/word/讨价还价/#zh
L7-4040,讨人喜欢,討人喜歡,tǎo rén xǐhuan,,7-9,3-2-3-N,3-2-3-N,neutral_tone,False,https://forvo.com/word/讨人喜欢/#zh
L7-4041,特产,特產,tèchǎn,N,7-9,4-3,4-3,,False,https://forvo.com/word/特产/#zh
L7-4042,特长,特長,tècháng,N,7-9,4-2,4-2,,False,https://forvo.com/word/特长/#zh
L7-4043,特例,特例,tèlì,N,7-9,4-4,4-4,,False,https://forvo.com/word/特例/#zh
L7-4044,特权,特權,tèquán,N,7-9,4-2,4-2,,False,https://forvo.com/word/特权/#zh
L7-4045,特邀,特邀,tèyāo,V,7-9,4-1,4-1,,False,https://forvo.com/word/特邀/#zh
L7-4046,特制,特製,tèzhì,V,7-9,4-4,4-4,,False,https://forvo.com/word/特制/#zh
L7-4047,特质,特質,tèzhì,N,7-9,4-4,4-4,,False,https://forvo.com/word/特质/#zh
L7-4048,腾,騰,téng,V,7-9,2,2,,False,https://forvo.com/word/腾/#zh
L7-4049,藤椅,藤椅,téngyǐ,N,7-9,2-3,2-3,,False,https://forvo.com/word/藤椅/#zh
L7-4050,剔除,剔除,tīchú,V,7-9,1-2,1-2,,False,https://forvo.com/word/剔除/#zh
L7-4051,梯子,梯子,tīzi,N,7-9,1-N,1-N,neutral_tone,False,https://forvo.com/word/梯子/#zh
L7-4052,提拔,提拔,tíbá,V,7-9,2-2,2-2,,False,https://forvo.com/word/提拔/#zh
L7-4053,提炼,提煉,tíliàn,V,7-9,2-4,2-4,,False,https://forvo.com/word/提炼/#zh
L7-4054,提名,提名,tímíng,,7-9,2-2,2-2,,False,https://forvo.com/word/提名/#zh
L7-4055,提速,提速,tísù,,7-9,2-4,2-4,,False,https://forvo.com/word/提速/#zh
L7-4056,提心吊胆,提心吊膽,tíxīn-diàodǎn,,7-9,2-1-4-3,2-1-4-3,,False,https://forvo.com/word/提心吊胆/#zh
L7-4057,提议,提議,tíyì,V/N,7-9,2-4,2-4,,False,https://forvo.com/word/提议/#zh
L7-4058,提早,提早,tízǎo,V,7-9,2-3,2-3,,False,https://forvo.com/word/提早/#zh
L7-4059,体谅,體諒,tǐliàng,V,7-9,3-4,3-4,,False,https://forvo.com/word/体谅/#zh
L7-4060,体面,體面,tǐmiàn,N/Adj,7-9,3-4,3-4,,False,https://forvo.com/word/体面/#zh
L7-4061,体能,體能,tǐnéng,N,7-9,3-2,3-2,,False,https://forvo.com/word/体能/#zh
L7-4062,体贴,體貼,tǐtiē,V,7-9,3-1,3-1,,False,https://forvo.com/word/体贴/#zh
L7-4063,体温,體溫,tǐwēn,N,7-9,3-1,3-1,,False,https://forvo.com/word/体温/#zh
L7-4064,体系,體系,tǐxì,N,7-9,3-4,3-4,,False,https://forvo.com/word/体系/#zh
L7-4065,体制,體制,tǐzhì,N,7-9,3-4,3-4,,False,https://forvo.com/word/体制/#zh
L7-4066,体质,體質,tǐzhì,N,7-9,3-4,3-4,,False,https://forvo.com/word/体质/#zh
L7-4067,剃,剃,tì,V,7-9,4,4,,False,https://forvo.com/word/剃/#zh
L7-4068,替换,替換,tìhuàn,V,7-9,4-4,4-4,,False,https://forvo.com/word/替换/#zh
L7-4069,替身,替身,tìshēn,N,7-9,4-1,4-1,,False,https://forvo.com/word/替身/#zh
L7-4070,天长地久,天長地久,tiāncháng-dìjiǔ,,7-9,1-2-4-3,1-2-4-3,,False,https://forvo.com/word/天长地久/#zh
L7-4071,天地,天地,tiāndì,N,7-9,1-4,1-4,,False,https://forvo.com/word/天地/#zh
L7-4072,天鹅,天鵝,tiān'é,N,7-9,1-2,1-2,,False,https://forvo.com/word/天鹅/#zh
L7-4073,天分,天分,tiānfèn,N,7-9,1-4,1-4,,False,https://forvo.com/word/天分/#zh
L7-4074,天赋,天賦,tiānfù,V/N,7-9,1-4,1-4,,False,https://forvo.com/word/天赋/#zh
L7-4075,天经地义,天經地義,tiānjīng-dìyì,,7-9,1-1-4-4,1-1-4-4,,False,https://forvo.com/word/天经地义/#zh
L7-4076,天平,天平,tiānpíng,N,7-9,1-2,1-2,,False,https://forvo.com/word/天平/#zh
L7-4077,天桥,天橋,tiānqiáo,N,7-9,1-2,1-2,,False,https://forvo.com/word/天桥/#zh
L7-4078,天生,天生,tiānshēng,Adj,7-9,1-1,1-1,,False,https://forvo.com/word/天生/#zh
L7-4079,天使,天使,tiānshǐ,N,7-9,1-3,1-3,,False,https://forvo.com/word/天使/#zh
L7-4080,天线,天線,tiānxiàn,N,7-9,1-4,1-4,,False,https://forvo.com/word/天线/#zh
L7-4081,天性,天性,tiānxìng,N,7-9,1-4,1-4,,False,https://forvo.com/word/天性/#zh
L7-4082,天主教,天主教,Tiānzhǔjiào,N,7-9,1-3-4,1-3-4,,False,https://forvo.com/word/天主教/#zh
L7-4083,添加,添加,tiānjiā,V,7-9,1-1,1-1,,False,https://forvo.com/word/添加/#zh
L7-4084,甜美,甜美,tiánměi,Adj,7-9,2-3,2-3,,False,https://forvo.com/word/甜美/#zh
L7-4085,甜蜜,甜蜜,tiánmì,Adj,7-9,2-4,2-4,,False,https://forvo.com/word/甜蜜/#zh
L7-4086,甜头,甜頭,tiántou,N,7-9,2-N,2-N,neutral_tone,False,https://forvo.com/word/甜头/#zh
L7-4087,填补,填補,tiánbǔ,V,7-9,2-3,2-3,,False,https://forvo.com/word/填补/#zh
L7-4088,填充,填充,tiánchōng,V,7-9,2-1,2-1,,False,https://forvo.com/word/填充/#zh
L7-4089,填写,填寫,tiánxiě,V,7-9,2-3,2-3,,False,https://forvo.com/word/填写/#zh
L7-4090,舔,舔,tiǎn,V,7-9,3,3,,False,https://forvo.com/word/舔/#zh
L7-4091,挑剔,挑剔,tiāoti,V,7-9,1-N,1-N,neutral_tone,False,https://forvo.com/word/挑剔/#zh
L7-4092,条款,條款,tiáokuǎn,N,7-9,2-3,2-3,,False,https://forvo.com/word/条款/#zh
L7-4093,条例,條例,tiáolì,N,7-9,2-4,2-4,,False,https://forvo.com/word/条例/#zh
L7-4094,条约,條約,tiáoyuē,N,7-9,2-1,2-1,,False,https://forvo.com/word/条约/#zh
L7-4095,调侃,調侃,tiáokǎn,V,7-9,2-3,2-3,,False,https://forvo.com/word/调侃/#zh
L7-4096,调控,調控,tiáokòng,V,7-9,2-4,2-4,,False,https://forvo.com/word/调控/#zh
L7-4097,调料,調料,tiáoliào,N,7-9,2-4,2-4,,False,https://forvo.com/word/调料/#zh
L7-4098,调试,調試,tiáoshì,V,7-9,2-4,2-4,,False,https://forvo.com/word/调试/#zh
L7-4099,挑起,挑起,tiǎoqǐ,,7-9,3-3,2-3,third_tone_sandhi,False,https://forvo.com/word/挑起/#zh
L7-4100,挑衅,挑釁,tiǎoxìn,V,7-9,3-4,3-4,,False,https://forvo.com/word/挑衅/#zh
L7-4101,跳槽,跳槽,tiàocáo,,7-9,4-2,4-2,,False,https://forvo.com/word/跳槽/#zh
L7-4102,跳动,跳動,tiàodòng,V,7-9,4-4,4-4,,False,https://forvo.com/word/跳动/#zh
L7-4103,跳伞,跳傘,tiàosǎn,,7-9,4-3,4-3,,False,https://forvo.com/word/跳伞/#zh
L7-4104,跳跃,跳躍,tiàoyuè,V,7-9,4-4,4-4,,False,https://forvo.com/word/跳跃/#zh
L7-4105,贴近,貼近,tiējìn,V/Adj,7-9,1-4,1-4,,False,https://forvo.com/word/贴近/#zh
L7-4106,贴切,貼切,tiēqiè,Adj,7-9,1-4,1-4,,False,https://forvo.com/word/贴切/#zh
L7-4107,帖子,帖子,tiězi,N,7-9,3-N,3-N,neutral_tone,False,https://forvo.com/word/帖子/#zh
L7-4108,听从,聽從,tīngcóng,V,7-9,1-2,1-2,,False,https://forvo.com/word/听从/#zh
L7-4109,听话,聽話,tīnghuà,,7-9,1-4,1-4,,False,https://forvo.com/word/听话/#zh
L7-4110,停泊,停泊,tíngbó,V,7-9,2-2,2-2,,False,https://forvo.com/word/停泊/#zh
L7-4111,停车位,停車位,tíngchēwèi,N,7-9,2-1-4,2-1-4,,False,https://forvo.com/word/停车位/#zh
L7-4112,停电,停電,tíngdiàn,V,7-9,2-4,2-4,,False,https://forvo.com/word/停电/#zh
L7-4113,停顿,停頓,tíngdùn,V,7-9,2-4,2-4,,False,https://forvo.com/word/停顿/#zh
L7-4114,停放,停放,tíngfàng,V,7-9,2-4,2-4,,False,https://forvo.com/word/停放/#zh
L7-4115,停业,停業,tíngyè,,7-9,2-4,2-4,,False,https://forvo.com/word/停业/#zh
L7-4116,通畅,通暢,tōngchàng,Adj,7-9,1-4,1-4,,False,https://forvo.com/word/通畅/#zh
L7-4117,通车,通車,tōngchē,,7-9,1-1,1-1,,False,https://forvo.com/word/通车/#zh
L7-4118,通风,通風,tōngfēng,,7-9,1-1,1-1,,False,https://forvo.com/word/通风/#zh
L7-4119,通告,通告,tōnggào,V/N,7-9,1-4,1-4,,False,https://forvo.com/word/通告/#zh
L7-4120,通缉,通緝,tōngjī,V,7-9,1-1,1-1,,False,https://forvo.com/word/通缉/#zh
L7-4121,通顺,通順,tōngshùn,Adj,7-9,1-4,1-4,,False,https://forvo.com/word/通顺/#zh
L7-4122,通俗,通俗,tōngsú,Adj,7-9,1-2,1-2,,False,https://forvo.com/word/通俗/#zh
L7-4123,通通,通通,tōngtōng,Adv,7-9,1-1,1-1,,False,https://forvo.com/word/通通/#zh
L7-4124,通往,通往,tōngwǎng,,7-9,1-3,1-3,,False,https://forvo.com/word/通往/#zh
L7-4125,通宵,通宵,tōngxiāo,N,7-9,1-1,1-1,,False,https://forvo.com/word/通宵/#zh
L7-4126,通行证,通行證,tōngxíngzhèng,N,7-9,1-2-4,1-2-4,,False,https://forvo.com/word/通行证/#zh
L7-4127,同伴,同伴,tóngbàn,N,7-9,2-4,2-4,,False,https://forvo.com/word/同伴/#zh
L7-4128,同步,同步,tóngbù,V,7-9,2-4,2-4,,False,https://forvo.com/word/同步/#zh
L7-4129,同等,同等,tóngděng,Adj,7-9,2-3,2-3,,False,https://forvo.com/word/同等/#zh
L7-4130,同感,同感,tónggǎn,N,7-9,2-3,2-3,,False,https://forvo.com/word/同感/#zh
L7-4131,同伙,同伙,tónghuǒ,V/N,7-9,2-3,2-3,,False,https://forvo.com/word/同伙/#zh
L7-4132,同类,同類,tónglèi,Adj/N,7-9,2-4,2-4,,False,https://forvo.com/word/同类/#zh
L7-4133,同盟,同盟,tóngméng,V/N,7-9,2-2,2-2,,False,https://forvo.com/word/同盟/#zh
L7-4134,同年,同年,tóngnián,N,7-9,2-2,2-2,,False,https://forvo.com/word/同年/#zh
L7-4135,同人,同人,tóngrén,N,7-9,2-2,2-2,,False,https://forvo.com/word/同人/#zh
L7-4136,同志,同志,tóngzhì,N,7-9,2-4,2-4,,False,https://forvo.com/word/同志/#zh
L7-4137,同舟共济,同舟共濟,tóngzhōu-gòngjì,,7-9,2-1-4-4,2-1-4-4,,False,https://forvo.com/word/同舟共济/#zh
L7-4138,铜,銅,tóng,N,7-9,2,2,,False,https://forvo.com/word/铜/#zh
L7-4139,统筹,統籌,tǒngchóu,V,7-9,3-2,3-2,,False,https://forvo.com/word/统筹/#zh
L7-4140,统统,統統,tǒngtǒng,Adv,7-9,3-3,2-3,third_tone_sandhi,False,https://forvo.com/word/统统/#zh
L7-4141,统治,統治,tǒngzhì,V,7-9,3-4,3-4,,False,https://forvo.com/word/统治/#zh
L7-4142,捅,捅,tǒng,V,7-9,3,3,,False,https://forvo.com/word/捅/#zh
L7-4143,桶,桶,tǒng,N,7-9,3,3,,False,https://forvo.com/word/桶/#zh
L7-4144,筒,筒,tǒng,N,7-9,3,3,,False,https://forvo.com/word/筒/#zh
L7-4145,痛,痛,tòng,Adv,7-9,4,4,,False,https://forvo.com/word/痛/#zh
L7-4146,痛心,痛心,tòngxīn,Adj,7-9,4-1,4-1,,False,https://forvo.com/word/痛心/#zh
L7-4147,偷看,偷看,tōukàn,,7-9,1-4,1-4,,False,https://forvo.com/word/偷看/#zh
L7-4148,偷窥,偷窺,tōukuī,V,7-9,1-1,1-1,,False,https://forvo.com/word/偷窥/#zh
L7-4149,偷懒,偷懶,tōulǎn,,7-9,1-3,1-3,,False,https://forvo.com/word/偷懒/#zh
L7-4150,头部,頭部,tóubù,N,7-9,2-4,2-4,,False,https://forvo.com/word/头部/#zh
L7-4151,头顶,頭頂,tóudǐng,N,7-9,2-3,2-3,,False,https://forvo.com/word/头顶/#zh
L7-4152,头号,頭號,tóuhào,Adj,7-9,2-4,2-4,,False,https://forvo.com/word/头号/#zh
L7-4153,头条,頭條,tóutiáo,N,7-9,2-2,2-2,,False,https://forvo.com/word/头条/#zh
L7-4154,头头是道,頭頭是道,tóutóu-shìdào,,7-9,2-2-4-4,2-2-4-4,,False,https://forvo.com/word/头头是道/#zh
L7-4155,头衔,頭銜,tóuxián,N,7-9,2-2,2-2,,False,https://forvo.com/word/头衔/#zh
L7-4156,头晕,頭暈,tóuyūn,V,7-9,2-1,2-1,,False,https://forvo.com/word/头晕/#zh
L7-4157,投奔,投奔,tóubèn,V,7-9,2-4,2-4,,False,https://forvo.com/word/投奔/#zh
L7-4158,投稿,投稿,tóugǎo,,7-9,2-3,2-3,,False,https://forvo.com/word/投稿/#zh
L7-4159,投机,投機,tóujī,Adj/V,7-9,2-1,2-1,,False,https://forvo.com/word/投机/#zh
L7-4160,投射,投射,tóushè,V,7-9,2-4,2-4,,False,https://forvo.com/word/投射/#zh
L7-4161,投身,投身,tóushēn,V,7-9,2-1,2-1,,False,https://forvo.com/word/投身/#zh
L7-4162,投降,投降,tóuxiáng,V,7-9,2-2,2-2,,False,https://forvo.com/word/投降/#zh
L7-4163,透彻,透徹,tòuchè,Adj,7-9,4-4,4-4,,False,https://forvo.com/word/透彻/#zh
L7-4164,透过,透過,tòuguò,V,7-9,4-4,4-4,,False,https://forvo.com/word/透过/#zh
L7-4165,透气,透氣,tòuqì,,7-9,4-4,4-4,,False,https://forvo.com/word/透气/#zh
L7-4166,透支,透支,tòuzhī,V,7-9,4-1,4-1,,False,https://forvo.com/word/透支/#zh
L7-4167,凸,凸,tū,Adj,7-9,1,1,,False,https://forvo.com/word/凸/#zh
L7-4168,凸显,凸顯,tūxiǎn,V,7-9,1-3,1-3,,False,https://forvo.com/word/凸显/#zh
L7-4169,秃,禿,tū,Adj,7-9,1,1,,False,https://forvo.com/word/秃/#zh
L7-4170,突发,突發,tūfā,V,7-9,1-1,1-1,,False,https://forvo.com/word/突发/#zh
L7-4171,突击,突擊,tūjī,V,7-9,1-1,1-1,,False,https://forvo.com/word/突击/#zh
L7-4172,突破口,突破口,tūpòkǒu,N,7-9,1-4-3,1-4-3,,False,https://forvo.com/word/突破口/#zh
L7-4173,突如其来,突如其來,tūrú-qílái,,7-9,1-2-2-2,1-2-2-2,,False,https://forvo.com/word/突如其来/#zh
L7-4174,图表,圖表,túbiǎo,N,7-9,2-3,2-3,,False,https://forvo.com/word/图表/#zh
L7-4175,图像,圖像,túxiàng,N,7-9,2-4,2-4,,False,https://forvo.com/word/图像/#zh
L7-4176,图形,圖形,túxíng,N,7-9,2-2,2-2,,False,https://forvo.com/word/图形/#zh
L7-4177,图纸,圖紙,túzhǐ,N,7-9,2-3,2-3,,False,https://forvo.com/word/图纸/#zh
L7-4178,徒步,徒步,túbù,Adv,7-9,2-4,2-4,,False,https://forvo.com/word/徒步/#zh
L7-4179,涂,塗,tú,V,7-9,2,2,,False,https://forvo.com/word/涂/#zh
L7-4180,屠杀,屠殺,túshā,V,7-9,2-1,2-1,,False,https://forvo.com/word/屠杀/#zh
L7-4181,土匪,土匪,tǔfěi,N,7-9,3-3,2-3,third_tone_sandhi,False,https://forvo.com/word/土匪/#zh
L7-4182,土壤,土壤,tǔrǎng,N,7-9,3-3,2-3,third_tone_sandhi,False,https://forvo.com/word/土壤/#zh
L7-4183,土生土长,土生土長,tǔshēng-tǔzhǎng,,7-9,3-1-3-3,3-1-2-3,third_tone_sandhi,False,https://forvo.com/word/土生土长/#zh
L7-4184,团伙,團伙,tuánhuǒ,N,7-9,2-3,2-3,,False,https://forvo.com/word/团伙/#zh
L7-4185,团聚,團聚,tuánjù,V,7-9,2-4,2-4,,False,https://forvo.com/word/团聚/#zh
L7-4186,团员,團員,tuányuán,N,7-9,2-2,2-2,,False,https://forvo.com/word/团员/#zh
L7-4187,团圆,團圓,tuányuán,V,7-9,2-2,2-2,,False,https://forvo.com/word/团圆/#zh
L7-4188,推测,推測,tuīcè,V,7-9,1-4,1-4,,False,https://forvo.com/word/推测/#zh
L7-4189,推辞,推辭,tuīcí,V,7-9,1-2,1-2,,False,https://forvo.com/word/推辞/#zh
L7-4190,推断,推斷,tuīduàn,V,7-9,1-4,1-4,,False,https://forvo.com/word/推断/#zh
L7-4191,推翻,推翻,tuīfān,,7-9,1-1,1-1,,False,https://forvo.com/word/推翻/#zh
L7-4192,推荐,推薦,tuījiàn,V,7-9,1-4,1-4,,False,https://forvo.com/word/推荐/#zh
L7-4193,推理,推理,tuīlǐ,V,7-9,1-3,1-3,,False,https://forvo.com/word/推理/#zh
L7-4194,推敲,推敲,tuīqiāo,V,7-9,1-1,1-1,,False,https://forvo.com/word/推敲/#zh
L7-4195,推算,推算,tuīsuàn,V,7-9,1-4,1-4,,False,https://forvo.com/word/推算/#zh
L7-4196,推卸,推卸,tuīxiè,V,7-9,1-4,1-4,,False,https://forvo.com/word/推卸/#zh
L7-4197,推选,推選,tuīxuǎn,V,7-9,1-3,1-3,,False,https://forvo.com/word/推选/#zh
L7-4198,推移,推移,tuīyí,V,7-9,1-2,1-2,,False,https://forvo.com/word/推移/#zh
L7-4199,颓废,頹廢,tuífèi,Adj,7-9,2-4,2-4,,False,https://forvo.com/word/颓废/#zh
L7-4200,退回,退回,tuìhuí,V,7-9,4-2,4-2,,False,https://forvo.com/word/退回/#zh
L7-4201,退却,退卻,tuìquè,V,7-9,4-4,4-4,,False,https://forvo.com/word/退却/#zh
L7-4202,退让,退讓,tuìràng,V,7-9,4-4,4-4,,False,https://forvo.com/word/退让/#zh
L7-4203,退缩,退縮,tuìsuō,V,7-9,4-1,4-1,,False,https://forvo.com/word/退缩/#zh
L7-4204,退休金,退休金,tuìxiūjīn,N,7-9,4-1-1,4-1-1,,False,https://forvo.com/word/退休金/#zh
L7-4205,退学,退學,tuìxué,,7-9,4-2,4-2,,False,https://forvo.com/word/退学/#zh
L7-4206,退役,退役,tuìyì,,7-9,4-4,4-4,,False,https://forvo.com/word/退役/#zh
L7-4207,屯,屯,tún,N,7-9,2,2,,False,https://forvo.com/word/屯/#zh
L7-4208,托付,托付,tuōfù,V,7-9,1-4,1-4,,False,https://forvo.com/word/托付/#zh
L7-4209,拖累,拖累,tuōlěi,V,7-9,1-3,1-3,,False,https://forvo.com/word/拖累/#zh
L7-4210,拖欠,拖欠,tuōqiàn,V,7-9,1-4,1-4,,False,https://forvo.com/word/拖欠/#zh
L7-4211,拖延,拖延,tuōyán,V,7-9,1-2,1-2,,False,https://forvo.com/word/拖延/#zh
L7-4212,脱节,脫節,tuōjié,,7-9,1-2,1-2,,False,https://forvo.com/word/脱节/#zh
L7-4213,脱口而出,脫口而出,tuōkǒu'érchū,,7-9,1-3-2-1,1-3-2-1,,False,https://forvo.com/word/脱口而出/#zh
L7-4214,脱落,脫落,tuōluò,V,7-9,1-4,1-4,,False,https://forvo.com/word/脱落/#zh
L7-4215,脱身,脫身,tuōshēn,,7-9,1-1,1-1,,False,https://forvo.com/word/脱身/#zh
L7-4216,脱颖而出,脫穎而出,tuōyǐng'érchū,,7-9,1-3-2-1,1-3-2-1,,False,https://forvo.com/word/脱颖而出/#zh
L7-4217,驮,馱,tuó,V,7-9,2,2,,False,https://forvo.com/word/驮/#zh
L7-4218,妥,妥,tuǒ,Adj,7-9,3,3,,False,https://forvo.com/word/妥/#zh
L7-4219,妥当,妥當,tuǒdàng,Adj,7-9,3-N,3-N,neutral_tone,False,https://forvo.com/word/妥当/#zh
L7-4220,妥善,妥善,tuǒshàn,Adj,7-9,3-4,3-4,,False,https://forvo.com/word/妥善/#zh
L7-4221,妥协,妥協,tuǒxié,V,7-9,3-2,3-2,,False,https://forvo.com/word/妥协/#zh
L7-4222,拓宽,拓寬,tuòkuān,V,7-9,4-1,4-1,,False,https://forvo.com/word/拓宽/#zh
L7-4223,拓展,拓展,tuòzhǎn,V,7-9,4-3,4-3,,False,https://forvo.com/word/拓展/#zh
L7-4224,唾液,唾液,tuòyè,N,7-9,4-4,4-4,,False,https://forvo.com/word/唾液/#zh
L7-4225,挖掘,挖掘,wājué,V,7-9,1-2,1-2,,False,https://forvo.com/word/挖掘/#zh
L7-4226,挖苦,挖苦,wāku,V,7-9,1-3,1-3,,False,https://forvo.com/word/挖苦/#zh
L7-4227,瓦,瓦,wǎ,N,7-9,3,3,,False,https://forvo.com/word/瓦/#zh
L7-4228,歪,歪,wāi,Adj,7-9,1,1,,False,https://forvo.com/word/歪/#zh
L7-4229,歪曲,歪曲,wāiqū,V,7-9,1-1,1-1,,False,https://forvo.com/word/歪曲/#zh
L7-4230,外表,外表,wàibiǎo,N,7-9,4-3,4-3,,False,https://forvo.com/word/外表/#zh
L7-4231,外公,外公,wàigōng,N,7-9,4-1,4-1,,False,https://forvo.com/word/外公/#zh
L7-4232,外行,外行,wàiháng,Adj/N,7-9,4-2,4-2,,False,https://forvo.com/word/外行/#zh
L7-4233,外号,外號,wàihào,N,7-9,4-4,4-4,,False,https://forvo.com/word/外号/#zh
L7-4234,外籍,外籍,wàijí,N,7-9,4-2,4-2,,False,https://forvo.com/word/外籍/#zh
L7-4235,外贸,外貿,wàimào,N,7-9,4-4,4-4,,False,https://forvo.com/word/外贸/#zh
L7-4236,外貌,外貌,wàimào,N,7-9,4-4,4-4,,False,https://forvo.com/word/外貌/#zh
L7-4237,外婆,外婆,wàipó,N,7-9,4-2,4-2,,False,https://forvo.com/word/外婆/#zh
L7-4238,外企,外企,wàiqǐ,N,7-9,4-3,4-3,,False,https://forvo.com/word/外企/#zh
L7-4239,外星人,外星人,wàixīngrén,N,7-9,4-1-2,4-1-2,,False,https://forvo.com/word/外星人/#zh
L7-4240,外形,外形,wàixíng,N,7-9,4-2,4-2,,False,https://forvo.com/word/外形/#zh
L7-4241,外援,外援,wàiyuán,N,7-9,4-2,4-2,,False,https://forvo.com/word/外援/#zh
L7-4242,丸,丸,wán,N/M,7-9,2,2,,False,https://forvo.com/word/丸/#zh
L7-4243,完备,完備,wánbèi,Adj,7-9,2-4,2-4,,False,https://forvo.com/word/完备/#zh
L7-4244,完毕,完畢,wánbì,V,7-9,2-4,2-4,,False,https://forvo.com/word/完毕/#zh
L7-4245,完蛋,完蛋,wándàn,,7-9,2-4,2-4,,False,https://forvo.com/word/完蛋/#zh
L7-4246,完好,完好,wánhǎo,Adj,7-9,2-3,2-3,,False,https://forvo.com/word/完好/#zh
L7-4247,玩耍,玩耍,wánshuǎ,V,7-9,2-3,2-3,,False,https://forvo.com/word/玩耍/#zh
L7-4248,玩意儿,玩意兒,wányìr,N,7-9,2-4-N,2-4-N,neutral_tone,False,https://forvo.com/word/玩意儿/#zh
L7-4249,顽固,頑固,wángù,Adj,7-9,2-4,2-4,,False,https://forvo.com/word/顽固/#zh
L7-4250,挽,挽,wǎn,V,7-9,3,3,,False,https://forvo.com/word/挽/#zh
L7-4251,挽回,挽回,wǎnhuí,V,7-9,3-2,3-2,,False,https://forvo.com/word/挽回/#zh
L7-4252,挽救,挽救,wǎnjiù,V,7-9,3-4,3-4,,False,https://forvo.com/word/挽救/#zh
L7-4253,晚间,晚間,wǎnjiān,N,7-9,3-1,3-1,,False,https://forvo.com/word/晚间/#zh
L7-4254,晚年,晚年,wǎnnián,N,7-9,3-2,3-2,,False,https://forvo.com/word/晚年/#zh
L7-4255,晚期,晚期,wǎnqī,N,7-9,3-1,3-1,,False,https://forvo.com/word/晚期/#zh
L7-4256,惋惜,惋惜,wǎnxī,Adj,7-9,3-1,3-1,,False,https://forvo.com/word/惋惜/#zh
L7-4257,万分,萬分,wànfēn,Adv,7-9,4-1,4-1,,False,https://forvo.com/word/万分/#zh
L7-4258,万古长青,萬古長青,wàngǔ-chángqīng,,7-9,4-3-2-1,4-3-2-1,,False,https://forvo.com/word/万古长青/#zh
L7-4259,万能,萬能,wànnéng,Adj,7-9,4-2,4-2,,False,https://forvo.com/word/万能/#zh
L7-4260,万万,萬萬,wànwàn,Adv,7-9,4-4,4-4,,False,https://forvo.com/word/万万/#zh
L7-4261,万无一失,萬無一失,wànwú-yīshī,,7-9,4-2-1-1,4-2-4-1,yi_before_non_t4,False,https://forvo.com/word/万无一失/#zh
L7-4262,汪洋,汪洋,wāngyáng,Adj,7-9,1-2,1-2,,False,https://forvo.com/word/汪洋/#zh
L7-4263,亡羊补牢,亡羊補牢,wángyáng-bǔláo,,7-9,2-2-3-2,2-2-3-2,,False,https://forvo.com/word/亡羊补牢/#zh
L7-4264,王国,王國,wángguó,N,7-9,2-2,2-2,,False,https://forvo.com/word/王国/#zh
L7-4265,王牌,王牌,wángpái,N,7-9,2-2,2-2,,False,https://forvo.com/word/王牌/#zh
L7-4266,网点,網點,wǎngdiǎn,N,7-9,3-3,2-3,third_tone_sandhi,False,https://forvo.com/word/网点/#zh
L7-4267,网民,網民,wǎngmín,N,7-9,3-2,3-2,,False,https://forvo.com/word/网民/#zh
L7-4268,往常,往常,wǎngcháng,N,7-9,3-2,3-2,,False,https://forvo.com/word/往常/#zh
L7-4269,往返,往返,wǎngfǎn,V,7-9,3-3,2-3,third_tone_sandhi,False,https://forvo.com/word/往返/#zh
L7-4270,往日,往日,wǎngrì,N,7-9,3-4,3-4,,False,https://forvo.com/word/往日/#zh
L7-4271,往事,往事,wǎngshì,N,7-9,3-4,3-4,,False,https://forvo.com/word/往事/#zh
L7-4272,妄想,妄想,wàngxiǎng,V/N,7-9,4-3,4-3,,False,https://forvo.com/word/妄想/#zh
L7-4273,忘不了,忘不了,wàng bu liǎo,,7-9,4-4-3,4-4-3,,False,https://forvo.com/word/忘不了/#zh
L7-4274,忘掉,忘掉,wàngdiào,,7-9,4-4,4-4,,False,https://forvo.com/word/忘掉/#zh
L7-4275,旺,旺,wàng,Adj,7-9,4,4,,False,https://forvo.com/word/旺/#zh
L7-4276,旺季,旺季,wàngjì,N,7-9,4-4,4-4,,False,https://forvo.com/word/旺季/#zh
L7-4277,旺盛,旺盛,wàngshèng,Adj,7-9,4-4,4-4,,False,https://forvo.com/word/旺盛/#zh
L7-4278,望,望,wàng,V,7-9,4,4,,False,https://forvo.com/word/望/#zh
L7-4279,望远镜,望遠鏡,wàngyuǎnjìng,N,7-9,4-3-4,4-3-4,,False,https://forvo.com/word/望远镜/#zh
L7-4280,危及,危及,wēijí,V,7-9,1-2,1-2,,False,https://forvo.com/word/危及/#zh
L7-4281,危急,危急,wēijí,Adj,7-9,1-2,1-2,,False,https://forvo.com/word/危急/#zh
L7-4282,威风,威風,wēifēng,N/Adj,7-9,1-1,1-1,,False,https://forvo.com/word/威风/#zh
L7-4283,威力,威力,wēilì,N,7-9,1-4,1-4,,False,https://forvo.com/word/威力/#zh
L7-4284,威慑,威懾,wēishè,V,7-9,1-4,1-4,,False,https://forvo.com/word/威慑/#zh
L7-4285,威信,威信,wēixìn,N,7-9,1-4,1-4,,False,https://forvo.com/word/威信/#zh
L7-4286,微不足道,微不足道,wēibùzúdào,,7-9,1-4-2-4,1-4-2-4,,False,https://forvo.com/word/微不足道/#zh
L7-4287,微观,微觀,wēiguān,Adj,7-9,1-1,1-1,,False,https://forvo.com/word/微观/#zh
L7-4288,微妙,微妙,wēimiào,Adj,7-9,1-4,1-4,,False,https://forvo.com/word/微妙/#zh
L7-4289,微弱,微弱,wēiruò,Adj,7-9,1-4,1-4,,False,https://forvo.com/word/微弱/#zh
L7-4290,微型,微型,wēixíng,Adj,7-9,1-2,1-2,,False,https://forvo.com/word/微型/#zh
L7-4291,为人,為人,wéirén,V/N,7-9,2-2,2-2,,False,https://forvo.com/word/为人/#zh
L7-4292,违背,違背,wéibèi,V,7-9,2-4,2-4,,False,https://forvo.com/word/违背/#zh
L7-4293,违约,違約,wéiyuē,,7-9,2-1,2-1,,False,https://forvo.com/word/违约/#zh
L7-4294,违章,違章,wéizhāng,,7-9,2-1,2-1,,False,https://forvo.com/word/违章/#zh
L7-4295,围墙,圍牆,wéiqiáng,N,7-9,2-2,2-2,,False,https://forvo.com/word/围墙/#zh
L7-4296,唯,唯,wéi,Adv,7-9,2,2,,False,https://forvo.com/word/唯/#zh
L7-4297,唯独,唯獨,wéidú,Adv,7-9,2-2,2-2,,False,https://forvo.com/word/唯独/#zh
L7-4298,伪造,偽造,wěizào,V,7-9,3-4,3-4,,False,https://forvo.com/word/伪造/#zh
L7-4299,伪装,偽裝,wěizhuāng,V/N,7-9,3-1,3-1,,False,https://forvo.com/word/伪装/#zh
L7-4300,尾气,尾氣,wěiqì,N,7-9,3-4,3-4,,False,https://forvo.com/word/尾气/#zh
L7-4301,尾声,尾聲,wěishēng,N,7-9,3-1,3-1,,False,https://forvo.com/word/尾声/#zh
L7-4302,纬度,緯度,wěidù,N,7-9,3-4,3-4,,False,https://forvo.com/word/纬度/#zh
L7-4303,委屈,委屈,wěiqu,Adj/V,7-9,3-N,3-N,neutral_tone,False,https://forvo.com/word/委屈/#zh
L7-4304,委婉,委婉,wěiwǎn,Adj,7-9,3-3,2-3,third_tone_sandhi,False,https://forvo.com/word/委婉/#zh
L7-4305,委员,委員,wěiyuán,N,7-9,3-2,3-2,,False,https://forvo.com/word/委员/#zh
L7-4306,委员会,委員會,wěiyuánhuì,N,7-9,3-2-4,3-2-4,,False,https://forvo.com/word/委员会/#zh
L7-4307,萎缩,萎縮,wěisuō,V,7-9,3-1,3-1,,False,https://forvo.com/word/萎缩/#zh
L7-4308,卫视,衛視,wèishì,N,7-9,4-4,4-4,,False,https://forvo.com/word/卫视/#zh
L7-4309,未,未,wèi,Adv,7-9,4,4,,False,https://forvo.com/word/未/#zh
L7-4310,未成年人,未成年人,wèichéngniánrén,N,7-9,4-2-2-2,4-2-2-2,,False,https://forvo.com/word/未成年人/#zh
L7-4311,未经,未經,wèijīng,V,7-9,4-1,4-1,,False,https://forvo.com/word/未经/#zh
L7-4312,未免,未免,wèimiǎn,Adv,7-9,4-3,4-3,,False,https://forvo.com/word/未免/#zh
L7-4313,未知数,未知數,wèizhīshù,N,7-9,4-1-4,4-1-4,,False,https://forvo.com/word/未知数/#zh
L7-4314,位子,位子,wèizi,N,7-9,4-N,4-N,neutral_tone,False,https://forvo.com/word/位子/#zh
L7-4315,味精,味精,wèijīng,N,7-9,4-1,4-1,,False,https://forvo.com/word/味精/#zh
L7-4316,畏惧,畏懼,wèijù,V,7-9,4-4,4-4,,False,https://forvo.com/word/畏惧/#zh
L7-4317,畏缩,畏縮,wèisuō,V,7-9,4-1,4-1,,False,https://forvo.com/word/畏缩/#zh
L7-4318,胃口,胃口,wèikǒu,N,7-9,4-3,4-3,,False,https://forvo.com/word/胃口/#zh
L7-4319,喂养,餵養,wèiyǎng,V,7-9,4-3,4-3,,False,https://forvo.com/word/喂养/#zh
L7-4320,慰劳,慰勞,wèiláo,V,7-9,4-2,4-2,,False,https://forvo.com/word/慰劳/#zh
L7-4321,温度计,溫度計,wēndùjì,N,7-9,1-4-4,1-4-4,,False,https://forvo.com/word/温度计/#zh
L7-4322,温泉,溫泉,wēnquán,N,7-9,1-2,1-2,,False,https://forvo.com/word/温泉/#zh
L7-4323,温柔,溫柔,wēnróu,Adj,7-9,1-2,1-2,,False,https://forvo.com/word/温柔/#zh
L7-4324,温室,溫室,wēnshì,N,7-9,1-4,1-4,,False,https://forvo.com/word/温室/#zh
L7-4325,温习,溫習,wēnxí,V,7-9,1-2,1-2,,False,https://forvo.com/word/温习/#zh
L7-4326,温馨,溫馨,wēnxīn,Adj,7-9,1-1,1-1,,False,https://forvo.com/word/温馨/#zh
L7-4327,瘟疫,瘟疫,wēnyì,N,7-9,1-4,1-4,,False,https://forvo.com/word/瘟疫/#zh
L7-4328,文,文,wén,N,7-9,2,2,,False,https://forvo.com/word/文/#zh
L7-4329,文具,文具,wénjù,N,7-9,2-4,2-4,,False,https://forvo.com/word/文具/#zh
L7-4330,文科,文科,wénkē,N,7-9,2-1,2-1,,False,https://forvo.com/word/文科/#zh
L7-4331,文盲,文盲,wénmáng,N,7-9,2-2,2-2,,False,https://forvo.com/word/文盲/#zh
L7-4332,文凭,文憑,wénpíng,N,7-9,2-2,2-2,,False,https://forvo.com/word/文凭/#zh
L7-4333,文人,文人,wénrén,N,7-9,2-2,2-2,,False,https://forvo.com/word/文人/#zh
L7-4334,文物,文物,wénwù,N,7-9,2-4,2-4,,False,https://forvo.com/word/文物/#zh
L7-4335,文献,文獻,wénxiàn,N,7-9,2-4,2-4,,False,https://forvo.com/word/文献/#zh
L7-4336,文雅,文雅,wényǎ,Adj,7-9,2-3,2-3,,False,https://forvo.com/word/文雅/#zh
L7-4337,闻名,聞名,wénmíng,V,7-9,2-2,2-2,,False,https://forvo.com/word/闻名/#zh
L7-4338,蚊帐,蚊帳,wénzhàng,N,7-9,2-4,2-4,,False,https://forvo.com/word/蚊帐/#zh
L7-4339,蚊子,蚊子,wénzi,N,7-9,2-N,2-N,neutral_tone,False,https://forvo.com/word/蚊子/#zh
L7-4340,吻,吻,wěn,N/V,7-9,3,3,,False,https://forvo.com/word/吻/#zh
L7-4341,吻合,吻合,wěnhé,Adj,7-9,3-2,3-2,,False,https://forvo.com/word/吻合/#zh
L7-4342,紊乱,紊亂,wěnluàn,Adj,7-9,3-4,3-4,,False,https://forvo.com/word/紊乱/#zh
L7-4343,稳固,穩固,wěngù,Adj/V,7-9,3-4,3-4,,False,https://forvo.com/word/稳固/#zh
L7-4344,稳健,穩健,wěnjiàn,Adj,7-9,3-4,3-4,,False,https://forvo.com/word/稳健/#zh
L7-4345,稳妥,穩妥,wěntuǒ,Adj,7-9,3-3,2-3,third_tone_sandhi,False,https://forvo.com/word/稳妥/#zh
L7-4346,稳重,穩重,wěnzhòng,Adj,7-9,3-4,3-4,,False,https://forvo.com/word/稳重/#zh
L7-4347,问卷,問卷,wènjuàn,N,7-9,4-4,4-4,,False,https://forvo.com/word/问卷/#zh
L7-4348,问世,問世,wènshì,V,7-9,4-4,4-4,,False,https://forvo.com/word/问世/#zh
L7-4349,窝,窩,wō,N,7-9,1,1,,False,https://forvo.com/word/窝/#zh
L7-4350,卧,臥,wò,V,7-9,4,4,,False,https://forvo.com/word/卧/#zh
L7-4351,污秽,污穢,wūhuì,Adj/N,7-9,1-4,1-4,,False,https://forvo.com/word/污秽/#zh
L7-4352,巫婆,巫婆,wūpó,N,7-9,1-2,1-2,,False,https://forvo.com/word/巫婆/#zh
L7-4353,呜咽,嗚咽,wūyè,V,7-9,1-4,1-4,,False,https://forvo.com/word/呜咽/#zh
L7-4354,屋顶,屋頂,wūdǐng,N,7-9,1-3,1-3,,False,https://forvo.com/word/屋顶/#zh
L7-4355,无比,無比,wúbǐ,V,7-9,2-3,2-3,,False,https://forvo.com/word/无比/#zh
L7-4356,无不,無不,wúbù,Adv,7-9,2-4,2-4,,False,https://forvo.com/word/无不/#zh
L7-4357,无偿,無償,wúcháng,Adj,7-9,2-2,2-2,,False,https://forvo.com/word/无偿/#zh
L7-4358,无敌,無敵,wúdí,V,7-9,2-2,2-2,,False,https://forvo.com/word/无敌/#zh
L7-4359,无恶不作,無惡不作,wú'è-bùzuò,,7-9,2-4-4-4,2-4-2-4,bu_before_t4,False,https://forvo.com/word/无恶不作/#zh
L7-4360,无非,無非,wúfēi,Adv,7-9,2-1,2-1,,False,https://forvo.com/word/无非/#zh
L7-4361,无辜,無辜,wúgū,Adj/N,7-9,2-1,2-1,,False,https://forvo.com/word/无辜/#zh
L7-4362,无故,無故,wúgù,Adv,7-9,2-4,2-4,,False,https://forvo.com/word/无故/#zh
L7-4363,无关紧要,無關緊要,wúguān-jǐnyào,,7-9,2-1-3-4,2-1-3-4,,False,https://forvo.com/word/无关紧要/#zh
L7-4364,无话可说,無話可說,wúhuà-kěshuō,,7-9,2-4-3-1,2-4-3-1,,False,https://forvo.com/word/无话可说/#zh
L7-4365,无济于事,無濟於事,wújìyúshì,,7-9,2-4-2-4,2-4-2-4,,False,https://forvo.com/word/无济于事/#zh
L7-4366,无家可归,無家可歸,wújiā-kěguī,,7-9,2-1-3-1,2-1-3-1,,False,https://forvo.com/word/无家可归/#zh
L7-4367,无精打采,無精打采,wújīng-dǎcǎi,,7-9,2-1-3-3,2-1-2-3,third_tone_sandhi,False,https://forvo.com/word/无精打采/#zh
L7-4368,无可奉告,無可奉告,wúkěfènggào,,7-9,2-3-4-4,2-3-4-4,,False,https://forvo.com/word/无可奉告/#zh
L7-4369,无可厚非,無可厚非,wúkěhòufēi,,7-9,2-3-4-1,2-3-4-1,,False,https://forvo.com/word/无可厚非/#zh
L7-4370,无可奈何,無可奈何,wúkěnàihé,,7-9,2-3-4-2,2-3-4-2,,False,https://forvo.com/word/无可奈何/#zh
L7-4371,无理,無理,wúlǐ,V,7-9,2-3,2-3,,False,https://forvo.com/word/无理/#zh
L7-4372,无力,無力,wúlì,V,7-9,2-4,2-4,,False,https://forvo.com/word/无力/#zh
L7-4373,无论如何,無論如何,wúlùn-rúhé,,7-9,2-4-2-2,2-4-2-2,,False,https://forvo.com/word/无论如何/#zh
L7-4374,无能,無能,wúnéng,Adj,7-9,2-2,2-2,,False,https://forvo.com/word/无能/#zh
L7-4375,无能为力,無能為力,wúnéngwéilì,,7-9,2-2-2-4,2-2-2-4,,False,https://forvo.com/word/无能为力/#zh
L7-4376,无情,無情,wúqíng,Adj,7-9,2-2,2-2,,False,https://forvo.com/word/无情/#zh
L7-4377,无情无义,無情無義,wúqíng-wúyì,,7-9,2-2-2-4,2-2-2-4,,False,https://forvo.com/word/无情无义/#zh
L7-4378,无穷,無窮,wúqióng,V,7-9,2-2,2-2,,False,https://forvo.com/word/无穷/#zh
L7-4379,无私,無私,wúsī,Adj,7-9,2-1,2-1,,False,https://forvo.com/word/无私/#zh
L7-4380,无所事事,無所事事,wúsuǒshìshì,,7-9,2-3-4-4,2-3-4-4,,False,https://forvo.com/word/无所事事/#zh
L7-4381,无所作为,無所作為,wúsuǒzuòwéi,,7-9,2-3-4-2,2-3-4-2,,False,https://forvo.com/word/无所作为/#zh
L7-4382,无条件,無條件,wútiáojiàn,V,7-9,2-2-4,2-2-4,,False,https://forvo.com/word/无条件/#zh
L7-4383,无微不至,無微不至,wúwēi-bùzhì,,7-9,2-1-4-4,2-1-2-4,bu_before_t4,False,https://forvo.com/word/无微不至/#zh
L7-4384,无线,無線,wúxiàn,Adj,7-9,2-4,2-4,,False,https://forvo.com/word/无线/#zh
L7-4385,无线电,無線電,wúxiàndiàn,N,7-9,2-4-4,2-4-4,,False,https://forvo.com/word/无线电/#zh
L7-4386,无形,無形,wúxíng,Adj,7-9,2-2,2-2,,False,https://forvo.com/word/无形/#zh
L7-4387,无形中,無形中,wúxíngzhōng,Adv,7-9,2-2-1,2-2-1,,False,https://forvo.com/word/无形中/#zh
L7-4388,无须,無須,wúxū,Adv,7-9,2-1,2-1,,False,https://forvo.com/word/无须/#zh
L7-4389,无意,無意,wúyì,V/Adv,7-9,2-4,2-4,,False,https://forvo.com/word/无意/#zh
L7-4390,无忧无虑,無憂無慮,wúyōu-wúlǜ,,7-9,2-1-2-4,2-1-2-4,,False,https://forvo.com/word/无忧无虑/#zh
L7-4391,无缘,無緣,wúyuán,V/Adv,7-9,2-2,2-2,,False,https://forvo.com/word/无缘/#zh
L7-4392,无知,無知,wúzhī,Adj,7-9,2-1,2-1,,False,https://forvo.com/word/无知/#zh
L7-4393,无足轻重,無足輕重,wúzú-qīngzhòng,,7-9,2-2-1-4,2-2-1-4,,False,https://forvo.com/word/无足轻重/#zh
L7-4394,五花八门,五花八門,wǔhuā-bāmén,,7-9,3-1-1-2,3-1-1-2,,False,https://forvo.com/word/五花八门/#zh
L7-4395,五星级,五星級,wǔxīngjí,Adj,7-9,3-1-2,3-1-2,,False,https://forvo.com/word/五星级/#zh
L7-4396,武力,武力,wǔlì,N,7-9,3-4,3-4,,False,https://forvo.com/word/武力/#zh
L7-4397,武装,武裝,wǔzhuāng,N/V,7-9,3-1,3-1,,False,https://forvo.com/word/武装/#zh
L7-4398,侮辱,侮辱,wǔrǔ,V,7-9,3-3,2-3,third_tone_sandhi,False,https://forvo.com/word/侮辱/#zh
L7-4399,捂,捂,wǔ,V,7-9,3,3,,False,https://forvo.com/word/捂/#zh
L7-4400,舞厅,舞廳,wǔtīng,N,7-9,3-1,3-1,,False,https://forvo.com/word/舞厅/#zh
L7-4401,勿,勿,wù,Adv,7-9,4,4,,False,https://forvo.com/word/勿/#zh
L7-4402,务必,務必,wùbì,Adv,7-9,4-4,4-4,,False,https://forvo.com/word/务必/#zh
L7-4403,务实,務實,wùshí,Adj,7-9,4-2,4-2,,False,https://forvo.com/word/务实/#zh
L7-4404,物流,物流,wùliú,N,7-9,4-2,4-2,,False,https://forvo.com/word/物流/#zh
L7-4405,物体,物體,wùtǐ,N,7-9,4-3,4-3,,False,https://forvo.com/word/物体/#zh
L7-4406,物证,物證,wùzhèng,N,7-9,4-4,4-4,,False,https://forvo.com/word/物证/#zh
L7-4407,物资,物資,wùzī,N,7-9,4-1,4-1,,False,https://forvo.com/word/物资/#zh
L7-4408,误差,誤差,wùchā,N,7-9,4-1,4-1,,False,https://forvo.com/word/误差/#zh
L7-4409,误导,誤導,wùdǎo,V,7-9,4-3,4-3,,False,https://forvo.com/word/误导/#zh
L7-4410,误区,誤區,wùqū,N,7-9,4-1,4-1,,False,https://forvo.com/word/误区/#zh
L7-4411,雾,霧,wù,N,7-9,4,4,,False,https://forvo.com/word/雾/#zh
L7-4412,吸纳,吸納,xīnà,V,7-9,1-4,1-4,,False,https://forvo.com/word/吸纳/#zh
L7-4413,吸取,吸取,xīqǔ,V,7-9,1-3,1-3,,False,https://forvo.com/word/吸取/#zh
L7-4414,昔日,昔日,xīrì,N,7-9,1-4,1-4,,False,https://forvo.com/word/昔日/#zh
L7-4415,息息相关,息息相關,xīxī-xiāngguān,,7-9,1-1-1-1,1-1-1-1,,False,https://forvo.com/word/息息相关/#zh
L7-4416,稀,稀,xī,Adj,7-9,1,1,,False,https://forvo.com/word/稀/#zh
L7-4417,稀罕,稀罕,xīhan,Adj/V,7-9,1-N,1-N,neutral_tone,False,https://forvo.com/word/稀罕/#zh
L7-4418,稀奇,稀奇,xīqí,Adj,7-9,1-2,1-2,,False,https://forvo.com/word/稀奇/#zh
L7-4419,稀少,稀少,xīshǎo,Adj,7-9,1-3,1-3,,False,https://forvo.com/word/稀少/#zh
L7-4420,锡,錫,xī,N,7-9,1,1,,False,https://forvo.com/word/锡/#zh
L7-4421,熙熙攘攘,熙熙攘攘,xīxī-rǎngrǎng,Adj,7-9,1-1-3-3,1-1-2-3,third_tone_sandhi,False,https://forvo.com/word/熙熙攘攘/#zh
L7-4422,熄火,熄火,xīhuǒ,,7-9,1-3,1-3,,False,https://forvo.com/word/熄火/#zh
L7-4423,膝盖,膝蓋,xīgài,N,7-9,1-4,1-4,,False,https://forvo.com/word/膝盖/#zh
L7-4424,嬉笑,嬉笑,xīxiào,V,7-9,1-4,1-4,,False,https://forvo.com/word/嬉笑/#zh
L7-4425,习俗,習俗,xísú,N,7-9,2-2,2-2,,False,https://forvo.com/word/习俗/#zh
L7-4426,席,席,xí,N,7-9,2,2,,False,https://forvo.com/word/席/#zh
L7-4427,席位,席位,xíwèi,N,7-9,2-4,2-4,,False,https://forvo.com/word/席位/#zh
L7-4428,袭击,襲擊,xíjī,V,7-9,2-1,2-1,,False,https://forvo.com/word/袭击/#zh
L7-4429,媳妇,媳婦,xífu,N,7-9,2-4,2-4,,False,https://forvo.com/word/媳妇/#zh
L7-4430,洗涤剂,洗滌劑,xǐdíjì,N,7-9,3-2-4,3-2-4,,False,https://forvo.com/word/洗涤剂/#zh
L7-4431,洗礼,洗禮,xǐlǐ,N,7-9,3-3,2-3,third_tone_sandhi,False,https://forvo.com/word/洗礼/#zh
L7-4432,喜出望外,喜出望外,xǐchūwàngwài,,7-9,3-1-4-4,3-1-4-4,,False,https://forvo.com/word/喜出望外/#zh
L7-4433,喜好,喜好,xǐhào,V/N,7-9,3-4,3-4,,False,https://forvo.com/word/喜好/#zh
L7-4434,喜酒,喜酒,xǐjiǔ,N,7-9,3-3,2-3,third_tone_sandhi,False,https://forvo.com/word/喜酒/#zh
L7-4435,喜怒哀乐,喜怒哀樂,xǐ-nù-āi-lè,,7-9,3-4-1-4,3-4-1-4,,False,https://forvo.com/word/喜怒哀乐/#zh
L7-4436,喜庆,喜慶,xǐqìng,Adj/N,7-9,3-4,3-4,,False,https://forvo.com/word/喜庆/#zh
L7-4437,喜事,喜事,xǐshì,N,7-9,3-4,3-4,,False,https://forvo.com/word/喜事/#zh
L7-4438,喜糖,喜糖,xǐtáng,N,7-9,3-2,3-2,,False,https://forvo.com/word/喜糖/#zh
L7-4439,喜洋洋,喜洋洋,xǐyángyáng,Adj,7-9,3-2-2,3-2-2,,False,https://forvo.com/word/喜洋洋/#zh
L7-4440,喜悦,喜悅,xǐyuè,Adj,7-9,3-4,3-4,,False,https://forvo.com/word/喜悦/#zh
L7-4441,细腻,細膩,xìnì,Adj,7-9,4-4,4-4,,False,https://forvo.com/word/细腻/#zh
L7-4442,细微,細微,xìwēi,Adj,7-9,4-1,4-1,,False,https://forvo.com/word/细微/#zh
L7-4443,细心,細心,xìxīn,Adj,7-9,4-1,4-1,,False,https://forvo.com/word/细心/#zh
L7-4444,虾,蝦,xiā,N,7-9,1,1,,False,https://forvo.com/word/虾/#zh
L7-4445,瞎,瞎,xiā,V/Adv,7-9,1,1,,False,https://forvo.com/word/瞎/#zh
L7-4446,侠义,俠義,xiáyì,Adj,7-9,2-4,2-4,,False,https://forvo.com/word/侠义/#zh
L7-4447,峡谷,峽谷,xiágǔ,N,7-9,2-3,2-3,,False,https://forvo.com/word/峡谷/#zh
L7-4448,狭隘,狹隘,xiá'ài,Adj,7-9,2-4,2-4,,False,https://forvo.com/word/狭隘/#zh
L7-4449,狭小,狹小,xiáxiǎo,Adj,7-9,2-3,2-3,,False,https://forvo.com/word/狭小/#zh
L7-4450,狭窄,狹窄,xiázhǎi,Adj,7-9,2-3,2-3,,False,https://forvo.com/word/狭窄/#zh
L7-4451,下场,下場,xiàchǎng,N,7-9,4-3,4-3,,False,https://forvo.com/word/下场/#zh
L7-4452,下跌,下跌,xiàdiē,V,7-9,4-1,4-1,,False,https://forvo.com/word/下跌/#zh
L7-4453,下岗,下崗,xiàgǎng,,7-9,4-3,4-3,,False,https://forvo.com/word/下岗/#zh
L7-4454,下功夫,下功夫,xià gōngfu,,7-9,4-1-N,4-1-N,neutral_tone,False,https://forvo.com/word/下功夫/#zh
L7-4455,下海,下海,xiàhǎi,,7-9,4-3,4-3,,False,https://forvo.com/word/下海/#zh
L7-4456,下级,下級,xiàjí,N,7-9,4-2,4-2,,False,https://forvo.com/word/下级/#zh
L7-4457,下决心,下決心,xià juéxīn,,7-9,4-2-1,4-2-1,,False,https://forvo.com/word/下决心/#zh
L7-4458,下令,下令,xiàlìng,,7-9,4-4,4-4,,False,https://forvo.com/word/下令/#zh
L7-4459,下落,下落,xiàluò,N,7-9,4-4,4-4,,False,https://forvo.com/word/下落/#zh
L7-4460,下期,下期,xià qī,,7-9,4-1,4-1,,False,https://forvo.com/word/下期/#zh
L7-4461,下棋,下棋,xiàqí,,7-9,4-2,4-2,,False,https://forvo.com/word/下棋/#zh
L7-4462,下山,下山,xiàshān,,7-9,4-1,4-1,,False,https://forvo.com/word/下山/#zh
L7-4463,下手,下手,xiàshǒu,,7-9,4-3,4-3,,False,https://forvo.com/word/下手/#zh
L7-4464,下属,下屬,xiàshǔ,N,7-9,4-3,4-3,,False,https://forvo.com/word/下属/#zh
L7-4465,下台,下臺,xiàtái,,7-9,4-2,4-2,,False,https://forvo.com/word/下台/#zh
L7-4466,下调,下調,xiàtiáo,V,7-9,4-2,4-2,,False,https://forvo.com/word/下调/#zh
L7-4467,下乡,下鄉,xiàxiāng,,7-9,4-1,4-1,,False,https://forvo.com/word/下乡/#zh
L7-4468,下旬,下旬,xiàxún,N,7-9,4-2,4-2,,False,https://forvo.com/word/下旬/#zh
L7-4469,下一代,下一代,xià yī dài,,7-9,4-1-4,4-2-4,yi_before_t4,False,https://forvo.com/word/下一代/#zh
L7-4470,下意识,下意識,xiàyìshí,N/Adv,7-9,4-4-2,4-4-2,,False,https://forvo.com/word/下意识/#zh
L7-4471,下游,下游,xiàyóu,N,7-9,4-2,4-2,,False,https://forvo.com/word/下游/#zh
L7-4472,下坠,下墜,xiàzhuì,V,7-9,4-4,4-4,,False,https://forvo.com/word/下坠/#zh
L7-4473,吓唬,嚇唬,xiàhu,V,7-9,4-N,4-N,neutral_tone,False,https://forvo.com/word/吓唬/#zh
L7-4474,吓人,嚇人,xiàrén,,7-9,4-2,4-2,,False,https://forvo.com/word/吓人/#zh
L7-4475,夏令营,夏令營,xiàlìngyíng,N,7-9,4-4-2,4-4-2,,False,https://forvo.com/word/夏令营/#zh
L7-4476,仙鹤,仙鶴,xiānhè,N,7-9,1-4,1-4,,False,https://forvo.com/word/仙鹤/#zh
L7-4477,仙女,仙女,xiānnǚ,N,7-9,1-3,1-3,,False,https://forvo.com/word/仙女/#zh
L7-4478,先例,先例,xiānlì,N,7-9,1-4,1-4,,False,https://forvo.com/word/先例/#zh
L7-4479,先天,先天,xiāntiān,N,7-9,1-1,1-1,,False,https://forvo.com/word/先天/#zh
L7-4480,纤维,纖維,xiānwéi,N,7-9,1-2,1-2,,False,https://forvo.com/word/纤维/#zh
L7-4481,掀,掀,xiān,V,7-9,1,1,,False,https://forvo.com/word/掀/#zh
L7-4482,掀起,掀起,xiānqǐ,V,7-9,1-3,1-3,,False,https://forvo.com/word/掀起/#zh
L7-4483,鲜活,鮮活,xiānhuó,Adj,7-9,1-2,1-2,,False,https://forvo.com/word/鲜活/#zh
L7-4484,鲜美,鮮美,xiānměi,Adj,7-9,1-3,1-3,,False,https://forvo.com/word/鲜美/#zh
L7-4485,鲜血,鮮血,xiānxuè,N,7-9,1-4,1-4,,False,https://forvo.com/word/鲜血/#zh
L7-4486,弦,弦,xián,N,7-9,2,2,,False,https://forvo.com/word/弦/#zh
L7-4487,衔接,銜接,xiánjiē,V,7-9,2-1,2-1,,False,https://forvo.com/word/衔接/#zh
L7-4488,嫌弃,嫌棄,xiánqì,V,7-9,2-4,2-4,,False,https://forvo.com/word/嫌弃/#zh
L7-4489,嫌疑,嫌疑,xiányí,N,7-9,2-2,2-2,,False,https://forvo.com/word/嫌疑/#zh
L7-4490,显而易见,顯而易見,xiǎn'éryìjiàn,,7-9,3-2-4-4,3-2-4-4,,False,https://forvo.com/word/显而易见/#zh
L7-4491,显赫,顯赫,xiǎnhè,Adj,7-9,3-4,3-4,,False,https://forvo.com/word/显赫/#zh
L7-4492,显示器,顯示器,xiǎnshìqì,N,7-9,3-4-4,3-4-4,,False,https://forvo.com/word/显示器/#zh
L7-4493,显现,顯現,xiǎnxiàn,V,7-9,3-4,3-4,,False,https://forvo.com/word/显现/#zh
L7-4494,显眼,顯眼,xiǎnyǎn,Adj,7-9,3-3,2-3,third_tone_sandhi,False,https://forvo.com/word/显眼/#zh
L7-4495,现成,現成,xiànchéng,Adj,7-9,4-2,4-2,,False,https://forvo.com/word/现成/#zh
L7-4496,现任,現任,xiànrèn,V/Adj,7-9,4-4,4-4,,False,https://forvo.com/word/现任/#zh
L7-4497,现行,現行,xiànxíng,Adj,7-9,4-2,4-2,,False,https://forvo.com/word/现行/#zh
L7-4498,限,限,xiàn,V,7-9,4,4,,False,https://forvo.com/word/限/#zh
L7-4499,限定,限定,xiàndìng,V,7-9,4-4,4-4,,False,https://forvo.com/word/限定/#zh
L7-4500,限度,限度,xiàndù,N,7-9,4-4,4-4,,False,https://forvo.com/word/限度/#zh
L7-4501,限于,限於,xiànyú,V,7-9,4-2,4-2,,False,https://forvo.com/word/限于/#zh
L7-4502,线条,線條,xiàntiáo,N,7-9,4-2,4-2,,False,https://forvo.com/word/线条/#zh
L7-4503,宪法,憲法,xiànfǎ,N,7-9,4-3,4-3,,False,https://forvo.com/word/宪法/#zh
L7-4504,陷,陷,xiàn,V,7-9,4,4,,False,https://forvo.com/word/陷/#zh
L7-4505,陷阱,陷阱,xiànjǐng,N,7-9,4-3,4-3,,False,https://forvo.com/word/陷阱/#zh
L7-4506,馅儿,餡兒,xiànr,N,7-9,4-N,4-N,neutral_tone,False,https://forvo.com/word/馅儿/#zh
L7-4507,羡慕,羨慕,xiànmù,V,7-9,4-4,4-4,,False,https://forvo.com/word/羡慕/#zh
L7-4508,献血,獻血,xiànxiě,V,7-9,4-4,4-4,,False,https://forvo.com/word/献血/#zh
L7-4509,腺,腺,xiàn,N,7-9,4,4,,False,https://forvo.com/word/腺/#zh
L7-4510,乡亲,鄉親,xiāngqīn,N,7-9,1-1,1-1,,False,https://forvo.com/word/乡亲/#zh
L7-4511,乡下,鄉下,xiāngxia,N,7-9,1-N,1-N,neutral_tone,False,https://forvo.com/word/乡下/#zh
L7-4512,相伴,相伴,xiāngbàn,V,7-9,1-4,1-4,,False,https://forvo.com/word/相伴/#zh
L7-4513,相比之下,相比之下,xiāngbǐ zhī xià,,7-9,1-3-1-4,1-3-1-4,,False,https://forvo.com/word/相比之下/#zh
L7-4514,相差,相差,xiāngchà,V,7-9,1-4,1-4,,False,https://forvo.com/word/相差/#zh
L7-4515,相传,相傳,xiāngchuán,V,7-9,1-2,1-2,,False,https://forvo.com/word/相传/#zh
L7-4516,相当于,相當於,xiāngdāngyú,V,7-9,1-1-2,1-1-2,,False,https://forvo.com/word/相当于/#zh
L7-4517,相对,相對,xiāngduì,V/Adj,7-9,1-4,1-4,,False,https://forvo.com/word/相对/#zh
L7-4518,相对而言,相對而言,xiāngduì-éryán,,7-9,1-4-2-2,1-4-2-2,,False,https://forvo.com/word/相对而言/#zh
L7-4519,相辅相成,相輔相成,xiāngfǔ-xiāngchéng,,7-9,1-3-1-2,1-3-1-2,,False,https://forvo.com/word/相辅相成/#zh
L7-4520,相继,相繼,xiāngjì,Adv,7-9,1-4,1-4,,False,https://forvo.com/word/相继/#zh
L7-4521,相连,相連,xiānglián,V,7-9,1-2,1-2,,False,https://forvo.com/word/相连/#zh
L7-4522,相识,相識,xiāngshí,V,7-9,1-2,1-2,,False,https://forvo.com/word/相识/#zh
L7-4523,相提并论,相提並論,xiāngtí-bìnglùn,,7-9,1-2-4-4,1-2-4-4,,False,https://forvo.com/word/相提并论/#zh
L7-4524,相通,相通,xiāngtōng,V,7-9,1-1,1-1,,False,https://forvo.com/word/相通/#zh
L7-4525,相依为命,相依為命,xiāngyī-wéimìng,,7-9,1-1-2-4,1-1-2-4,,False,https://forvo.com/word/相依为命/#zh
L7-4526,相遇,相遇,xiāngyù,V,7-9,1-4,1-4,,False,https://forvo.com/word/相遇/#zh
L7-4527,相约,相約,xiāngyuē,V,7-9,1-1,1-1,,False,https://forvo.com/word/相约/#zh
L7-4528,香料,香料,xiāngliào,N,7-9,1-4,1-4,,False,https://forvo.com/word/香料/#zh
L7-4529,香水,香水,xiāngshuǐ,N,7-9,1-3,1-3,,False,https://forvo.com/word/香水/#zh
L7-4530,香味,香味,xiāngwèi,N,7-9,1-4,1-4,,False,https://forvo.com/word/香味/#zh
L7-4531,香烟,香煙,xiāngyān,N,7-9,1-1,1-1,,False,https://forvo.com/word/香烟/#zh
L7-4532,香油,香油,xiāngyóu,N,7-9,1-2,1-2,,False,https://forvo.com/word/香油/#zh
L7-4533,镶,鑲,xiāng,V,7-9,1,1,,False,https://forvo.com/word/镶/#zh
L7-4534,镶嵌,鑲嵌,xiāngqiàn,V,7-9,1-4,1-4,,False,https://forvo.com/word/镶嵌/#zh
L7-4535,详尽,詳盡,xiángjìn,Adj,7-9,2-4,2-4,,False,https://forvo.com/word/详尽/#zh
L7-4536,祥和,祥和,xiánghé,Adj,7-9,2-2,2-2,,False,https://forvo.com/word/祥和/#zh
L7-4537,享,享,xiǎng,V,7-9,3,3,,False,https://forvo.com/word/享/#zh
L7-4538,享有,享有,xiǎngyǒu,V,7-9,3-3,2-3,third_tone_sandhi,False,https://forvo.com/word/享有/#zh
L7-4539,响亮,響亮,xiǎngliàng,Adj,7-9,3-4,3-4,,False,https://forvo.com/word/响亮/#zh
L7-4540,响起,響起,xiǎngqǐ,,7-9,3-3,2-3,third_tone_sandhi,False,https://forvo.com/word/响起/#zh
L7-4541,响应,響應,xiǎngyìng,V,7-9,3-4,3-4,,False,https://forvo.com/word/响应/#zh
L7-4542,想方设法,想方設法,xiǎngfāng-shèfǎ,,7-9,3-1-4-3,3-1-4-3,,False,https://forvo.com/word/想方设法/#zh
L7-4543,向来,向來,xiànglái,Adv,7-9,4-2,4-2,,False,https://forvo.com/word/向来/#zh
L7-4544,向往,嚮往,xiàngwǎng,V,7-9,4-3,4-3,,False,https://forvo.com/word/向往/#zh
L7-4545,向着,向著,xiàngzhe,V,7-9,4-N,4-N,neutral_tone,False,https://forvo.com/word/向着/#zh
L7-4546,项链,項鏈,xiàngliàn,N,7-9,4-4,4-4,,False,https://forvo.com/word/项链/#zh
L7-4547,像,像,xiàng,N,7-9,4,4,,False,https://forvo.com/word/像/#zh
L7-4548,像样,像樣,xiàngyàng,,7-9,4-4,4-4,,False,https://forvo.com/word/像样/#zh
L7-4549,橡胶,橡膠,xiàngjiāo,N,7-9,4-1,4-1,,False,https://forvo.com/word/橡胶/#zh
L7-4550,橡皮,橡皮,xiàngpí,N,7-9,4-2,4-2,,False,https://forvo.com/word/橡皮/#zh
L7-4551,削,削,xiāo,V,7-9,1,1,,False,https://forvo.com/word/削/#zh
L7-4552,消,消,xiāo,V,7-9,1,1,,False,https://forvo.com/word/消/#zh
L7-4553,消沉,消沉,xiāochén,Adj,7-9,1-2,1-2,,False,https://forvo.com/word/消沉/#zh
L7-4554,消遣,消遣,xiāoqiǎn,V,7-9,1-3,1-3,,False,https://forvo.com/word/消遣/#zh
L7-4555,萧条,蕭條,xiāotiáo,Adj,7-9,1-2,1-2,,False,https://forvo.com/word/萧条/#zh
L7-4556,销,銷,xiāo,V,7-9,1,1,,False,https://forvo.com/word/销/#zh
L7-4557,销毁,銷毀,xiāohuǐ,V,7-9,1-3,1-3,,False,https://forvo.com/word/销毁/#zh
L7-4558,销量,銷量,xiāoliàng,N,7-9,1-4,1-4,,False,https://forvo.com/word/销量/#zh
L7-4559,潇洒,瀟灑,xiāosǎ,Adj,7-9,1-3,1-3,,False,https://forvo.com/word/潇洒/#zh
L7-4560,小丑,小丑,xiǎochǒu,N,7-9,3-3,2-3,third_tone_sandhi,False,https://forvo.com/word/小丑/#zh
L7-4561,小贩,小販,xiǎofàn,N,7-9,3-4,3-4,,False,https://forvo.com/word/小贩/#zh
L7-4562,小看,小看,xiǎokàn,V,7-9,3-4,3-4,,False,https://forvo.com/word/小看/#zh
L7-4563,小康,小康,xiǎokāng,Adj,7-9,3-1,3-1,,False,https://forvo.com/word/小康/#zh
L7-4564,小路,小路,xiǎolù,N,7-9,3-4,3-4,,False,https://forvo.com/word/小路/#zh
L7-4565,小品,小品,xiǎopǐn,N,7-9,3-3,2-3,third_tone_sandhi,False,https://forvo.com/word/小品/#zh
L7-4566,小气,小氣,xiǎoqi,Adj,7-9,3-4,3-4,,False,https://forvo.com/word/小气/#zh
L7-4567,小区,小區,xiǎoqū,N,7-9,3-1,3-1,,False,https://forvo.com/word/小区/#zh
L7-4568,小曲,小曲,xiǎoqǔ,N,7-9,3-3,2-3,third_tone_sandhi,False,https://forvo.com/word/小曲/#zh
L7-4569,小人,小人,xiǎorén,N,7-9,3-2,3-2,,False,https://forvo.com/word/小人/#zh
L7-4570,小提琴,小提琴,xiǎotíqín,N,7-9,3-2-2,3-2-2,,False,https://forvo.com/word/小提琴/#zh
L7-4571,小溪,小溪,xiǎoxī,N,7-9,3-1,3-1,,False,https://forvo.com/word/小溪/#zh
L7-4572,小心翼翼,小心翼翼,xiǎoxīn-yìyì,,7-9,3-1-4-4,3-1-4-4,,False,https://forvo.com/word/小心翼翼/#zh
L7-4573,小卒,小卒,xiǎozú,N,7-9,3-2,3-2,,False,https://forvo.com/word/小卒/#zh
L7-4574,孝敬,孝敬,xiàojìng,V,7-9,4-4,4-4,,False,https://forvo.com/word/孝敬/#zh
L7-4575,孝顺,孝順,xiàoshùn,V,7-9,4-4,4-4,,False,https://forvo.com/word/孝顺/#zh
L7-4576,肖像,肖像,xiàoxiàng,N,7-9,4-4,4-4,,False,https://forvo.com/word/肖像/#zh
L7-4577,效仿,效仿,xiàofǎng,V,7-9,4-3,4-3,,False,https://forvo.com/word/效仿/#zh
L7-4578,效力,效力,xiàolì,N,7-9,4-4,4-4,,False,https://forvo.com/word/效力/#zh
L7-4579,效益,效益,xiàoyì,N,7-9,4-4,4-4,,False,https://forvo.com/word/效益/#zh
L7-4580,效应,效應,xiàoyìng,N,7-9,4-4,4-4,,False,https://forvo.com/word/效应/#zh
L7-4581,协定,協定,xiédìng,N/V,7-9,2-4,2-4,,False,https://forvo.com/word/协定/#zh
L7-4582,协同,協同,xiétóng,V,7-9,2-2,2-2,,False,https://forvo.com/word/协同/#zh
L7-4583,协作,協作,xiézuò,V,7-9,2-4,2-4,,False,https://forvo.com/word/协作/#zh
L7-4584,邪,邪,xié,Adj,7-9,2,2,,False,https://forvo.com/word/邪/#zh
L7-4585,邪恶,邪惡,xié'è,Adj,7-9,2-4,2-4,,False,https://forvo.com/word/邪恶/#zh
L7-4586,挟持,挾持,xiéchí,V,7-9,2-2,2-2,,False,https://forvo.com/word/挟持/#zh
L7-4587,携带,攜帶,xiédài,V,7-9,2-4,2-4,,False,https://forvo.com/word/携带/#zh
L7-4588,携手,攜手,xiéshǒu,V,7-9,2-3,2-3,,False,https://forvo.com/word/携手/#zh
L7-4589,写照,寫照,xiězhào,V/N,7-9,3-4,3-4,,False,https://forvo.com/word/写照/#zh
L7-4590,泄,洩,xiè,V,7-9,4,4,,False,https://forvo.com/word/泄/#zh
L7-4591,泄漏,洩漏,xièlòu,V,7-9,4-4,4-4,,False,https://forvo.com/word/泄漏/#zh
L7-4592,泄露,泄露,xièlòu,V,7-9,4-4,4-4,,False,https://forvo.com/word/泄露/#zh
L7-4593,泄密,洩密,xièmì,,7-9,4-4,4-4,,False,https://forvo.com/word/泄密/#zh
L7-4594,泄气,洩氣,xièqì,,7-9,4-4,4-4,,False,https://forvo.com/word/泄气/#zh
L7-4595,泻,瀉,xiè,V,7-9,4,4,,False,https://forvo.com/word/泻/#zh
L7-4596,卸,卸,xiè,V,7-9,4,4,,False,https://forvo.com/word/卸/#zh
L7-4597,心爱,心愛,xīn'ài,Adj,7-9,1-4,1-4,,False,https://forvo.com/word/心爱/#zh
L7-4598,心安理得,心安理得,xīn'ān-lǐdé,,7-9,1-1-3-2,1-1-3-2,,False,https://forvo.com/word/心安理得/#zh
L7-4599,心病,心病,xīnbìng,N,7-9,1-4,1-4,,False,https://forvo.com/word/心病/#zh
L7-4600,心肠,心腸,xīncháng,N,7-9,1-2,1-2,,False,https://forvo.com/word/心肠/#zh
L7-4601,心得,心得,xīndé,N,7-9,1-2,1-2,,False,https://forvo.com/word/心得/#zh
L7-4602,心慌,心慌,xīnhuāng,,7-9,1-1,1-1,,False,https://forvo.com/word/心慌/#zh
L7-4603,心急如焚,心急如焚,xīnjí-rúfén,,7-9,1-2-2-2,1-2-2-2,,False,https://forvo.com/word/心急如焚/#zh
L7-4604,心里话,心裡話,xīnlǐhuà,N,7-9,1-N-4,1-N-4,neutral_tone,False,https://forvo.com/word/心里话/#zh
L7-4605,心灵手巧,心靈手巧,xīnlíng-shǒuqiǎo,,7-9,1-2-3-3,1-2-2-3,third_tone_sandhi,False,https://forvo.com/word/心灵手巧/#zh
L7-4606,心目,心目,xīnmù,N,7-9,1-4,1-4,,False,https://forvo.com/word/心目/#zh
L7-4607,心声,心聲,xīnshēng,N,7-9,1-1,1-1,,False,https://forvo.com/word/心声/#zh
L7-4608,心事,心事,xīnshì,N,7-9,1-4,1-4,,False,https://forvo.com/word/心事/#zh
L7-4609,心思,心思,xīnsi,N,7-9,1-N,1-N,neutral_tone,False,https://forvo.com/word/心思/#zh
L7-4610,心酸,心酸,xīnsuān,,7-9,1-1,1-1,,False,https://forvo.com/word/心酸/#zh
L7-4611,心想事成,心想事成,xīnxiǎng-shìchéng,,7-9,1-3-4-2,1-3-4-2,,False,https://forvo.com/word/心想事成/#zh
L7-4612,心胸,心胸,xīnxiōng,N,7-9,1-1,1-1,,False,https://forvo.com/word/心胸/#zh
L7-4613,心血,心血,xīnxuè,N,7-9,1-4,1-4,,False,https://forvo.com/word/心血/#zh
L7-4614,心眼儿,心眼兒,xīnyǎnr,N,7-9,1-3-N,1-3-N,neutral_tone,False,https://forvo.com/word/心眼儿/#zh
L7-4615,心意,心意,xīnyì,N,7-9,1-4,1-4,,False,https://forvo.com/word/心意/#zh
L7-4616,芯片,芯片,xīnpiàn,N,7-9,1-4,1-4,,False,https://forvo.com/word/芯片/#zh
L7-4617,辛勤,辛勤,xīnqín,Adj,7-9,1-2,1-2,,False,https://forvo.com/word/辛勤/#zh
L7-4618,辛酸,辛酸,xīnsuān,Adj,7-9,1-1,1-1,,False,https://forvo.com/word/辛酸/#zh
L7-4619,欣慰,欣慰,xīnwèi,Adj,7-9,1-4,1-4,,False,https://forvo.com/word/欣慰/#zh
L7-4620,欣喜,欣喜,xīnxǐ,Adj,7-9,1-3,1-3,,False,https://forvo.com/word/欣喜/#zh
L7-4621,欣欣向荣,欣欣向榮,xīnxīn-xiàngróng,,7-9,1-1-4-2,1-1-4-2,,False,https://forvo.com/word/欣欣向荣/#zh
L7-4622,新潮,新潮,xīncháo,N/Adj,7-9,1-2,1-2,,False,https://forvo.com/word/新潮/#zh
L7-4623,新陈代谢,新陳代謝,xīnchén-dàixiè,,7-9,1-2-4-4,1-2-4-4,,False,https://forvo.com/word/新陈代谢/#zh
L7-4624,新房,新房,xīnfáng,N,7-9,1-2,1-2,,False,https://forvo.com/word/新房/#zh
L7-4625,新款,新款,xīnkuǎn,N,7-9,1-3,1-3,,False,https://forvo.com/word/新款/#zh
L7-4626,新奇,新奇,xīnqí,Adj,7-9,1-2,1-2,,False,https://forvo.com/word/新奇/#zh
L7-4627,新生,新生,xīnshēng,Adj/N,7-9,1-1,1-1,,False,https://forvo.com/word/新生/#zh
L7-4628,新式,新式,xīnshì,Adj,7-9,1-4,1-4,,False,https://forvo.com/word/新式/#zh
L7-4629,新手,新手,xīnshǒu,N,7-9,1-3,1-3,,False,https://forvo.com/word/新手/#zh
L7-4630,新颖,新穎,xīnyǐng,Adj,7-9,1-3,1-3,,False,https://forvo.com/word/新颖/#zh
L7-4631,信贷,信貸,xìndài,N,7-9,4-4,4-4,,False,https://forvo.com/word/信贷/#zh
L7-4632,信件,信件,xìnjiàn,N,7-9,4-4,4-4,,False,https://forvo.com/word/信件/#zh
L7-4633,信赖,信賴,xìnlài,V,7-9,4-4,4-4,,False,https://forvo.com/word/信赖/#zh
L7-4634,信誉,信譽,xìnyù,N,7-9,4-4,4-4,,False,https://forvo.com/word/信誉/#zh
L7-4635,兴奋剂,興奮劑,xīngfènjì,N,7-9,1-4-4,1-4-4,,False,https://forvo.com/word/兴奋剂/#zh
L7-4636,兴建,興建,xīngjiàn,V,7-9,1-4,1-4,,False,https://forvo.com/word/兴建/#zh
L7-4637,兴起,興起,xīngqǐ,V,7-9,1-3,1-3,,False,https://forvo.com/word/兴起/#zh
L7-4638,星座,星座,xīngzuò,N,7-9,1-4,1-4,,False,https://forvo.com/word/星座/#zh
L7-4639,猩猩,猩猩,xīngxing,N,7-9,1-N,1-N,neutral_tone,False,https://forvo.com/word/猩猩/#zh
L7-4640,腥,腥,xīng,Adj,7-9,1,1,,False,https://forvo.com/word/腥/#zh
L7-4641,刑法,刑法,xíngfǎ,N,7-9,2-3,2-3,,False,https://forvo.com/word/刑法/#zh
L7-4642,行使,行使,xíngshǐ,V,7-9,2-3,2-3,,False,https://forvo.com/word/行使/#zh
L7-4643,行政,行政,xíngzhèng,N,7-9,2-4,2-4,,False,https://forvo.com/word/行政/#zh
L7-4644,行走,行走,xíngzǒu,V,7-9,2-3,2-3,,False,https://forvo.com/word/行走/#zh
L7-4645,形形色色,形形色色,xíngxíngsèsè,Adj,7-9,2-2-4-4,2-2-4-4,,False,https://forvo.com/word/形形色色/#zh
L7-4646,形影不离,形影不離,xíngyǐng-bùlí,,7-9,2-3-4-2,2-3-4-2,,False,https://forvo.com/word/形影不离/#zh
L7-4647,醒来,醒來,xǐnglai,,7-9,3-2,3-2,,False,https://forvo.com/word/醒来/#zh
L7-4648,醒目,醒目,xǐngmù,Adj,7-9,3-4,3-4,,False,https://forvo.com/word/醒目/#zh
L7-4649,醒悟,醒悟,xǐngwù,V,7-9,3-4,3-4,,False,https://forvo.com/word/醒悟/#zh
L7-4650,兴高采烈,興高采烈,xìnggāo-cǎiliè,,7-9,4-1-3-4,4-1-3-4,,False,https://forvo.com/word/兴高采烈/#zh
L7-4651,兴致,興致,xìngzhì,N,7-9,4-4,4-4,,False,https://forvo.com/word/兴致/#zh
L7-4652,幸存,倖存,xìngcún,V,7-9,4-2,4-2,,False,https://forvo.com/word/幸存/#zh
L7-4653,幸好,幸好,xìnghǎo,Adv,7-9,4-3,4-3,,False,https://forvo.com/word/幸好/#zh
L7-4654,幸亏,幸虧,xìngkuī,Adv,7-9,4-1,4-1,,False,https://forvo.com/word/幸亏/#zh
L7-4655,幸免,倖免,xìngmiǎn,V,7-9,4-3,4-3,,False,https://forvo.com/word/幸免/#zh
L7-4656,性价比,性價比,xìngjiàbǐ,N,7-9,4-4-3,4-4-3,,False,https://forvo.com/word/性价比/#zh
L7-4657,性命,性命,xìngmìng,N,7-9,4-4,4-4,,False,https://forvo.com/word/性命/#zh
L7-4658,性情,性情,xìngqíng,N,7-9,4-2,4-2,,False,https://forvo.com/word/性情/#zh
L7-4659,姓氏,姓氏,xìngshì,N,7-9,4-4,4-4,,False,https://forvo.com/word/姓氏/#zh
L7-4660,凶残,兇殘,xiōngcán,Adj,7-9,1-2,1-2,,False,https://forvo.com/word/凶残/#zh
L7-4661,凶恶,兇惡,xiōng'è,Adj,7-9,1-4,1-4,,False,https://forvo.com/word/凶恶/#zh
L7-4662,凶狠,凶狠,xiōnghěn,Adj,7-9,1-3,1-3,,False,https://forvo.com/word/凶狠/#zh
L7-4663,凶猛,兇猛,xiōngměng,Adj,7-9,1-3,1-3,,False,https://forvo.com/word/凶猛/#zh
L7-4664,汹涌,洶湧,xiōngyǒng,V,7-9,1-3,1-3,,False,https://forvo.com/word/汹涌/#zh
L7-4665,胸膛,胸膛,xiōngtáng,N,7-9,1-2,1-2,,False,https://forvo.com/word/胸膛/#zh
L7-4666,胸有成竹,胸有成竹,xiōngyǒuchéngzhú,,7-9,1-3-2-2,1-3-2-2,,False,https://forvo.com/word/胸有成竹/#zh
L7-4667,雄厚,雄厚,xiónghòu,Adj,7-9,2-4,2-4,,False,https://forvo.com/word/雄厚/#zh
L7-4668,休克,休克,xiūkè,V,7-9,1-4,1-4,,False,https://forvo.com/word/休克/#zh
L7-4669,休眠,休眠,xiūmián,V,7-9,1-2,1-2,,False,https://forvo.com/word/休眠/#zh
L7-4670,休想,休想,xiūxiǎng,V,7-9,1-3,1-3,,False,https://forvo.com/word/休想/#zh
L7-4671,休养,休養,xiūyǎng,V,7-9,1-3,1-3,,False,https://forvo.com/word/休养/#zh
L7-4672,修补,修補,xiūbǔ,V,7-9,1-3,1-3,,False,https://forvo.com/word/修补/#zh
L7-4673,修长,修長,xiūcháng,Adj,7-9,1-2,1-2,,False,https://forvo.com/word/修长/#zh
L7-4674,修订,修訂,xiūdìng,V,7-9,1-4,1-4,,False,https://forvo.com/word/修订/#zh
L7-4675,修路,修路,xiūlù,,7-9,1-4,1-4,,False,https://forvo.com/word/修路/#zh
L7-4676,修正,修正,xiūzhèng,V,7-9,1-4,1-4,,False,https://forvo.com/word/修正/#zh
L7-4677,羞愧,羞愧,xiūkuì,Adj,7-9,1-4,1-4,,False,https://forvo.com/word/羞愧/#zh
L7-4678,秀丽,秀麗,xiùlì,Adj,7-9,4-4,4-4,,False,https://forvo.com/word/秀丽/#zh
L7-4679,秀美,秀美,xiùměi,Adj,7-9,4-3,4-3,,False,https://forvo.com/word/秀美/#zh
L7-4680,袖手旁观,袖手旁觀,xiùshǒu-pángguān,,7-9,4-3-2-1,4-3-2-1,,False,https://forvo.com/word/袖手旁观/#zh
L7-4681,绣,繡,xiù,V,7-9,4,4,,False,https://forvo.com/word/绣/#zh
L7-4682,锈,鏽,xiù,N/V,7-9,4,4,,False,https://forvo.com/word/锈/#zh
L7-4683,嗅觉,嗅覺,xiùjué,N,7-9,4-2,4-2,,False,https://forvo.com/word/嗅觉/#zh
L7-4684,须,須,xū,V,7-9,1,1,,False,https://forvo.com/word/须/#zh
L7-4685,虚,虛,xū,Adj/Adv,7-9,1,1,,False,https://forvo.com/word/虚/#zh
L7-4686,虚构,虛構,xūgòu,V,7-9,1-4,1-4,,False,https://forvo.com/word/虚构/#zh
L7-4687,虚幻,虛幻,xūhuàn,Adj,7-9,1-4,1-4,,False,https://forvo.com/word/虚幻/#zh
L7-4688,虚假,虛假,xūjiǎ,Adj,7-9,1-3,1-3,,False,https://forvo.com/word/虚假/#zh
L7-4689,虚拟,虛擬,xūnǐ,V/Adj,7-9,1-3,1-3,,False,https://forvo.com/word/虚拟/#zh
L7-4690,虚弱,虛弱,xūruò,Adj,7-9,1-4,1-4,,False,https://forvo.com/word/虚弱/#zh
L7-4691,虚伪,虛偽,xūwěi,Adj,7-9,1-3,1-3,,False,https://forvo.com/word/虚伪/#zh
L7-4692,需,需,xū,V,7-9,1,1,,False,https://forvo.com/word/需/#zh
L7-4693,徐徐,徐徐,xúxú,Adj,7-9,2-2,2-2,,False,https://forvo.com/word/徐徐/#zh
L7-4694,许,許,xǔ,V/Adv,7-9,3,3,,False,https://forvo.com/word/许/#zh
L7-4695,许可证,許可證,xǔkězhèng,N,7-9,3-3-4,2-3-4,third_tone_sandhi,False,https://forvo.com/word/许可证/#zh
L7-4696,旭日,旭日,xùrì,N,7-9,4-4,4-4,,False,https://forvo.com/word/旭日/#zh
L7-4697,序,序,xù,N,7-9,4,4,,False,https://forvo.com/word/序/#zh
L7-4698,序幕,序幕,xùmù,N,7-9,4-4,4-4,,False,https://forvo.com/word/序幕/#zh
L7-4699,叙述,敘述,xùshù,V,7-9,4-4,4-4,,False,https://forvo.com/word/叙述/#zh
L7-4700,酗酒,酗酒,xùjiǔ,V,7-9,4-3,4-3,,False,https://forvo.com/word/酗酒/#zh
L7-4701,续,續,xù,V,7-9,4,4,,False,https://forvo.com/word/续/#zh
L7-4702,絮叨,絮叨,xùdao,Adj,7-9,4-N,4-N,neutral_tone,False,https://forvo.com/word/絮叨/#zh
L7-4703,宣称,宣稱,xuānchēng,V,7-9,1-1,1-1,,False,https://forvo.com/word/宣称/#zh
L7-4704,宣读,宣讀,xuāndú,V,7-9,1-2,1-2,,False,https://forvo.com/word/宣读/#zh
L7-4705,宣告,宣告,xuāngào,V,7-9,1-4,1-4,,False,https://forvo.com/word/宣告/#zh
L7-4706,宣誓,宣誓,xuānshì,,7-9,1-4,1-4,,False,https://forvo.com/word/宣誓/#zh
L7-4707,宣泄,宣洩,xuānxiè,V,7-9,1-4,1-4,,False,https://forvo.com/word/宣泄/#zh
L7-4708,宣言,宣言,xuānyán,N,7-9,1-2,1-2,,False,https://forvo.com/word/宣言/#zh
L7-4709,宣扬,宣揚,xuānyáng,V,7-9,1-2,1-2,,False,https://forvo.com/word/宣扬/#zh
L7-4710,喧哗,喧嘩,xuānhuá,V/Adj,7-9,1-2,1-2,,False,https://forvo.com/word/喧哗/#zh
L7-4711,喧闹,喧鬧,xuānnào,Adj,7-9,1-4,1-4,,False,https://forvo.com/word/喧闹/#zh
L7-4712,玄,玄,xuán,Adj,7-9,2,2,,False,https://forvo.com/word/玄/#zh
L7-4713,玄机,玄機,xuánjī,N,7-9,2-1,2-1,,False,https://forvo.com/word/玄机/#zh
L7-4714,悬挂,懸掛,xuánguà,V,7-9,2-4,2-4,,False,https://forvo.com/word/悬挂/#zh
L7-4715,悬念,懸念,xuánniàn,N,7-9,2-4,2-4,,False,https://forvo.com/word/悬念/#zh
L7-4716,悬殊,懸殊,xuánshū,Adj,7-9,2-1,2-1,,False,https://forvo.com/word/悬殊/#zh
L7-4717,悬崖,懸崖,xuányá,N,7-9,2-2,2-2,,False,https://forvo.com/word/悬崖/#zh
L7-4718,旋律,旋律,xuánlǜ,N,7-9,2-4,2-4,,False,https://forvo.com/word/旋律/#zh
L7-4719,旋涡,旋渦,xuánwō,N,7-9,2-1,2-1,,False,https://forvo.com/word/旋涡/#zh
L7-4720,选民,選民,xuǎnmín,N,7-9,3-2,3-2,,False,https://forvo.com/word/选民/#zh
L7-4721,选项,選項,xuǎnxiàng,N,7-9,3-4,3-4,,False,https://forvo.com/word/选项/#zh
L7-4722,选用,選用,xuǎnyòng,V,7-9,3-4,3-4,,False,https://forvo.com/word/选用/#zh
L7-4723,炫耀,炫耀,xuànyào,V,7-9,4-4,4-4,,False,https://forvo.com/word/炫耀/#zh
L7-4724,削弱,削弱,xuēruò,V,7-9,1-4,1-4,,False,https://forvo.com/word/削弱/#zh
L7-4725,靴子,靴子,xuēzi,N,7-9,1-N,1-N,neutral_tone,False,https://forvo.com/word/靴子/#zh
L7-4726,穴位,穴位,xuéwèi,N,7-9,2-4,2-4,,False,https://forvo.com/word/穴位/#zh
L7-4727,学历,學歷,xuélì,N,7-9,2-4,2-4,,False,https://forvo.com/word/学历/#zh
L7-4728,学士,學士,xuéshì,N,7-9,2-4,2-4,,False,https://forvo.com/word/学士/#zh
L7-4729,学说,學說,xuéshuō,N,7-9,2-1,2-1,,False,https://forvo.com/word/学说/#zh
L7-4730,学堂,學堂,xuétáng,N,7-9,2-2,2-2,,False,https://forvo.com/word/学堂/#zh
L7-4731,学业,學業,xuéyè,N,7-9,2-4,2-4,,False,https://forvo.com/word/学业/#zh
L7-4732,学艺,學藝,xuéyì,V,7-9,2-4,2-4,,False,https://forvo.com/word/学艺/#zh
L7-4733,学子,學子,xuézǐ,N,7-9,2-3,2-3,,False,https://forvo.com/word/学子/#zh
L7-4734,雪山,雪山,xuěshān,N,7-9,3-1,3-1,,False,https://forvo.com/word/雪山/#zh
L7-4735,雪上加霜,雪上加霜,xuěshàng-jiāshuāng,,7-9,3-4-1-1,3-4-1-1,,False,https://forvo.com/word/雪上加霜/#zh
L7-4736,血脉,血脈,xuèmài,N,7-9,4-4,4-4,,False,https://forvo.com/word/血脉/#zh
L7-4737,血栓,血栓,xuèshuān,N,7-9,4-1,4-1,,False,https://forvo.com/word/血栓/#zh
L7-4738,血压,血壓,xuèyā,N,7-9,4-1,4-1,,False,https://forvo.com/word/血压/#zh
L7-4739,血缘,血緣,xuèyuán,N,7-9,4-2,4-2,,False,https://forvo.com/word/血缘/#zh
L7-4740,勋章,勛章,xūnzhāng,N,7-9,1-1,1-1,,False,https://forvo.com/word/勋章/#zh
L7-4741,熏,熏,xūn,V,7-9,1,1,,False,https://forvo.com/word/熏/#zh
L7-4742,熏陶,熏陶,xūntáo,V,7-9,1-2,1-2,,False,https://forvo.com/word/熏陶/#zh
L7-4743,寻,尋,xún,V,7-9,2,2,,False,https://forvo.com/word/寻/#zh
L7-4744,寻常,尋常,xúncháng,Adj,7-9,2-2,2-2,,False,https://forvo.com/word/寻常/#zh
L7-4745,寻觅,尋覓,xúnmì,V,7-9,2-4,2-4,,False,https://forvo.com/word/寻觅/#zh
L7-4746,巡逻,巡邏,xúnluó,V,7-9,2-2,2-2,,False,https://forvo.com/word/巡逻/#zh
L7-4747,循序渐进,循序漸進,xúnxù-jiànjìn,,7-9,2-4-4-4,2-4-4-4,,False,https://forvo.com/word/循序渐进/#zh
L7-4748,训,訓,xùn,V,7-9,4,4,,False,https://forvo.com/word/训/#zh
L7-4749,驯,馴,xùn,V,7-9,4,4,,False,https://forvo.com/word/驯/#zh
L7-4750,逊色,遜色,xùnsè,N/Adj,7-9,4-4,4-4,,False,https://forvo.com/word/逊色/#zh
L7-4751,丫头,丫頭,yātou,N,7-9,1-N,1-N,neutral_tone,False,https://forvo.com/word/丫头/#zh
L7-4752,压倒,壓倒,yādǎo,,7-9,1-3,1-3,,False,https://forvo.com/word/压倒/#zh
L7-4753,压缩,壓縮,yāsuō,V,7-9,1-1,1-1,,False,https://forvo.com/word/压缩/#zh
L7-4754,压抑,壓抑,yāyì,V,7-9,1-4,1-4,,False,https://forvo.com/word/压抑/#zh
L7-4755,压制,壓制,yāzhì,V,7-9,1-4,1-4,,False,https://forvo.com/word/压制/#zh
L7-4756,押,押,yā,V,7-9,1,1,,False,https://forvo.com/word/押/#zh
L7-4757,鸦雀无声,鴉雀無聲,yāquè-wúshēng,,7-9,1-4-2-1,1-4-2-1,,False,https://forvo.com/word/鸦雀无声/#zh
L7-4758,牙齿,牙齒,yáchǐ,N,7-9,2-3,2-3,,False,https://forvo.com/word/牙齿/#zh
L7-4759,牙膏,牙膏,yágāo,N,7-9,2-1,2-1,,False,https://forvo.com/word/牙膏/#zh
L7-4760,芽,芽,yá,N,7-9,2,2,,False,https://forvo.com/word/芽/#zh
L7-4761,哑,啞,yǎ,Adj,7-9,3,3,,False,https://forvo.com/word/哑/#zh
L7-4762,咽喉,咽喉,yānhóu,N,7-9,1-2,1-2,,False,https://forvo.com/word/咽喉/#zh
L7-4763,烟囱,煙囪,yāncōng,N,7-9,1-1,1-1,,False,https://forvo.com/word/烟囱/#zh
L7-4764,烟火,煙火,yānhuǒ,N,7-9,1-3,1-3,,False,https://forvo.com/word/烟火/#zh
L7-4765,淹,淹,yān,V,7-9,1,1,,False,https://forvo.com/word/淹/#zh
L7-4766,延,延,yán,V,7-9,2,2,,False,https://forvo.com/word/延/#zh
L7-4767,延缓,延緩,yánhuǎn,V,7-9,2-3,2-3,,False,https://forvo.com/word/延缓/#zh
L7-4768,延误,延誤,yánwù,V,7-9,2-4,2-4,,False,https://forvo.com/word/延误/#zh
L7-4769,严谨,嚴謹,yánjǐn,Adj,7-9,2-3,2-3,,False,https://forvo.com/word/严谨/#zh
L7-4770,严禁,嚴禁,yánjìn,V,7-9,2-4,2-4,,False,https://forvo.com/word/严禁/#zh
L7-4771,严峻,嚴峻,yánjùn,Adj,7-9,2-4,2-4,,False,https://forvo.com/word/严峻/#zh
L7-4772,严密,嚴密,yánmì,Adj/V,7-9,2-4,2-4,,False,https://forvo.com/word/严密/#zh
L7-4773,言辞,言辭,yáncí,N,7-9,2-2,2-2,,False,https://forvo.com/word/言辞/#zh
L7-4774,言论,言論,yánlùn,N,7-9,2-4,2-4,,False,https://forvo.com/word/言论/#zh
L7-4775,言行,言行,yánxíng,N,7-9,2-2,2-2,,False,https://forvo.com/word/言行/#zh
L7-4776,岩石,岩石,yánshí,N,7-9,2-2,2-2,,False,https://forvo.com/word/岩石/#zh
L7-4777,炎热,炎熱,yánrè,Adj,7-9,2-4,2-4,,False,https://forvo.com/word/炎热/#zh
L7-4778,炎症,炎症,yánzhèng,N,7-9,2-4,2-4,,False,https://forvo.com/word/炎症/#zh
L7-4779,沿岸,沿岸,yán'àn,N,7-9,2-4,2-4,,False,https://forvo.com/word/沿岸/#zh
L7-4780,沿途,沿途,yántú,N/Adv,7-9,2-2,2-2,,False,https://forvo.com/word/沿途/#zh
L7-4781,沿线,沿線,yánxiàn,N,7-9,2-4,2-4,,False,https://forvo.com/word/沿线/#zh
L7-4782,研讨,研討,yántǎo,V,7-9,2-3,2-3,,False,https://forvo.com/word/研讨/#zh
L7-4783,阎王,閻王,Yánwang,N,7-9,2-2,2-2,,False,https://forvo.com/word/阎王/#zh
L7-4784,衍生,衍生,yǎnshēng,V,7-9,3-1,3-1,,False,https://forvo.com/word/衍生/#zh
L7-4785,掩盖,掩蓋,yǎngài,V,7-9,3-4,3-4,,False,https://forvo.com/word/掩盖/#zh
L7-4786,掩护,掩護,yǎnhù,V,7-9,3-4,3-4,,False,https://forvo.com/word/掩护/#zh
L7-4787,掩饰,掩飾,yǎnshì,V,7-9,3-4,3-4,,False,https://forvo.com/word/掩饰/#zh
L7-4788,眼红,眼紅,yǎnhóng,Adj,7-9,3-2,3-2,,False,https://forvo.com/word/眼红/#zh
L7-4789,眼界,眼界,yǎnjiè,N,7-9,3-4,3-4,,False,https://forvo.com/word/眼界/#zh
L7-4790,眼色,眼色,yǎnsè,N,7-9,3-4,3-4,,False,https://forvo.com/word/眼色/#zh
L7-4791,眼神,眼神,yǎnshén,N,7-9,3-2,3-2,,False,https://forvo.com/word/眼神/#zh
L7-4792,眼下,眼下,yǎnxià,N,7-9,3-4,3-4,,False,https://forvo.com/word/眼下/#zh
L7-4793,演变,演變,yǎnbiàn,V,7-9,3-4,3-4,,False,https://forvo.com/word/演变/#zh
L7-4794,演播室,演播室,yǎnbōshì,N,7-9,3-1-4,3-1-4,,False,https://forvo.com/word/演播室/#zh
L7-4795,演技,演技,yǎnjì,N,7-9,3-4,3-4,,False,https://forvo.com/word/演技/#zh
L7-4796,演练,演練,yǎnliàn,V,7-9,3-4,3-4,,False,https://forvo.com/word/演练/#zh
L7-4797,演示,演示,yǎnshì,V,7-9,3-4,3-4,,False,https://forvo.com/word/演示/#zh
L7-4798,演说,演說,yǎnshuō,V/N,7-9,3-1,3-1,,False,https://forvo.com/word/演说/#zh
L7-4799,演习,演習,yǎnxí,V,7-9,3-2,3-2,,False,https://forvo.com/word/演习/#zh
L7-4800,演戏,演戲,yǎnxì,,7-9,3-4,3-4,,False,https://forvo.com/word/演戏/#zh
L7-4801,演艺圈,演藝圈,yǎnyìquān,N,7-9,3-4-1,3-4-1,,False,https://forvo.com/word/演艺圈/#zh
L7-4802,演绎,演繹,yǎnyì,N/V,7-9,3-4,3-4,,False,https://forvo.com/word/演绎/#zh
L7-4803,厌烦,厭煩,yànfán,V,7-9,4-2,4-2,,False,https://forvo.com/word/厌烦/#zh
L7-4804,厌倦,厭倦,yànjuàn,V,7-9,4-4,4-4,,False,https://forvo.com/word/厌倦/#zh
L7-4805,咽,嚥,yàn,V,7-9,4,4,,False,https://forvo.com/word/咽/#zh
L7-4806,艳丽,艷麗,yànlì,Adj,7-9,4-4,4-4,,False,https://forvo.com/word/艳丽/#zh
L7-4807,验,驗,yàn,V,7-9,4,4,,False,https://forvo.com/word/验/#zh
L7-4808,验收,驗收,yànshōu,V,7-9,4-1,4-1,,False,https://forvo.com/word/验收/#zh
L7-4809,验证,驗證,yànzhèng,V,7-9,4-4,4-4,,False,https://forvo.com/word/验证/#zh
L7-4810,焰火,焰火,yànhuǒ,N,7-9,4-3,4-3,,False,https://forvo.com/word/焰火/#zh
L7-4811,燕子,燕子,yànzi,N,7-9,4-N,4-N,neutral_tone,False,https://forvo.com/word/燕子/#zh
L7-4812,秧歌,秧歌,yāngge,N,7-9,1-N,1-N,neutral_tone,False,https://forvo.com/word/秧歌/#zh
L7-4813,扬,揚,yáng,V,7-9,2,2,,False,https://forvo.com/word/扬/#zh
L7-4814,阳性,陽性,yángxìng,N,7-9,2-4,2-4,,False,https://forvo.com/word/阳性/#zh
L7-4815,杨树,楊樹,yángshù,N,7-9,2-4,2-4,,False,https://forvo.com/word/杨树/#zh
L7-4816,洋溢,洋溢,yángyì,V,7-9,2-4,2-4,,False,https://forvo.com/word/洋溢/#zh
L7-4817,养活,養活,yǎnghuo,V,7-9,3-N,3-N,neutral_tone,False,https://forvo.com/word/养活/#zh
L7-4818,养老金,養老金,yǎnglǎojīn,N,7-9,3-3-1,2-3-1,third_tone_sandhi,False,https://forvo.com/word/养老金/#zh
L7-4819,养老院,養老院,yǎnglǎoyuàn,N,7-9,3-3-4,2-3-4,third_tone_sandhi,False,https://forvo.com/word/养老院/#zh
L7-4820,养生,養生,yǎngshēng,V,7-9,3-1,3-1,,False,https://forvo.com/word/养生/#zh
L7-4821,养殖,養殖,yǎngzhí,V,7-9,3-2,3-2,,False,https://forvo.com/word/养殖/#zh
L7-4822,氧,氧,yǎng,N,7-9,3,3,,False,https://forvo.com/word/氧/#zh
L7-4823,痒,癢,yǎng,Adj,7-9,3,3,,False,https://forvo.com/word/痒/#zh
L7-4824,样本,樣本,yàngběn,N,7-9,4-3,4-3,,False,https://forvo.com/word/样本/#zh
L7-4825,样品,樣品,yàngpǐn,N,7-9,4-3,4-3,,False,https://forvo.com/word/样品/#zh
L7-4826,妖怪,妖怪,yāoguài,N,7-9,1-4,1-4,,False,https://forvo.com/word/妖怪/#zh
L7-4827,邀,邀,yāo,V,7-9,1,1,,False,https://forvo.com/word/邀/#zh
L7-4828,窑,窯,yáo,N,7-9,2,2,,False,https://forvo.com/word/窑/#zh
L7-4829,谣言,謠言,yáoyán,N,7-9,2-2,2-2,,False,https://forvo.com/word/谣言/#zh
L7-4830,摇摆,搖擺,yáobǎi,V,7-9,2-3,2-3,,False,https://forvo.com/word/摇摆/#zh
L7-4831,摇滚,搖滾,yáogǔn,N,7-9,2-3,2-3,,False,https://forvo.com/word/摇滚/#zh
L7-4832,摇晃,搖晃,yáohuàng,V,7-9,2-4,2-4,,False,https://forvo.com/word/摇晃/#zh
L7-4833,摇篮,搖籃,yáolán,N,7-9,2-2,2-2,,False,https://forvo.com/word/摇篮/#zh
L7-4834,摇摇欲坠,搖搖欲墜,yáoyáo-yùzhuì,,7-9,2-2-4-4,2-2-4-4,,False,https://forvo.com/word/摇摇欲坠/#zh
L7-4835,遥控,遙控,yáokòng,V,7-9,2-4,2-4,,False,https://forvo.com/word/遥控/#zh
L7-4836,遥远,遙遠,yáoyuǎn,Adj,7-9,2-3,2-3,,False,https://forvo.com/word/遥远/#zh
L7-4837,药材,藥材,yàocái,N,7-9,4-2,4-2,,False,https://forvo.com/word/药材/#zh
L7-4838,药方,藥方,yàofāng,N,7-9,4-1,4-1,,False,https://forvo.com/word/药方/#zh
L7-4839,要不,要不,yàobù,Conj,7-9,4-4,4-4,,False,https://forvo.com/word/要不/#zh
L7-4840,要不是,要不是,yàobùshì,Conj,7-9,4-N-4,4-N-4,neutral_tone,False,https://forvo.com/word/要不是/#zh
L7-4841,要点,要點,yàodiǎn,N,7-9,4-3,4-3,,False,https://forvo.com/word/要点/#zh
L7-4842,要害,要害,yàohài,N,7-9,4-4,4-4,,False,https://forvo.com/word/要害/#zh
L7-4843,要紧,要緊,yàojǐn,Adj,7-9,4-3,4-3,,False,https://forvo.com/word/要紧/#zh
L7-4844,要领,要領,yàolǐng,N,7-9,4-3,4-3,,False,https://forvo.com/word/要领/#zh
L7-4845,要命,要命,yàomìng,,7-9,4-4,4-4,,False,https://forvo.com/word/要命/#zh
L7-4846,要强,要強,yàoqiáng,Adj,7-9,4-2,4-2,,False,https://forvo.com/word/要强/#zh
L7-4847,钥匙,鑰匙,yàoshi,N,7-9,4-N,4-N,neutral_tone,False,https://forvo.com/word/钥匙/#zh
L7-4848,耀眼,耀眼,yàoyǎn,Adj,7-9,4-3,4-3,,False,https://forvo.com/word/耀眼/#zh
L7-4849,椰子,椰子,yēzi,N,7-9,1-N,1-N,neutral_tone,False,https://forvo.com/word/椰子/#zh
L7-4850,也就是说,也就是說,yějiùshìshuō,,7-9,3-4-4-1,3-4-4-1,,False,https://forvo.com/word/也就是说/#zh
L7-4851,野餐,野餐,yěcān,V,7-9,3-1,3-1,,False,https://forvo.com/word/野餐/#zh
L7-4852,野炊,野炊,yěchuī,V,7-9,3-1,3-1,,False,https://forvo.com/word/野炊/#zh
L7-4853,野蛮,野蠻,yěmán,Adj,7-9,3-2,3-2,,False,https://forvo.com/word/野蛮/#zh
L7-4854,野兽,野獸,yěshòu,N,7-9,3-4,3-4,,False,https://forvo.com/word/野兽/#zh
L7-4855,野外,野外,yěwài,N,7-9,3-4,3-4,,False,https://forvo.com/word/野外/#zh
L7-4856,野心,野心,yěxīn,N,7-9,3-1,3-1,,False,https://forvo.com/word/野心/#zh
L7-4857,野营,野營,yěyíng,V,7-9,3-2,3-2,,False,https://forvo.com/word/野营/#zh
L7-4858,业（服务业）,業（服務業）,yè (fúwùyè),Suffix,7-9,4,4,,False,https://forvo.com/word/业（服务业）/#zh
L7-4859,业绩,業績,yèjì,N,7-9,4-4,4-4,,False,https://forvo.com/word/业绩/#zh
L7-4860,夜班,夜班,yèbān,N,7-9,4-1,4-1,,False,https://forvo.com/word/夜班/#zh
L7-4861,夜市,夜市,yèshì,N,7-9,4-4,4-4,,False,https://forvo.com/word/夜市/#zh
L7-4862,夜晚,夜晚,yèwǎn,N,7-9,4-3,4-3,,False,https://forvo.com/word/夜晚/#zh
L7-4863,夜校,夜校,yèxiào,N,7-9,4-4,4-4,,False,https://forvo.com/word/夜校/#zh
L7-4864,夜以继日,夜以繼日,yèyǐjìrì,,7-9,4-3-4-4,4-3-4-4,,False,https://forvo.com/word/夜以继日/#zh
L7-4865,夜总会,夜總會,yèzǒnghuì,N,7-9,4-3-4,4-3-4,,False,https://forvo.com/word/夜总会/#zh
L7-4866,液晶,液晶,yèjīng,N,7-9,4-1,4-1,,False,https://forvo.com/word/液晶/#zh
L7-4867,液体,液體,yètǐ,N,7-9,4-3,4-3,,False,https://forvo.com/word/液体/#zh
L7-4868,一把手,一把手,yībǎshǒu,,7-9,1-3-3,4-2-3,third_tone_sandhi;yi_before_non_t4,False,https://forvo.com/word/一把手/#zh
L7-4869,一线,一線,yīxiàn,N,7-9,1-4,2-4,yi_before_t4,False,https://forvo.com/word/一线/#zh
L7-4870,一一,一一,yīyī,Adv,7-9,1-1,4-1,yi_before_non_t4,False,https://forvo.com/word/一一/#zh
L7-4871,伊斯兰教,伊斯蘭教,Yīsīlánjiào,N,7-9,1-1-2-4,1-1-2-4,,False,https://forvo.com/word/伊斯兰教/#zh
L7-4872,衣食住行,衣食住行,yī-shí-zhù-xíng,,7-9,1-2-4-2,1-2-4-2,,False,https://forvo.com/word/衣食住行/#zh
L7-4873,医务,醫務,yīwù,N,7-9,1-4,1-4,,False,https://forvo.com/word/医务/#zh
L7-4874,依,依,yī,V/Prep,7-9,1,1,,False,https://forvo.com/word/依/#zh
L7-4875,依托,依託,yītuō,V,7-9,1-1,1-1,,False,https://forvo.com/word/依托/#zh
L7-4876,依依不舍,依依不捨,yīyī-bùshě,,7-9,1-1-4-3,1-1-4-3,,False,https://forvo.com/word/依依不舍/#zh
L7-4877,一不小心,一不小心,yī bù xiǎoxīn,,7-9,1-4-3-1,2-4-3-1,yi_before_t4,False,https://forvo.com/word/一不小心/#zh
L7-4878,一刹那,一剎那,yīchànà,N,7-9,1-4-4,2-4-4,yi_before_t4,False,https://forvo.com/word/一刹那/#zh
L7-4879,一大早,一大早,yīdàzǎo,N,7-9,1-4-3,2-4-3,yi_before_t4,False,https://forvo.com/word/一大早/#zh
L7-4880,一动不动,一動不動,yīdòng-bùdòng,,7-9,1-4-4-4,2-4-N-4,bu_a_not_a;yi_before_t4,False,https://forvo.com/word/一动不动/#zh
L7-4881,一度,一度,yīdù,Adv,7-9,1-4,2-4,yi_before_t4,False,https://forvo.com/word/一度/#zh
L7-4882,一概,一概,yīgài,Adv,7-9,1-4,2-4,yi_before_t4,False,https://forvo.com/word/一概/#zh
L7-4883,一概而论,一概而論,yīgài'érlùn,,7-9,1-4-2-4,2-4-2-4,yi_before_t4,False,https://forvo.com/word/一概而论/#zh
L7-4884,一个劲儿,一個勁兒,yīgejìnr,Adv,7-9,1-4-4-N,2-4-4-N,neutral_tone;yi_before_t4,False,https://forvo.com/word/一个劲儿/#zh
L7-4885,一晃,一晃,yīhuàng,V,7-9,1-3,4-3,yi_before_non_t4,False,https://forvo.com/word/一晃/#zh
L7-4886,一技之长,一技之長,yījìzhīcháng,,7-9,1-4-1-2,2-4-1-2,yi_before_t4,False,https://forvo.com/word/一技之长/#zh
L7-4887,一面,一面,yīmiàn,N/Adv,7-9,1-4,2-4,yi_before_t4,False,https://forvo.com/word/一面/#zh
L7-4888,一目了然,一目了然,yīmù-liǎorán,,7-9,1-4-3-2,2-4-3-2,yi_before_t4,False,https://forvo.com/word/一目了然/#zh
L7-4889,一事无成,一事無成,yīshì-wúchéng,,7-9,1-4-2-2,2-4-2-2,yi_before_t4,False,https://forvo.com/word/一事无成/#zh
L7-4890,一瞬间,一瞬間,yīshùnjiān,N,7-9,1-4-1,2-4-1,yi_before_t4,False,https://forvo.com/word/一瞬间/#zh
L7-4891,一味,一味,yīwèi,Adv,7-9,1-4,2-4,yi_before_t4,False,https://forvo.com/word/一味/#zh
L7-4892,一系列,一系列,yīxìliè,Adj,7-9,1-4-4,2-4-4,yi_before_t4,False,https://forvo.com/word/一系列/#zh
L7-4893,一阵,一陣,yīzhèn,,7-9,1-4,2-4,yi_before_t4,False,https://forvo.com/word/一阵/#zh
L7-4894,仪表,儀表,yíbiǎo,N,7-9,2-3,2-3,,False,https://forvo.com/word/仪表/#zh
L7-4895,怡然自得,怡然自得,yírán-zìdé,,7-9,2-2-4-2,2-2-4-2,,False,https://forvo.com/word/怡然自得/#zh
L7-4896,姨,姨,yí,N,7-9,2,2,,False,https://forvo.com/word/姨/#zh
L7-4897,移交,移交,yíjiāo,V,7-9,2-1,2-1,,False,https://forvo.com/word/移交/#zh
L7-4898,移植,移植,yízhí,V,7-9,2-2,2-2,,False,https://forvo.com/word/移植/#zh
L7-4899,遗留,遺留,yíliú,V,7-9,2-2,2-2,,False,https://forvo.com/word/遗留/#zh
L7-4900,遗弃,遺棄,yíqì,V,7-9,2-4,2-4,,False,https://forvo.com/word/遗弃/#zh
L7-4901,遗体,遺體,yítǐ,N,7-9,2-3,2-3,,False,https://forvo.com/word/遗体/#zh
L7-4902,遗忘,遺忘,yíwàng,V,7-9,2-4,2-4,,False,https://forvo.com/word/遗忘/#zh
L7-4903,遗物,遺物,yíwù,N,7-9,2-4,2-4,,False,https://forvo.com/word/遗物/#zh
L7-4904,遗愿,遺願,yíyuàn,N,7-9,2-4,2-4,,False,https://forvo.com/word/遗愿/#zh
L7-4905,遗址,遺址,yízhǐ,N,7-9,2-3,2-3,,False,https://forvo.com/word/遗址/#zh
L7-4906,遗嘱,遺囑,yízhǔ,N,7-9,2-3,2-3,,False,https://forvo.com/word/遗嘱/#zh
L7-4907,疑点,疑點,yídiǎn,N,7-9,2-3,2-3,,False,https://forvo.com/word/疑点/#zh
L7-4908,疑惑,疑惑,yíhuò,V,7-9,2-4,2-4,,False,https://forvo.com/word/疑惑/#zh
L7-4909,疑虑,疑慮,yílǜ,V,7-9,2-4,2-4,,False,https://forvo.com/word/疑虑/#zh
L7-4910,以,以,yǐ,Prep/Conj,7-9,3,3,,False,https://forvo.com/word/以/#zh
L7-4911,以免,以免,yǐmiǎn,Conj,7-9,3-3,2-3,third_tone_sandhi,False,https://forvo.com/word/以免/#zh
L7-4912,以身作则,以身作則,yǐshēn-zuòzé,,7-9,3-1-4-2,3-1-4-2,,False,https://forvo.com/word/以身作则/#zh
L7-4913,以至于,以至於,yǐzhìyú,Conj,7-9,3-4-2,3-4-2,,False,https://forvo.com/word/以至于/#zh
L7-4914,以致,以致,yǐzhì,Conj,7-9,3-4,3-4,,False,https://forvo.com/word/以致/#zh
L7-4915,矣,矣,yǐ,Aux,7-9,3,3,,False,https://forvo.com/word/矣/#zh
L7-4916,倚,倚,yǐ,V,7-9,3,3,,False,https://forvo.com/word/倚/#zh
L7-4917,一长一短,一長一短,yī cháng yī duǎn,,7-9,1-2-1-3,4-2-4-3,yi_before_non_t4,False,https://forvo.com/word/一长一短/#zh
L7-4918,一成不变,一成不變,yīchéng-bùbiàn,,7-9,1-2-4-4,4-2-2-4,bu_before_t4;yi_before_non_t4,False,https://forvo.com/word/一成不变/#zh
L7-4919,一筹莫展,一籌莫展,yīchóu-mòzhǎn,,7-9,1-2-4-3,4-2-4-3,yi_before_non_t4,False,https://forvo.com/word/一筹莫展/#zh
L7-4920,一帆风顺,一帆風順,yīfān-fēngshùn,,7-9,1-1-1-4,4-1-1-4,yi_before_non_t4,False,https://forvo.com/word/一帆风顺/#zh
L7-4921,一干二净,一乾二淨,yīgān-èrjìng,,7-9,1-1-4-4,4-1-4-4,yi_before_non_t4,False,https://forvo.com/word/一干二净/#zh
L7-4922,一鼓作气,一鼓作氣,yīgǔ-zuòqì,,7-9,1-3-4-4,4-3-4-4,yi_before_non_t4,False,https://forvo.com/word/一鼓作气/#zh
L7-4923,一锅粥,一鍋粥,yīguōzhōu,N,7-9,1-1-1,4-1-1,yi_before_non_t4,False,https://forvo.com/word/一锅粥/#zh
L7-4924,一回事,一回事,yīhuíshì,N,7-9,1-2-4,4-2-4,yi_before_non_t4,False,https://forvo.com/word/一回事/#zh
L7-4925,一家人,一家人,yījiārén,N,7-9,1-1-2,4-1-2,yi_before_non_t4,False,https://forvo.com/word/一家人/#zh
L7-4926,一经,一經,yījīng,Adv,7-9,1-1,4-1,yi_before_non_t4,False,https://forvo.com/word/一经/#zh
L7-4927,一举,一舉,yījǔ,N/Adv,7-9,1-3,4-3,yi_before_non_t4,False,https://forvo.com/word/一举/#zh
L7-4928,一举一动,一舉一動,yījǔ-yīdòng,,7-9,1-3-1-4,4-3-2-4,yi_before_non_t4;yi_before_t4,False,https://forvo.com/word/一举一动/#zh
L7-4929,一卡通,一卡通,yīkǎtōng,N,7-9,1-3-1,4-3-1,yi_before_non_t4,False,https://forvo.com/word/一卡通/#zh
L7-4930,一揽子,一攬子,yīlǎnzi,Adj,7-9,1-3-N,4-3-N,neutral_tone;yi_before_non_t4,False,https://forvo.com/word/一揽子/#zh
L7-4931,一连,一連,yīlián,Adv,7-9,1-2,4-2,yi_before_non_t4,False,https://forvo.com/word/一连/#zh
L7-4932,一连串,一連串,yīliánchuàn,Adj,7-9,1-2-4,4-2-4,yi_before_non_t4,False,https://forvo.com/word/一连串/#zh
L7-4933,一毛不拔,一毛不拔,yīmáo-bùbá,,7-9,1-2-4-2,4-2-4-2,yi_before_non_t4,False,https://forvo.com/word/一毛不拔/#zh
L7-4934,一年到头,一年到頭,yīnián-dàotóu,,7-9,1-2-4-2,4-2-4-2,yi_before_non_t4,False,https://forvo.com/word/一年到头/#zh
L7-4935,一旁,一旁,yīpáng,N,7-9,1-2,4-2,yi_before_non_t4,False,https://forvo.com/word/一旁/#zh
L7-4936,一如既往,一如既往,yīrú-jìwǎng,,7-9,1-2-4-3,4-2-4-3,yi_before_non_t4,False,https://forvo.com/word/一如既往/#zh
L7-4937,一声不吭,一聲不吭,yīshēng-bùkēng,,7-9,1-1-4-1,4-1-4-1,yi_before_non_t4,False,https://forvo.com/word/一声不吭/#zh
L7-4938,一手,一手,yīshǒu,N/Adv,7-9,1-3,4-3,yi_before_non_t4,False,https://forvo.com/word/一手/#zh
L7-4939,一塌糊涂,一塌糊塗,yītāhútú,,7-9,1-1-2-N,4-1-2-N,neutral_tone;yi_before_non_t4,False,https://forvo.com/word/一塌糊涂/#zh
L7-4940,一体,一體,yītǐ,N,7-9,1-3,4-3,yi_before_non_t4,False,https://forvo.com/word/一体/#zh
L7-4941,一天到晚,一天到晚,yītiān-dàowǎn,,7-9,1-1-4-3,4-1-4-3,yi_before_non_t4,False,https://forvo.com/word/一天到晚/#zh
L7-4942,一头,一頭,yītóu,Adv/N,7-9,1-2,4-2,yi_before_non_t4,False,https://forvo.com/word/一头/#zh
L7-4943,一无所有,一無所有,yīwúsuǒyǒu,,7-9,1-2-3-3,4-2-2-3,third_tone_sandhi;yi_before_non_t4,False,https://forvo.com/word/一无所有/#zh
L7-4944,一无所知,一無所知,yīwúsuǒzhī,,7-9,1-2-3-1,4-2-3-1,yi_before_non_t4,False,https://forvo.com/word/一无所知/#zh
L7-4945,一心,一心,yīxīn,Adv,7-9,1-1,4-1,yi_before_non_t4,False,https://forvo.com/word/一心/#zh
L7-4946,一心一意,一心一意,yīxīn-yīyì,,7-9,1-1-1-4,4-1-2-4,yi_before_non_t4;yi_before_t4,False,https://forvo.com/word/一心一意/#zh
L7-4947,一言不发,一言不發,yīyán-bùfā,,7-9,1-2-4-1,4-2-4-1,yi_before_non_t4,False,https://forvo.com/word/一言不发/#zh
L7-4948,一言一行,一言一行,yīyán-yīxíng,,7-9,1-2-1-2,4-2-4-2,yi_before_non_t4,False,https://forvo.com/word/一言一行/#zh
L7-4949,一眼,一眼,yīyǎn,,7-9,1-3,4-3,yi_before_non_t4,False,https://forvo.com/word/一眼/#zh
L7-4950,一应俱全,一應俱全,yīyīng-jùquán,,7-9,1-1-4-2,4-1-4-2,yi_before_non_t4,False,https://forvo.com/word/一应俱全/#zh
L7-4951,一早,一早,yīzǎo,N,7-9,1-3,4-3,yi_before_non_t4,False,https://forvo.com/word/一早/#zh
L7-4952,义工,義工,yìgōng,N,7-9,4-1,4-1,,False,https://forvo.com/word/义工/#zh
L7-4953,议,議,yì,V,7-9,4,4,,False,https://forvo.com/word/议/#zh
L7-4954,议程,議程,yìchéng,N,7-9,4-2,4-2,,False,https://forvo.com/word/议程/#zh
L7-4955,议会,議會,yìhuì,N,7-9,4-4,4-4,,False,https://forvo.com/word/议会/#zh
L7-4956,议员,議員,yìyuán,N,7-9,4-2,4-2,,False,https://forvo.com/word/议员/#zh
L7-4957,屹立,屹立,yìlì,V,7-9,4-4,4-4,,False,https://forvo.com/word/屹立/#zh
L7-4958,亦,亦,yì,Adv,7-9,4,4,,False,https://forvo.com/word/亦/#zh
L7-4959,异口同声,異口同聲,yìkǒu-tóngshēng,,7-9,4-3-2-1,4-3-2-1,,False,https://forvo.com/word/异口同声/#zh
L7-4960,异想天开,異想天開,yìxiǎng-tiānkāi,,7-9,4-3-1-1,4-3-1-1,,False,https://forvo.com/word/异想天开/#zh
L7-4961,异性,異性,yìxìng,Adj/N,7-9,4-4,4-4,,False,https://forvo.com/word/异性/#zh
L7-4962,异议,異議,yìyì,N,7-9,4-4,4-4,,False,https://forvo.com/word/异议/#zh
L7-4963,抑扬顿挫,抑揚頓挫,yìyáng-dùncuò,,7-9,4-2-4-4,4-2-4-4,,False,https://forvo.com/word/抑扬顿挫/#zh
L7-4964,抑郁,抑鬱,yìyù,Adj,7-9,4-4,4-4,,False,https://forvo.com/word/抑郁/#zh
L7-4965,抑郁症,抑鬱症,yìyùzhèng,N,7-9,4-4-4,4-4-4,,False,https://forvo.com/word/抑郁症/#zh
L7-4966,抑制,抑制,yìzhì,V,7-9,4-4,4-4,,False,https://forvo.com/word/抑制/#zh
L7-4967,译,譯,yì,V,7-9,4,4,,False,https://forvo.com/word/译/#zh
L7-4968,易拉罐,易拉罐,yìlāguàn,N,7-9,4-1-4,4-1-4,,False,https://forvo.com/word/易拉罐/#zh
L7-4969,疫苗,疫苗,yìmiáo,N,7-9,4-2,4-2,,False,https://forvo.com/word/疫苗/#zh
L7-4970,益处,益處,yìchù,N,7-9,4-N,4-N,neutral_tone,False,https://forvo.com/word/益处/#zh
L7-4971,意料,意料,yìliào,V,7-9,4-4,4-4,,False,https://forvo.com/word/意料/#zh
L7-4972,意料之外,意料之外,yìliào zhī wài,,7-9,4-4-1-4,4-4-1-4,,False,https://forvo.com/word/意料之外/#zh
L7-4973,意图,意圖,yìtú,N,7-9,4-2,4-2,,False,https://forvo.com/word/意图/#zh
L7-4974,意向,意向,yìxiàng,N,7-9,4-4,4-4,,False,https://forvo.com/word/意向/#zh
L7-4975,溢,溢,yì,V,7-9,4,4,,False,https://forvo.com/word/溢/#zh
L7-4976,毅力,毅力,yìlì,N,7-9,4-4,4-4,,False,https://forvo.com/word/毅力/#zh
L7-4977,毅然,毅然,yìrán,Adv,7-9,4-2,4-2,,False,https://forvo.com/word/毅然/#zh
L7-4978,因人而异,因人而異,yīnrén'éryì,,7-9,1-2-2-4,1-2-2-4,,False,https://forvo.com/word/因人而异/#zh
L7-4979,阴暗,陰暗,yīn'àn,Adj,7-9,1-4,1-4,,False,https://forvo.com/word/阴暗/#zh
L7-4980,阴性,陰性,yīnxìng,N,7-9,1-4,1-4,,False,https://forvo.com/word/阴性/#zh
L7-4981,音响,音響,yīnxiǎng,N,7-9,1-3,1-3,,False,https://forvo.com/word/音响/#zh
L7-4982,殷勤,殷勤,yīnqín,Adj,7-9,1-2,1-2,,False,https://forvo.com/word/殷勤/#zh
L7-4983,银幕,銀幕,yínmù,N,7-9,2-4,2-4,,False,https://forvo.com/word/银幕/#zh
L7-4984,引发,引發,yǐnfā,V,7-9,3-1,3-1,,False,https://forvo.com/word/引发/#zh
L7-4985,引经据典,引經據典,yǐnjīng-jùdiǎn,,7-9,3-1-4-3,3-1-4-3,,False,https://forvo.com/word/引经据典/#zh
L7-4986,引领,引領,yǐnlǐng,V,7-9,3-3,2-3,third_tone_sandhi,False,https://forvo.com/word/引领/#zh
L7-4987,引擎,引擎,yǐnqíng,N,7-9,3-2,3-2,,False,https://forvo.com/word/引擎/#zh
L7-4988,引人入胜,引人入勝,yǐnrén-rùshèng,,7-9,3-2-4-4,3-2-4-4,,False,https://forvo.com/word/引人入胜/#zh
L7-4989,引人注目,引人注目,yǐnrén-zhùmù,,7-9,3-2-4-4,3-2-4-4,,False,https://forvo.com/word/引人注目/#zh
L7-4990,引入,引入,yǐnrù,V,7-9,3-4,3-4,,False,https://forvo.com/word/引入/#zh
L7-4991,引用,引用,yǐnyòng,V,7-9,3-4,3-4,,False,https://forvo.com/word/引用/#zh
L7-4992,引诱,引誘,yǐnyòu,V,7-9,3-4,3-4,,False,https://forvo.com/word/引诱/#zh
L7-4993,饮水,飲水,yǐn shuǐ,,7-9,3-3,2-3,third_tone_sandhi,False,https://forvo.com/word/饮水/#zh
L7-4994,饮用水,飲用水,yǐnyòngshuǐ,N,7-9,3-4-3,3-4-3,,False,https://forvo.com/word/饮用水/#zh
L7-4995,隐蔽,隱蔽,yǐnbì,V/Adj,7-9,3-4,3-4,,False,https://forvo.com/word/隐蔽/#zh
L7-4996,隐患,隱患,yǐnhuàn,N,7-9,3-4,3-4,,False,https://forvo.com/word/隐患/#zh
L7-4997,隐瞒,隱瞞,yǐnmán,V,7-9,3-2,3-2,,False,https://forvo.com/word/隐瞒/#zh
L7-4998,隐情,隱情,yǐnqíng,N,7-9,3-2,3-2,,False,https://forvo.com/word/隐情/#zh
L7-4999,隐身,隱身,yǐnshēn,V,7-9,3-1,3-1,,False,https://forvo.com/word/隐身/#zh
L7-5000,隐形,隱形,yǐnxíng,Adj,7-9,3-2,3-2,,False,https://forvo.com/word/隐形/#zh
L7-5001,隐性,隱性,yǐnxìng,Adj,7-9,3-4,3-4,,False,https://forvo.com/word/隐性/#zh
L7-5002,隐约,隱約,yǐnyuē,Adj,7-9,3-1,3-1,,False,https://forvo.com/word/隐约/#zh
L7-5003,瘾,癮,yǐn,N,7-9,3,3,,False,https://forvo.com/word/瘾/#zh
L7-5004,印刷术,印刷術,yìnshuāshù,N,7-9,4-1-4,4-1-4,,False,https://forvo.com/word/印刷术/#zh
L7-5005,印章,印章,yìnzhāng,N,7-9,4-1,4-1,,False,https://forvo.com/word/印章/#zh
L7-5006,印证,印證,yìnzhèng,V/N,7-9,4-4,4-4,,False,https://forvo.com/word/印证/#zh
L7-5007,应有尽有,應有盡有,yīngyǒu-jìnyǒu,,7-9,1-3-4-3,1-3-4-3,,False,https://forvo.com/word/应有尽有/#zh
L7-5008,英镑,英鎊,yīngbàng,N,7-9,1-4,1-4,,False,https://forvo.com/word/英镑/#zh
L7-5009,英俊,英俊,yīngjùn,Adj,7-9,1-4,1-4,,False,https://forvo.com/word/英俊/#zh
L7-5010,婴儿,嬰兒,yīng'ér,N,7-9,1-2,1-2,,False,https://forvo.com/word/婴儿/#zh
L7-5011,鹰,鷹,yīng,N,7-9,1,1,,False,https://forvo.com/word/鹰/#zh
L7-5012,迎,迎,yíng,V,7-9,2,2,,False,https://forvo.com/word/迎/#zh
L7-5013,迎合,迎合,yínghé,V,7-9,2-2,2-2,,False,https://forvo.com/word/迎合/#zh
L7-5014,荧光,熒光,yíngguāng,N,7-9,2-1,2-1,,False,https://forvo.com/word/荧光/#zh
L7-5015,盈利,盈利,yínglì,V/N,7-9,2-4,2-4,,False,https://forvo.com/word/盈利/#zh
L7-5016,营救,營救,yíngjiù,V,7-9,2-4,2-4,,False,https://forvo.com/word/营救/#zh
L7-5017,营造,營造,yíngzào,V,7-9,2-4,2-4,,False,https://forvo.com/word/营造/#zh
L7-5018,赢家,贏家,yíngjiā,N,7-9,2-1,2-1,,False,https://forvo.com/word/赢家/#zh
L7-5019,影像,影像,yǐngxiàng,N,7-9,3-4,3-4,,False,https://forvo.com/word/影像/#zh
L7-5020,应酬,應酬,yìngchou,V/N,7-9,4-N,4-N,neutral_tone,False,https://forvo.com/word/应酬/#zh
L7-5021,应付,應付,yìngfu,V,7-9,4-N,4-N,neutral_tone,False,https://forvo.com/word/应付/#zh
L7-5022,应聘,應聘,yìngpìn,V,7-9,4-4,4-4,,False,https://forvo.com/word/应聘/#zh
L7-5023,应邀,應邀,yìngyāo,V,7-9,4-1,4-1,,False,https://forvo.com/word/应邀/#zh
L7-5024,映,映,yìng,V,7-9,4,4,,False,https://forvo.com/word/映/#zh
L7-5025,硬币,硬幣,yìngbì,N,7-9,4-4,4-4,,False,https://forvo.com/word/硬币/#zh
L7-5026,硬朗,硬朗,yìnglang,Adj,7-9,4-3,4-3,,False,https://forvo.com/word/硬朗/#zh
L7-5027,硬盘,硬盤,yìngpán,N,7-9,4-2,4-2,,False,https://forvo.com/word/硬盘/#zh
L7-5028,拥护,擁護,yōnghù,V,7-9,1-4,1-4,,False,https://forvo.com/word/拥护/#zh
L7-5029,拥挤,擁擠,yōngjǐ,V/Adj,7-9,1-3,1-3,,False,https://forvo.com/word/拥挤/#zh
L7-5030,庸俗,庸俗,yōngsú,Adj,7-9,1-2,1-2,,False,https://forvo.com/word/庸俗/#zh
L7-5031,永不,永不,yǒng bù,,7-9,3-4,3-4,,False,https://forvo.com/word/永不/#zh
L7-5032,永恒,永恆,yǒnghéng,Adj,7-9,3-2,3-2,,False,https://forvo.com/word/永恒/#zh
L7-5033,永久,永久,yǒngjiǔ,Adj,7-9,3-3,2-3,third_tone_sandhi,False,https://forvo.com/word/永久/#zh
L7-5034,勇往直前,勇往直前,yǒngwǎng-zhíqián,,7-9,3-3-2-2,2-3-2-2,third_tone_sandhi,False,https://forvo.com/word/勇往直前/#zh
L7-5035,勇于,勇於,yǒngyú,V,7-9,3-2,3-2,,False,https://forvo.com/word/勇于/#zh
L7-5036,涌,湧,yǒng,V,7-9,3,3,,False,https://forvo.com/word/涌/#zh
L7-5037,涌入,湧入,yǒngrù,V,7-9,3-4,3-4,,False,https://forvo.com/word/涌入/#zh
L7-5038,涌现,湧現,yǒngxiàn,V,7-9,3-4,3-4,,False,https://forvo.com/word/涌现/#zh
L7-5039,踊跃,踴躍,yǒngyuè,V/Adj,7-9,3-4,3-4,,False,https://forvo.com/word/踊跃/#zh
L7-5040,用餐,用餐,yòngcān,,7-9,4-1,4-1,,False,https://forvo.com/word/用餐/#zh
L7-5041,用功,用功,yònggōng,Adj,7-9,4-1,4-1,,False,https://forvo.com/word/用功/#zh
L7-5042,用力,用力,yònglì,,7-9,4-4,4-4,,False,https://forvo.com/word/用力/#zh
L7-5043,用人,用人,yòngrén,,7-9,4-2,4-2,,False,https://forvo.com/word/用人/#zh
L7-5044,用意,用意,yòngyì,N,7-9,4-4,4-4,,False,https://forvo.com/word/用意/#zh
L7-5045,优,優,yōu,Adj,7-9,1,1,,False,https://forvo.com/word/优/#zh
L7-5046,优化,優化,yōuhuà,V,7-9,1-4,1-4,,False,https://forvo.com/word/优化/#zh
L7-5047,优雅,優雅,yōuyǎ,Adj,7-9,1-3,1-3,,False,https://forvo.com/word/优雅/#zh
L7-5048,优异,優異,yōuyì,Adj,7-9,1-4,1-4,,False,https://forvo.com/word/优异/#zh
L7-5049,优越,優越,yōuyuè,Adj,7-9,1-4,1-4,,False,https://forvo.com/word/优越/#zh
L7-5050,忧愁,憂愁,yōuchóu,Adj,7-9,1-2,1-2,,False,https://forvo.com/word/忧愁/#zh
L7-5051,忧虑,憂慮,yōulǜ,V,7-9,1-4,1-4,,False,https://forvo.com/word/忧虑/#zh
L7-5052,忧郁,憂鬱,yōuyù,Adj,7-9,1-4,1-4,,False,https://forvo.com/word/忧郁/#zh
L7-5053,悠久,悠久,yōujiǔ,Adj,7-9,1-3,1-3,,False,https://forvo.com/word/悠久/#zh
L7-5054,悠闲,悠閒,yōuxián,Adj,7-9,1-2,1-2,,False,https://forvo.com/word/悠闲/#zh
L7-5055,尤为,尤為,yóuwéi,Adv,7-9,2-2,2-2,,False,https://forvo.com/word/尤为/#zh
L7-5056,由此看来,由此看來,yóucǐ-kànlái,,7-9,2-3-4-2,2-3-4-2,,False,https://forvo.com/word/由此看来/#zh
L7-5057,由此可见,由此可見,yóucǐ-kějiàn,,7-9,2-3-3-4,2-2-3-4,third_tone_sandhi,False,https://forvo.com/word/由此可见/#zh
L7-5058,由来,由來,yóulái,N,7-9,2-2,2-2,,False,https://forvo.com/word/由来/#zh
L7-5059,由衷,由衷,yóuzhōng,V,7-9,2-1,2-1,,False,https://forvo.com/word/由衷/#zh
L7-5060,邮编,郵編,yóubiān,N,7-9,2-1,2-1,,False,https://forvo.com/word/邮编/#zh
L7-5061,邮政,郵政,yóuzhèng,N,7-9,2-4,2-4,,False,https://forvo.com/word/邮政/#zh
L7-5062,犹如,猶如,yóurú,V,7-9,2-2,2-2,,False,https://forvo.com/word/犹如/#zh
L7-5063,犹豫不决,猶豫不決,yóuyù-bùjué,,7-9,2-4-4-2,2-4-4-2,,False,https://forvo.com/word/犹豫不决/#zh
L7-5064,油画,油畫,yóuhuà,N,7-9,2-4,2-4,,False,https://forvo.com/word/油画/#zh
L7-5065,游船,遊船,yóuchuán,N,7-9,2-2,2-2,,False,https://forvo.com/word/游船/#zh
L7-5066,游览,遊覽,yóulǎn,V,7-9,2-3,2-3,,False,https://forvo.com/word/游览/#zh
L7-5067,友情,友情,yǒuqíng,N,7-9,3-2,3-2,,False,https://forvo.com/word/友情/#zh
L7-5068,友人,友人,yǒurén,N,7-9,3-2,3-2,,False,https://forvo.com/word/友人/#zh
L7-5069,友善,友善,yǒushàn,Adj,7-9,3-4,3-4,,False,https://forvo.com/word/友善/#zh
L7-5070,有待,有待,yǒudài,V,7-9,3-4,3-4,,False,https://forvo.com/word/有待/#zh
L7-5071,有的放矢,有的放矢,yǒudì-fàngshǐ,,7-9,3-4-4-3,3-4-4-3,,False,https://forvo.com/word/有的放矢/#zh
L7-5072,有机,有機,yǒujī,Adj,7-9,3-1,3-1,,False,https://forvo.com/word/有机/#zh
L7-5073,有口无心,有口無心,yǒukǒu-wúxīn,,7-9,3-3-2-1,2-3-2-1,third_tone_sandhi,False,https://forvo.com/word/有口无心/#zh
L7-5074,有两下子,有兩下子,yǒu liǎngxiàzi,,7-9,3-3-4-N,2-3-4-N,neutral_tone;third_tone_sandhi,False,https://forvo.com/word/有两下子/#zh
L7-5075,有声有色,有聲有色,yǒushēng-yǒusè,,7-9,3-1-3-4,3-1-3-4,,False,https://forvo.com/word/有声有色/#zh
L7-5076,有所,有所,yǒusuǒ,V,7-9,3-3,2-3,third_tone_sandhi,False,https://forvo.com/word/有所/#zh
L7-5077,有所不同,有所不同,yǒusuǒ bù tóng,,7-9,3-3-4-2,2-3-4-2,third_tone_sandhi,False,https://forvo.com/word/有所不同/#zh
L7-5078,有望,有望,yǒuwàng,V,7-9,3-4,3-4,,False,https://forvo.com/word/有望/#zh
L7-5079,有效期,有效期,yǒuxiàoqī,N,7-9,3-4-1,3-4-1,,False,https://forvo.com/word/有效期/#zh
L7-5080,有幸,有幸,yǒuxìng,Adj,7-9,3-4,3-4,,False,https://forvo.com/word/有幸/#zh
L7-5081,有序,有序,yǒuxù,Adj,7-9,3-4,3-4,,False,https://forvo.com/word/有序/#zh
L7-5082,有益,有益,yǒuyì,Adj,7-9,3-4,3-4,,False,https://forvo.com/word/有益/#zh
L7-5083,有意,有意,yǒuyì,V/Adv,7-9,3-4,3-4,,False,https://forvo.com/word/有意/#zh
L7-5084,有朝一日,有朝一日,yǒuzhāo-yīrì,,7-9,3-1-1-4,3-1-2-4,yi_before_t4,False,https://forvo.com/word/有朝一日/#zh
L7-5085,有助于,有助於,yǒuzhùyú,V,7-9,3-4-2,3-4-2,,False,https://forvo.com/word/有助于/#zh
L7-5086,幼稚,幼稚,yòuzhì,Adj,7-9,4-4,4-4,,False,https://forvo.com/word/幼稚/#zh
L7-5087,诱饵,誘餌,yòu'ěr,N,7-9,4-3,4-3,,False,https://forvo.com/word/诱饵/#zh
L7-5088,诱发,誘發,yòufā,V,7-9,4-1,4-1,,False,https://forvo.com/word/诱发/#zh
L7-5089,诱惑,誘惑,yòuhuò,V/N,7-9,4-4,4-4,,False,https://forvo.com/word/诱惑/#zh
L7-5090,诱人,誘人,yòurén,Adj,7-9,4-2,4-2,,False,https://forvo.com/word/诱人/#zh
L7-5091,余,余,yú,V/Num,7-9,2,2,,False,https://forvo.com/word/余/#zh
L7-5092,余地,餘地,yúdì,N,7-9,2-4,2-4,,False,https://forvo.com/word/余地/#zh
L7-5093,余额,餘額,yú'é,N,7-9,2-2,2-2,,False,https://forvo.com/word/余额/#zh
L7-5094,渔船,漁船,yúchuán,N,7-9,2-2,2-2,,False,https://forvo.com/word/渔船/#zh
L7-5095,渔民,漁民,yúmín,N,7-9,2-2,2-2,,False,https://forvo.com/word/渔民/#zh
L7-5096,逾期,逾期,yúqī,,7-9,2-1,2-1,,False,https://forvo.com/word/逾期/#zh
L7-5097,愚蠢,愚蠢,yúchǔn,Adj,7-9,2-3,2-3,,False,https://forvo.com/word/愚蠢/#zh
L7-5098,愚公移山,愚公移山,yúgōng-yíshān,,7-9,2-1-2-1,2-1-2-1,,False,https://forvo.com/word/愚公移山/#zh
L7-5099,舆论,輿論,yúlùn,N,7-9,2-4,2-4,,False,https://forvo.com/word/舆论/#zh
L7-5100,与此同时,與此同時,yǔcǐ-tóngshí,,7-9,3-3-2-2,2-3-2-2,third_tone_sandhi,False,https://forvo.com/word/与此同时/#zh
L7-5101,与否,與否,yǔ fǒu,,7-9,3-3,2-3,third_tone_sandhi,False,https://forvo.com/word/与否/#zh
L7-5102,与其,與其,yǔqí,Conj,7-9,3-2,3-2,,False,https://forvo.com/word/与其/#zh
L7-5103,与日俱增,與日俱增,yǔrì-jùzēng,,7-9,3-4-4-1,3-4-4-1,,False,https://forvo.com/word/与日俱增/#zh
L7-5104,与时俱进,與時俱進,yǔshí-jùjìn,,7-9,3-2-4-4,3-2-4-4,,False,https://forvo.com/word/与时俱进/#zh
L7-5105,与众不同,與眾不同,yǔzhòng-bùtóng,,7-9,3-4-4-2,3-4-4-2,,False,https://forvo.com/word/与众不同/#zh
L7-5106,予以,予以,yǔyǐ,V,7-9,3-3,2-3,third_tone_sandhi,False,https://forvo.com/word/予以/#zh
L7-5107,宇宙,宇宙,yǔzhòu,N,7-9,3-4,3-4,,False,https://forvo.com/word/宇宙/#zh
L7-5108,语气,語氣,yǔqì,N,7-9,3-4,3-4,,False,https://forvo.com/word/语气/#zh
L7-5109,浴室,浴室,yùshì,N,7-9,4-4,4-4,,False,https://forvo.com/word/浴室/#zh
L7-5110,预定,預定,yùdìng,V,7-9,4-4,4-4,,False,https://forvo.com/word/预定/#zh
L7-5111,预感,預感,yùgǎn,V/N,7-9,4-3,4-3,,False,https://forvo.com/word/预感/#zh
L7-5112,预告,預告,yùgào,V/N,7-9,4-4,4-4,,False,https://forvo.com/word/预告/#zh
L7-5113,预见,預見,yùjiàn,V/N,7-9,4-4,4-4,,False,https://forvo.com/word/预见/#zh
L7-5114,预料,預料,yùliào,V/N,7-9,4-4,4-4,,False,https://forvo.com/word/预料/#zh
L7-5115,预赛,預賽,yùsài,V/N,7-9,4-4,4-4,,False,https://forvo.com/word/预赛/#zh
L7-5116,预示,預示,yùshì,V,7-9,4-4,4-4,,False,https://forvo.com/word/预示/#zh
L7-5117,预售,預售,yùshòu,V,7-9,4-4,4-4,,False,https://forvo.com/word/预售/#zh
L7-5118,预算,預算,yùsuàn,N,7-9,4-4,4-4,,False,https://forvo.com/word/预算/#zh
L7-5119,预先,預先,yùxiān,Adv,7-9,4-1,4-1,,False,https://forvo.com/word/预先/#zh
L7-5120,预言,預言,yùyán,V/N,7-9,4-2,4-2,,False,https://forvo.com/word/预言/#zh
L7-5121,预兆,預兆,yùzhào,N/V,7-9,4-4,4-4,,False,https://forvo.com/word/预兆/#zh
L7-5122,欲望,慾望,yùwàng,N,7-9,4-4,4-4,,False,https://forvo.com/word/欲望/#zh
L7-5123,遇难,遇難,yùnàn,,7-9,4-4,4-4,,False,https://forvo.com/word/遇难/#zh
L7-5124,遇上,遇上,yùshang,,7-9,4-4,4-4,,False,https://forvo.com/word/遇上/#zh
L7-5125,遇险,遇險,yùxiǎn,,7-9,4-3,4-3,,False,https://forvo.com/word/遇险/#zh
L7-5126,寓言,寓言,yùyán,N,7-9,4-2,4-2,,False,https://forvo.com/word/寓言/#zh
L7-5127,寓意,寓意,yùyì,N,7-9,4-4,4-4,,False,https://forvo.com/word/寓意/#zh
L7-5128,愈合,癒合,yùhé,V,7-9,4-2,4-2,,False,https://forvo.com/word/愈合/#zh
L7-5129,愈来愈,愈來愈,yù lái yù,,7-9,4-2-4,4-2-4,,False,https://forvo.com/word/愈来愈/#zh
L7-5130,愈演愈烈,愈演愈烈,yùyǎn-yùliè,,7-9,4-3-4-4,4-3-4-4,,False,https://forvo.com/word/愈演愈烈/#zh
L7-5131,冤,冤,yuān,N/Adj,7-9,1,1,,False,https://forvo.com/word/冤/#zh
L7-5132,冤枉,冤枉,yuānwang,V/Adj,7-9,1-N,1-N,neutral_tone,False,https://forvo.com/word/冤枉/#zh
L7-5133,渊源,淵源,yuānyuán,N,7-9,1-2,1-2,,False,https://forvo.com/word/渊源/#zh
L7-5134,元老,元老,yuánlǎo,N,7-9,2-3,2-3,,False,https://forvo.com/word/元老/#zh
L7-5135,元首,元首,yuánshǒu,N,7-9,2-3,2-3,,False,https://forvo.com/word/元首/#zh
L7-5136,元宵节,元宵節,Yuánxiāo Jié,N,7-9,2-1-2,2-1-2,,False,https://forvo.com/word/元宵节/#zh
L7-5137,原本,原本,yuánběn,Adv,7-9,2-3,2-3,,False,https://forvo.com/word/原本/#zh
L7-5138,原材料,原材料,yuáncáiliào,N,7-9,2-2-4,2-2-4,,False,https://forvo.com/word/原材料/#zh
L7-5139,原创,原創,yuánchuàng,V,7-9,2-4,2-4,,False,https://forvo.com/word/原创/#zh
L7-5140,原地,原地,yuándì,N,7-9,2-4,2-4,,False,https://forvo.com/word/原地/#zh
L7-5141,原型,原型,yuánxíng,N,7-9,2-2,2-2,,False,https://forvo.com/word/原型/#zh
L7-5142,原汁原味,原汁原味,yuánzhī-yuánwèi,,7-9,2-1-2-4,2-1-2-4,,False,https://forvo.com/word/原汁原味/#zh
L7-5143,原装,原裝,yuánzhuāng,Adj,7-9,2-1,2-1,,False,https://forvo.com/word/原装/#zh
L7-5144,圆形,圓形,yuánxíng,N,7-9,2-2,2-2,,False,https://forvo.com/word/圆形/#zh
L7-5145,缘分,緣分,yuánfèn,N,7-9,2-4,2-4,,False,https://forvo.com/word/缘分/#zh
L7-5146,源泉,源泉,yuánquán,N,7-9,2-2,2-2,,False,https://forvo.com/word/源泉/#zh
L7-5147,源头,源頭,yuántóu,N,7-9,2-2,2-2,,False,https://forvo.com/word/源头/#zh
L7-5148,源于,源於,yuányú,,7-9,2-2,2-2,,False,https://forvo.com/word/源于/#zh
L7-5149,源源不断,源源不斷,yuányuán-bùduàn,,7-9,2-2-4-4,2-2-2-4,bu_before_t4,False,https://forvo.com/word/源源不断/#zh
L7-5150,远程,遠程,yuǎnchéng,Adj,7-9,3-2,3-2,,False,https://forvo.com/word/远程/#zh
L7-5151,远见,遠見,yuǎnjiàn,N,7-9,3-4,3-4,,False,https://forvo.com/word/远见/#zh
L7-5152,远近闻名,遠近聞名,yuǎnjìn-wénmíng,,7-9,3-4-2-2,3-4-2-2,,False,https://forvo.com/word/远近闻名/#zh
L7-5153,怨恨,怨恨,yuànhèn,V/N,7-9,4-4,4-4,,False,https://forvo.com/word/怨恨/#zh
L7-5154,怨气,怨氣,yuànqì,N,7-9,4-4,4-4,,False,https://forvo.com/word/怨气/#zh
L7-5155,怨言,怨言,yuànyán,N,7-9,4-2,4-2,,False,https://forvo.com/word/怨言/#zh
L7-5156,院士,院士,yuànshì,N,7-9,4-4,4-4,,False,https://forvo.com/word/院士/#zh
L7-5157,曰,曰,yuē,V,7-9,1,1,,False,https://forvo.com/word/曰/#zh
L7-5158,约定俗成,約定俗成,yuēdìng-súchéng,,7-9,1-4-2-2,1-4-2-2,,False,https://forvo.com/word/约定俗成/#zh
L7-5159,月初,月初,yuèchū,N,7-9,4-1,4-1,,False,https://forvo.com/word/月初/#zh
L7-5160,月票,月票,yuèpiào,N,7-9,4-4,4-4,,False,https://forvo.com/word/月票/#zh
L7-5161,乐器,樂器,yuèqì,N,7-9,4-4,4-4,,False,https://forvo.com/word/乐器/#zh
L7-5162,岳父,岳父,yuèfù,N,7-9,4-4,4-4,,False,https://forvo.com/word/岳父/#zh
L7-5163,岳母,岳母,yuèmǔ,N,7-9,4-3,4-3,,False,https://forvo.com/word/岳母/#zh
L7-5164,阅历,閱歷,yuèlì,V/N,7-9,4-4,4-4,,False,https://forvo.com/word/阅历/#zh
L7-5165,悦耳,悅耳,yuè'ěr,Adj,7-9,4-3,4-3,,False,https://forvo.com/word/悦耳/#zh
L7-5166,越发,越發,yuèfā,Adv,7-9,4-1,4-1,,False,https://forvo.com/word/越发/#zh
L7-5167,越过,越過,yuèguò,,7-9,4-4,4-4,,False,https://forvo.com/word/越过/#zh
L7-5168,晕倒,暈倒,yūndǎo,,7-9,1-3,1-3,,False,https://forvo.com/word/晕倒/#zh
L7-5169,陨石,隕石,yǔnshí,N,7-9,3-2,3-2,,False,https://forvo.com/word/陨石/#zh
L7-5170,孕妇,孕婦,yùnfù,N,7-9,4-4,4-4,,False,https://forvo.com/word/孕妇/#zh
L7-5171,孕育,孕育,yùnyù,V,7-9,4-4,4-4,,False,https://forvo.com/word/孕育/#zh
L7-5172,运河,運河,yùnhé,N,7-9,4-2,4-2,,False,https://forvo.com/word/运河/#zh
L7-5173,运送,運送,yùnsòng,V,7-9,4-4,4-4,,False,https://forvo.com/word/运送/#zh
L7-5174,运营,運營,yùnyíng,V,7-9,4-2,4-2,,False,https://forvo.com/word/运营/#zh
L7-5175,运转,運轉,yùnzhuǎn,V,7-9,4-3,4-3,,False,https://forvo.com/word/运转/#zh
L7-5176,酝酿,醞釀,yùnniàng,V,7-9,4-4,4-4,,False,https://forvo.com/word/酝酿/#zh
L7-5177,韵味,韻味,yùnwèi,N,7-9,4-4,4-4,,False,https://forvo.com/word/韵味/#zh
L7-5178,蕴藏,蘊藏,yùncáng,V,7-9,4-2,4-2,,False,https://forvo.com/word/蕴藏/#zh
L7-5179,蕴涵,蘊涵,yùnhán,V,7-9,4-2,4-2,,False,https://forvo.com/word/蕴涵/#zh
L7-5180,杂技,雜技,zájì,N,7-9,2-4,2-4,,False,https://forvo.com/word/杂技/#zh
L7-5181,杂交,雜交,zájiāo,V,7-9,2-1,2-1,,False,https://forvo.com/word/杂交/#zh
L7-5182,杂乱无章,雜亂無章,záluàn-wúzhāng,,7-9,2-4-2-1,2-4-2-1,,False,https://forvo.com/word/杂乱无章/#zh
L7-5183,砸,砸,zá,V,7-9,2,2,,False,https://forvo.com/word/砸/#zh
L7-5184,栽,栽,zāi,V,7-9,1,1,,False,https://forvo.com/word/栽/#zh
L7-5185,栽培,栽培,zāipéi,V,7-9,1-2,1-2,,False,https://forvo.com/word/栽培/#zh
L7-5186,宰,宰,zǎi,V,7-9,3,3,,False,https://forvo.com/word/宰/#zh
L7-5187,再度,再度,zàidù,Adv,7-9,4-4,4-4,,False,https://forvo.com/word/再度/#zh
L7-5188,再现,再現,zàixiàn,V,7-9,4-4,4-4,,False,https://forvo.com/word/再现/#zh
L7-5189,在线,在線,zàixiàn,V,7-9,4-4,4-4,,False,https://forvo.com/word/在线/#zh
L7-5190,在意,在意,zàiyì,,7-9,4-4,4-4,,False,https://forvo.com/word/在意/#zh
L7-5191,在职,在職,zàizhí,V,7-9,4-2,4-2,,False,https://forvo.com/word/在职/#zh
L7-5192,载体,載體,zàitǐ,N,7-9,4-3,4-3,,False,https://forvo.com/word/载体/#zh
L7-5193,攒,攢,zǎn,V,7-9,3,3,,False,https://forvo.com/word/攒/#zh
L7-5194,暂,暫,zàn,Adv,7-9,4,4,,False,https://forvo.com/word/暂/#zh
L7-5195,赞不绝口,讚不絕口,zànbùjuékǒu,,7-9,4-4-2-3,4-4-2-3,,False,https://forvo.com/word/赞不绝口/#zh
L7-5196,赞美,讚美,zànměi,V,7-9,4-3,4-3,,False,https://forvo.com/word/赞美/#zh
L7-5197,赞叹,讚嘆,zàntàn,V,7-9,4-4,4-4,,False,https://forvo.com/word/赞叹/#zh
L7-5198,赞叹不已,贊嘆不已,zàntàn-bùyǐ,,7-9,4-4-4-3,4-4-4-3,,False,https://forvo.com/word/赞叹不已/#zh
L7-5199,赞同,贊同,zàntóng,V,7-9,4-2,4-2,,False,https://forvo.com/word/赞同/#zh
L7-5200,赞许,讚許,zànxǔ,V,7-9,4-3,4-3,,False,https://forvo.com/word/赞许/#zh
L7-5201,赞扬,讚揚,zànyáng,V,7-9,4-2,4-2,,False,https://forvo.com/word/赞扬/#zh
L7-5202,葬,葬,zàng,V,7-9,4,4,,False,https://forvo.com/word/葬/#zh
L7-5203,葬礼,葬禮,zànglǐ,N,7-9,4-3,4-3,,False,https://forvo.com/word/葬礼/#zh
L7-5204,遭殃,遭殃,zāoyāng,,7-9,1-1,1-1,,False,https://forvo.com/word/遭殃/#zh
L7-5205,凿,鑿,záo,V,7-9,2,2,,False,https://forvo.com/word/凿/#zh
L7-5206,早年,早年,zǎonián,N,7-9,3-2,3-2,,False,https://forvo.com/word/早年/#zh
L7-5207,早日,早日,zǎorì,Adv/N,7-9,3-4,3-4,,False,https://forvo.com/word/早日/#zh
L7-5208,枣,棗,zǎo,N,7-9,3,3,,False,https://forvo.com/word/枣/#zh
L7-5209,造福,造福,zàofú,V,7-9,4-2,4-2,,False,https://forvo.com/word/造福/#zh
L7-5210,造假,造假,zàojiǎ,V,7-9,4-3,4-3,,False,https://forvo.com/word/造假/#zh
L7-5211,造价,造價,zàojià,N,7-9,4-4,4-4,,False,https://forvo.com/word/造价/#zh
L7-5212,造就,造就,zàojiù,V/N,7-9,4-4,4-4,,False,https://forvo.com/word/造就/#zh
L7-5213,造纸术,造紙術,zàozhǐshù,N,7-9,4-3-4,4-3-4,,False,https://forvo.com/word/造纸术/#zh
L7-5214,噪声,噪聲,zàoshēng,N,7-9,4-1,4-1,,False,https://forvo.com/word/噪声/#zh
L7-5215,噪音,噪音,zàoyīn,N,7-9,4-1,4-1,,False,https://forvo.com/word/噪音/#zh
L7-5216,则,則,zé,Conj,7-9,2,2,,False,https://forvo.com/word/则/#zh
L7-5217,则,則,zé,M,7-9,2,2,,False,https://forvo.com/word/则/#zh
L7-5218,责备,責備,zébèi,V,7-9,2-4,2-4,,False,https://forvo.com/word/责备/#zh
L7-5219,责怪,責怪,zéguài,V,7-9,2-4,2-4,,False,https://forvo.com/word/责怪/#zh
L7-5220,贼,賊,zéi,N,7-9,2,2,,False,https://forvo.com/word/贼/#zh
L7-5221,增收,增收,zēngshōu,V,7-9,1-1,1-1,,False,https://forvo.com/word/增收/#zh
L7-5222,增添,增添,zēngtiān,V,7-9,1-1,1-1,,False,https://forvo.com/word/增添/#zh
L7-5223,扎根,扎根,zhāgēn,,7-9,1-1,1-1,,False,https://forvo.com/word/扎根/#zh
L7-5224,渣子,渣子,zhāzi,N,7-9,1-N,1-N,neutral_tone,False,https://forvo.com/word/渣子/#zh
L7-5225,闸,閘,zhá,N,7-9,2,2,,False,https://forvo.com/word/闸/#zh
L7-5226,炸,炸,zhá,V,7-9,2,2,,False,https://forvo.com/word/炸/#zh
L7-5227,眨眼,眨眼,zhǎyǎn,,7-9,3-3,2-3,third_tone_sandhi,False,https://forvo.com/word/眨眼/#zh
L7-5228,诈骗,詐騙,zhàpiàn,V,7-9,4-4,4-4,,False,https://forvo.com/word/诈骗/#zh
L7-5229,榨,榨,zhà,V,7-9,4,4,,False,https://forvo.com/word/榨/#zh
L7-5230,窄,窄,zhǎi,Adj,7-9,3,3,,False,https://forvo.com/word/窄/#zh
L7-5231,债务,債務,zhàiwù,N,7-9,4-4,4-4,,False,https://forvo.com/word/债务/#zh
L7-5232,占卜,占卜,zhānbǔ,V,7-9,1-3,1-3,,False,https://forvo.com/word/占卜/#zh
L7-5233,沾,沾,zhān,V,7-9,1,1,,False,https://forvo.com/word/沾/#zh
L7-5234,沾光,沾光,zhānguāng,,7-9,1-1,1-1,,False,https://forvo.com/word/沾光/#zh
L7-5235,粘,粘,zhān,V,7-9,1,1,,False,https://forvo.com/word/粘/#zh
L7-5236,瞻仰,瞻仰,zhānyǎng,V,7-9,1-3,1-3,,False,https://forvo.com/word/瞻仰/#zh
L7-5237,斩,斬,zhǎn,V,7-9,3,3,,False,https://forvo.com/word/斩/#zh
L7-5238,斩草除根,斬草除根,zhǎncǎo-chúgēn,,7-9,3-3-2-1,2-3-2-1,third_tone_sandhi,False,https://forvo.com/word/斩草除根/#zh
L7-5239,盏,盞,zhǎn,M,7-9,3,3,,False,https://forvo.com/word/盏/#zh
L7-5240,展出,展出,zhǎnchū,V,7-9,3-1,3-1,,False,https://forvo.com/word/展出/#zh
L7-5241,展览会,展覽會,zhǎnlǎnhuì,N,7-9,3-3-4,2-3-4,third_tone_sandhi,False,https://forvo.com/word/展览会/#zh
L7-5242,展望,展望,zhǎnwàng,V,7-9,3-4,3-4,,False,https://forvo.com/word/展望/#zh
L7-5243,崭新,嶄新,zhǎnxīn,Adj,7-9,3-1,3-1,,False,https://forvo.com/word/崭新/#zh
L7-5244,占用,佔用,zhànyòng,V,7-9,4-4,4-4,,False,https://forvo.com/word/占用/#zh
L7-5245,站立,站立,zhànlì,V,7-9,4-4,4-4,,False,https://forvo.com/word/站立/#zh
L7-5246,绽放,綻放,zhànfàng,V,7-9,4-4,4-4,,False,https://forvo.com/word/绽放/#zh
L7-5247,蘸,蘸,zhàn,V,7-9,4,4,,False,https://forvo.com/word/蘸/#zh
L7-5248,张灯结彩,張燈結彩,zhāngdēng-jiécǎi,,7-9,1-1-2-3,1-1-2-3,,False,https://forvo.com/word/张灯结彩/#zh
L7-5249,张贴,張貼,zhāngtiē,V,7-9,1-1,1-1,,False,https://forvo.com/word/张贴/#zh
L7-5250,张扬,張揚,zhāngyáng,V,7-9,1-2,1-2,,False,https://forvo.com/word/张扬/#zh
L7-5251,长辈,長輩,zhǎngbèi,N,7-9,3-4,3-4,,False,https://forvo.com/word/长辈/#zh
L7-5252,长相,長相,zhǎngxiàng,N,7-9,3-4,3-4,,False,https://forvo.com/word/长相/#zh
L7-5253,掌管,掌管,zhǎngguǎn,V,7-9,3-3,2-3,third_tone_sandhi,False,https://forvo.com/word/掌管/#zh
L7-5254,帐篷,帳篷,zhàngpeng,N,7-9,4-N,4-N,neutral_tone,False,https://forvo.com/word/帐篷/#zh
L7-5255,帐子,帳子,zhàngzi,N,7-9,4-N,4-N,neutral_tone,False,https://forvo.com/word/帐子/#zh
L7-5256,账单,賬單,zhàngdān,N,7-9,4-1,4-1,,False,https://forvo.com/word/账单/#zh
L7-5257,账号,賬號,zhànghào,N,7-9,4-4,4-4,,False,https://forvo.com/word/账号/#zh
L7-5258,胀,脹,zhàng,V,7-9,4,4,,False,https://forvo.com/word/胀/#zh
L7-5259,招标,招標,zhāobiāo,,7-9,1-1,1-1,,False,https://forvo.com/word/招标/#zh
L7-5260,招待,招待,zhāodài,V,7-9,1-4,1-4,,False,https://forvo.com/word/招待/#zh
L7-5261,招待会,招待會,zhāodàihuì,N,7-9,1-4-4,1-4-4,,False,https://forvo.com/word/招待会/#zh
L7-5262,招揽,招攬,zhāolǎn,V,7-9,1-3,1-3,,False,https://forvo.com/word/招揽/#zh
L7-5263,招募,招募,zhāomù,V,7-9,1-4,1-4,,False,https://forvo.com/word/招募/#zh
L7-5264,招牌,招牌,zhāopai,N,7-9,1-N,1-N,neutral_tone,False,https://forvo.com/word/招牌/#zh
L7-5265,招收,招收,zhāoshōu,V,7-9,1-1,1-1,,False,https://forvo.com/word/招收/#zh
L7-5266,招数,招數,zhāoshù,N,7-9,1-4,1-4,,False,https://forvo.com/word/招数/#zh
L7-5267,朝气蓬勃,朝氣蓬勃,zhāoqì-péngbó,,7-9,1-4-2-2,1-4-2-2,,False,https://forvo.com/word/朝气蓬勃/#zh
L7-5268,朝三暮四,朝三暮四,zhāosān-mùsì,,7-9,1-1-4-4,1-1-4-4,,False,https://forvo.com/word/朝三暮四/#zh
L7-5269,朝夕相处,朝夕相處,zhāoxī-xiāngchǔ,,7-9,1-1-1-3,1-1-1-3,,False,https://forvo.com/word/朝夕相处/#zh
L7-5270,着迷,著迷,zháomí,,7-9,2-2,2-2,,False,https://forvo.com/word/着迷/#zh
L7-5271,沼泽,沼澤,zhǎozé,N,7-9,3-2,3-2,,False,https://forvo.com/word/沼泽/#zh
L7-5272,召集,召集,zhàojí,V,7-9,4-2,4-2,,False,https://forvo.com/word/召集/#zh
L7-5273,兆头,兆頭,zhàotou,N,7-9,4-N,4-N,neutral_tone,False,https://forvo.com/word/兆头/#zh
L7-5274,照办,照辦,zhàobàn,,7-9,4-4,4-4,,False,https://forvo.com/word/照办/#zh
L7-5275,照常,照常,zhàocháng,V/Adv,7-9,4-2,4-2,,False,https://forvo.com/word/照常/#zh
L7-5276,照例,照例,zhàolì,Adv,7-9,4-4,4-4,,False,https://forvo.com/word/照例/#zh
L7-5277,照料,照料,zhàoliào,V,7-9,4-4,4-4,,False,https://forvo.com/word/照料/#zh
L7-5278,照明,照明,zhàomíng,V,7-9,4-2,4-2,,False,https://forvo.com/word/照明/#zh
L7-5279,罩,罩,zhào,V/N,7-9,4,4,,False,https://forvo.com/word/罩/#zh
L7-5280,肇事,肇事,zhàoshì,V,7-9,4-4,4-4,,False,https://forvo.com/word/肇事/#zh
L7-5281,折腾,折騰,zhēteng,V,7-9,1-N,1-N,neutral_tone,False,https://forvo.com/word/折腾/#zh
L7-5282,遮,遮,zhē,V,7-9,1,1,,False,https://forvo.com/word/遮/#zh
L7-5283,遮盖,遮蓋,zhēgài,V,7-9,1-4,1-4,,False,https://forvo.com/word/遮盖/#zh
L7-5284,折叠,折疊,zhédié,V,7-9,2-2,2-2,,False,https://forvo.com/word/折叠/#zh
L7-5285,折合,折合,zhéhé,V,7-9,2-2,2-2,,False,https://forvo.com/word/折合/#zh
L7-5286,折扣,折扣,zhékòu,N,7-9,2-4,2-4,,False,https://forvo.com/word/折扣/#zh
L7-5287,折磨,折磨,zhémó,V,7-9,2-2,2-2,,False,https://forvo.com/word/折磨/#zh
L7-5288,折射,折射,zhéshè,V,7-9,2-4,2-4,,False,https://forvo.com/word/折射/#zh
L7-5289,这会儿,這會兒,zhèhuìr,Pron,7-9,4-4-N,4-4-N,neutral_tone,False,https://forvo.com/word/这会儿/#zh
L7-5290,这样一来,這樣一來,zhèyàng-yīlái,,7-9,4-4-1-2,4-4-4-2,yi_before_non_t4,False,https://forvo.com/word/这样一来/#zh
L7-5291,针锋相对,針鋒相對,zhēnfēng-xiāngduì,,7-9,1-1-1-4,1-1-1-4,,False,https://forvo.com/word/针锋相对/#zh
L7-5292,针灸,針灸,zhēnjiǔ,N,7-9,1-3,1-3,,False,https://forvo.com/word/针灸/#zh
L7-5293,侦察,偵察,zhēnchá,V,7-9,1-2,1-2,,False,https://forvo.com/word/侦察/#zh
L7-5294,珍藏,珍藏,zhēncáng,V/N,7-9,1-2,1-2,,False,https://forvo.com/word/珍藏/#zh
L7-5295,珍视,珍視,zhēnshì,V,7-9,1-4,1-4,,False,https://forvo.com/word/珍视/#zh
L7-5296,珍重,珍重,zhēnzhòng,V,7-9,1-4,1-4,,False,https://forvo.com/word/珍重/#zh
L7-5297,真假,真假,zhēnjiǎ,N,7-9,1-3,1-3,,False,https://forvo.com/word/真假/#zh
L7-5298,真空,真空,zhēnkōng,N,7-9,1-1,1-1,,False,https://forvo.com/word/真空/#zh
L7-5299,真情,真情,zhēnqíng,N,7-9,1-2,1-2,,False,https://forvo.com/word/真情/#zh
L7-5300,真是的,真是的,zhēnshide,,7-9,1-N-N,1-N-N,neutral_tone,False,https://forvo.com/word/真是的/#zh
L7-5301,真心,真心,zhēnxīn,N,7-9,1-1,1-1,,False,https://forvo.com/word/真心/#zh
L7-5302,真挚,真摯,zhēnzhì,Adj,7-9,1-4,1-4,,False,https://forvo.com/word/真挚/#zh
L7-5303,诊所,診所,zhěnsuǒ,N,7-9,3-3,2-3,third_tone_sandhi,False,https://forvo.com/word/诊所/#zh
L7-5304,枕头,枕頭,zhěntou,N,7-9,3-N,3-N,neutral_tone,False,https://forvo.com/word/枕头/#zh
L7-5305,阵容,陣容,zhènróng,N,7-9,4-2,4-2,,False,https://forvo.com/word/阵容/#zh
L7-5306,阵营,陣營,zhènyíng,N,7-9,4-2,4-2,,False,https://forvo.com/word/阵营/#zh
L7-5307,振奋,振奮,zhènfèn,Adj/V,7-9,4-4,4-4,,False,https://forvo.com/word/振奋/#zh
L7-5308,振兴,振興,zhènxīng,V,7-9,4-1,4-1,,False,https://forvo.com/word/振兴/#zh
L7-5309,振作,振作,zhènzuò,Adj/V,7-9,4-4,4-4,,False,https://forvo.com/word/振作/#zh
L7-5310,震,震,zhèn,V,7-9,4,4,,False,https://forvo.com/word/震/#zh
L7-5311,震动,震動,zhèndòng,V,7-9,4-4,4-4,,False,https://forvo.com/word/震动/#zh
L7-5312,震撼,震撼,zhènhàn,V,7-9,4-4,4-4,,False,https://forvo.com/word/震撼/#zh
L7-5313,镇定,鎮定,zhèndìng,Adj/V,7-9,4-4,4-4,,False,https://forvo.com/word/镇定/#zh
L7-5314,争吵,爭吵,zhēngchǎo,V,7-9,1-3,1-3,,False,https://forvo.com/word/争吵/#zh
L7-5315,争端,爭端,zhēngduān,N,7-9,1-1,1-1,,False,https://forvo.com/word/争端/#zh
L7-5316,争分夺秒,爭分奪秒,zhēngfēn-duómiǎo,,7-9,1-1-2-3,1-1-2-3,,False,https://forvo.com/word/争分夺秒/#zh
L7-5317,争光,爭光,zhēngguāng,,7-9,1-1,1-1,,False,https://forvo.com/word/争光/#zh
L7-5318,争气,爭氣,zhēngqì,,7-9,1-4,1-4,,False,https://forvo.com/word/争气/#zh
L7-5319,争先恐后,爭先恐後,zhēngxiān-kǒnghòu,,7-9,1-1-3-4,1-1-3-4,,False,https://forvo.com/word/争先恐后/#zh
L7-5320,争执,爭執,zhēngzhí,V,7-9,1-2,1-2,,False,https://forvo.com/word/争执/#zh
L7-5321,征,征,zhēng,V,7-9,1,1,,False,https://forvo.com/word/征/#zh
L7-5322,征集,徵集,zhēngjí,V,7-9,1-2,1-2,,False,https://forvo.com/word/征集/#zh
L7-5323,征收,徵收,zhēngshōu,V,7-9,1-1,1-1,,False,https://forvo.com/word/征收/#zh
L7-5324,挣扎,掙扎,zhēngzhá,V,7-9,1-2,1-2,,False,https://forvo.com/word/挣扎/#zh
L7-5325,症结,癥結,zhēngjié,N,7-9,1-2,1-2,,False,https://forvo.com/word/症结/#zh
L7-5326,睁,睜,zhēng,V,7-9,1,1,,False,https://forvo.com/word/睁/#zh
L7-5327,蒸,蒸,zhēng,V,7-9,1,1,,False,https://forvo.com/word/蒸/#zh
L7-5328,拯救,拯救,zhěngjiù,V,7-9,3-4,3-4,,False,https://forvo.com/word/拯救/#zh
L7-5329,整合,整合,zhěnghé,V,7-9,3-2,3-2,,False,https://forvo.com/word/整合/#zh
L7-5330,整洁,整潔,zhěngjié,Adj,7-9,3-2,3-2,,False,https://forvo.com/word/整洁/#zh
L7-5331,整数,整數,zhěngshù,N,7-9,3-4,3-4,,False,https://forvo.com/word/整数/#zh
L7-5332,正面,正面,zhèngmiàn,N/Adj,7-9,4-4,4-4,,False,https://forvo.com/word/正面/#zh
L7-5333,正能量,正能量,zhèngnéngliàng,N,7-9,4-2-4,4-2-4,,False,https://forvo.com/word/正能量/#zh
L7-5334,正视,正視,zhèngshì,V,7-9,4-4,4-4,,False,https://forvo.com/word/正视/#zh
L7-5335,正直,正直,zhèngzhí,Adj,7-9,4-2,4-2,,False,https://forvo.com/word/正直/#zh
L7-5336,正宗,正宗,zhèngzōng,N/Adj,7-9,4-1,4-1,,False,https://forvo.com/word/正宗/#zh
L7-5337,证人,證人,zhèngrén,N,7-9,4-2,4-2,,False,https://forvo.com/word/证人/#zh
L7-5338,郑重,鄭重,zhèngzhòng,Adj,7-9,4-4,4-4,,False,https://forvo.com/word/郑重/#zh
L7-5339,之,之,zhī,Pron,7-9,1,1,,False,https://forvo.com/word/之/#zh
L7-5340,之,之,zhī,Aux,7-9,1,1,,False,https://forvo.com/word/之/#zh
L7-5341,之所以,之所以,zhīsuǒyǐ,Conj,7-9,1-3-3,1-2-3,third_tone_sandhi,False,https://forvo.com/word/之所以/#zh
L7-5342,支票,支票,zhīpiào,N,7-9,1-4,1-4,,False,https://forvo.com/word/支票/#zh
L7-5343,支柱,支柱,zhīzhù,N,7-9,1-4,1-4,,False,https://forvo.com/word/支柱/#zh
L7-5344,汁,汁,zhī,N,7-9,1,1,,False,https://forvo.com/word/汁/#zh
L7-5345,芝麻,芝麻,zhīma,N,7-9,1-N,1-N,neutral_tone,False,https://forvo.com/word/芝麻/#zh
L7-5346,芝士,芝士,zhīshì,N,7-9,1-4,1-4,,False,https://forvo.com/word/芝士/#zh
L7-5347,知己,知己,zhījǐ,Adj/N,7-9,1-3,1-3,,False,https://forvo.com/word/知己/#zh
L7-5348,知觉,知覺,zhījué,N,7-9,1-2,1-2,,False,https://forvo.com/word/知觉/#zh
L7-5349,知识分子,知識分子,zhīshi fènzǐ,,7-9,1-N-4-3,1-N-4-3,neutral_tone,False,https://forvo.com/word/知识分子/#zh
L7-5350,知足,知足,zhīzú,Adj,7-9,1-2,1-2,,False,https://forvo.com/word/知足/#zh
L7-5351,肢体,肢體,zhītǐ,N,7-9,1-3,1-3,,False,https://forvo.com/word/肢体/#zh
L7-5352,脂肪,脂肪,zhīfáng,N,7-9,1-2,1-2,,False,https://forvo.com/word/脂肪/#zh
L7-5353,执法,執法,zhífǎ,V,7-9,2-3,2-3,,False,https://forvo.com/word/执法/#zh
L7-5354,执意,執意,zhíyì,Adv,7-9,2-4,2-4,,False,https://forvo.com/word/执意/#zh
L7-5355,执照,執照,zhízhào,N,7-9,2-4,2-4,,False,https://forvo.com/word/执照/#zh
L7-5356,执着,執著,zhízhuó,Adj,7-9,2-2,2-2,,False,https://forvo.com/word/执着/#zh
L7-5357,直奔,直奔,zhíbèn,V,7-9,2-4,2-4,,False,https://forvo.com/word/直奔/#zh
L7-5358,直达,直達,zhídá,V,7-9,2-2,2-2,,False,https://forvo.com/word/直达/#zh
L7-5359,直观,直觀,zhíguān,Adj,7-9,2-1,2-1,,False,https://forvo.com/word/直观/#zh
L7-5360,直径,直徑,zhíjìng,N,7-9,2-4,2-4,,False,https://forvo.com/word/直径/#zh
L7-5361,直觉,直覺,zhíjué,N,7-9,2-2,2-2,,False,https://forvo.com/word/直觉/#zh
L7-5362,直视,直視,zhíshì,V,7-9,2-4,2-4,,False,https://forvo.com/word/直视/#zh
L7-5363,直至,直至,zhízhì,V,7-9,2-4,2-4,,False,https://forvo.com/word/直至/#zh
L7-5364,值钱,值錢,zhíqián,Adj,7-9,2-2,2-2,,False,https://forvo.com/word/值钱/#zh
L7-5365,职权,職權,zhíquán,N,7-9,2-2,2-2,,False,https://forvo.com/word/职权/#zh
L7-5366,职业病,職業病,zhíyèbìng,N,7-9,2-4-4,2-4-4,,False,https://forvo.com/word/职业病/#zh
L7-5367,职员,職員,zhíyuán,N,7-9,2-2,2-2,,False,https://forvo.com/word/职员/#zh
L7-5368,止步,止步,zhǐbù,,7-9,3-4,3-4,,False,https://forvo.com/word/止步/#zh
L7-5369,止咳,止咳,zhǐ ké,,7-9,3-2,3-2,,False,https://forvo.com/word/止咳/#zh
L7-5370,止血,止血,zhǐxuè,V,7-9,3-4,3-4,,False,https://forvo.com/word/止血/#zh
L7-5371,旨在,旨在,zhǐzài,V,7-9,3-4,3-4,,False,https://forvo.com/word/旨在/#zh
L7-5372,指点,指點,zhǐdiǎn,V,7-9,3-3,2-3,third_tone_sandhi,False,https://forvo.com/word/指点/#zh
L7-5373,指教,指教,zhǐjiào,V,7-9,3-4,3-4,,False,https://forvo.com/word/指教/#zh
L7-5374,指令,指令,zhǐlìng,N,7-9,3-4,3-4,,False,https://forvo.com/word/指令/#zh
L7-5375,指南,指南,zhǐnán,N,7-9,3-2,3-2,,False,https://forvo.com/word/指南/#zh
L7-5376,指南针,指南針,zhǐnánzhēn,N,7-9,3-2-1,3-2-1,,False,https://forvo.com/word/指南针/#zh
L7-5377,指手画脚,指手畫腳,zhǐshǒu-huàjiǎo,,7-9,3-3-4-3,2-3-4-3,third_tone_sandhi,False,https://forvo.com/word/指手画脚/#zh
L7-5378,指望,指望,zhǐwàng,V/N,7-9,3-4,3-4,,False,https://forvo.com/word/指望/#zh
L7-5379,指向,指向,zhǐxiàng,V/N,7-9,3-4,3-4,,False,https://forvo.com/word/指向/#zh
L7-5380,指引,指引,zhǐyǐn,V,7-9,3-3,2-3,third_tone_sandhi,False,https://forvo.com/word/指引/#zh
L7-5381,至此,至此,zhìcǐ,V,7-9,4-3,4-3,,False,https://forvo.com/word/至此/#zh
L7-5382,至关重要,至關重要,zhìguān-zhòngyào,,7-9,4-1-4-4,4-1-4-4,,False,https://forvo.com/word/至关重要/#zh
L7-5383,志气,志氣,zhìqì,N,7-9,4-4,4-4,,False,https://forvo.com/word/志气/#zh
L7-5384,制,製,zhì,V,7-9,4,4,,False,https://forvo.com/word/制/#zh
L7-5385,制裁,制裁,zhìcái,V,7-9,4-2,4-2,,False,https://forvo.com/word/制裁/#zh
L7-5386,制服,制服,zhìfú,N,7-9,4-2,4-2,,False,https://forvo.com/word/制服/#zh
L7-5387,制品,製品,zhìpǐn,N,7-9,4-3,4-3,,False,https://forvo.com/word/制品/#zh
L7-5388,制止,制止,zhìzhǐ,V,7-9,4-3,4-3,,False,https://forvo.com/word/制止/#zh
L7-5389,质地,質地,zhìdì,N,7-9,4-4,4-4,,False,https://forvo.com/word/质地/#zh
L7-5390,质朴,質樸,zhìpǔ,Adj,7-9,4-3,4-3,,False,https://forvo.com/word/质朴/#zh
L7-5391,质问,質問,zhìwèn,V,7-9,4-4,4-4,,False,https://forvo.com/word/质问/#zh
L7-5392,质疑,質疑,zhìyí,V,7-9,4-2,4-2,,False,https://forvo.com/word/质疑/#zh
L7-5393,治学,治學,zhìxué,V,7-9,4-2,4-2,,False,https://forvo.com/word/治学/#zh
L7-5394,治愈,治癒,zhìyù,,7-9,4-4,4-4,,False,https://forvo.com/word/治愈/#zh
L7-5395,致,致,zhì,V,7-9,4,4,,False,https://forvo.com/word/致/#zh
L7-5396,致辞,致辭,zhìcí,,7-9,4-2,4-2,,False,https://forvo.com/word/致辞/#zh
L7-5397,致富,致富,zhìfù,V,7-9,4-4,4-4,,False,https://forvo.com/word/致富/#zh
L7-5398,致敬,致敬,zhìjìng,V,7-9,4-4,4-4,,False,https://forvo.com/word/致敬/#zh
L7-5399,致力于,致力於,zhìlì yú,,7-9,4-4-2,4-4-2,,False,https://forvo.com/word/致力于/#zh
L7-5400,致命,致命,zhìmìng,V,7-9,4-4,4-4,,False,https://forvo.com/word/致命/#zh
L7-5401,致使,致使,zhìshǐ,V/Conj,7-9,4-3,4-3,,False,https://forvo.com/word/致使/#zh
L7-5402,秩序,秩序,zhìxù,N,7-9,4-4,4-4,,False,https://forvo.com/word/秩序/#zh
L7-5403,窒息,窒息,zhìxī,V,7-9,4-1,4-1,,False,https://forvo.com/word/窒息/#zh
L7-5404,智商,智商,zhìshāng,N,7-9,4-1,4-1,,False,https://forvo.com/word/智商/#zh
L7-5405,滞后,滯後,zhìhòu,V,7-9,4-4,4-4,,False,https://forvo.com/word/滞后/#zh
L7-5406,滞留,滯留,zhìliú,V,7-9,4-2,4-2,,False,https://forvo.com/word/滞留/#zh
L7-5407,置,置,zhì,V,7-9,4,4,,False,https://forvo.com/word/置/#zh
L7-5408,中国画,中國畫,zhōngguóhuà,N,7-9,1-2-4,1-2-4,,False,https://forvo.com/word/中国画/#zh
L7-5409,中立,中立,zhōnglì,V,7-9,1-4,1-4,,False,https://forvo.com/word/中立/#zh
L7-5410,中途,中途,zhōngtú,N,7-9,1-2,1-2,,False,https://forvo.com/word/中途/#zh
L7-5411,中型,中型,zhōngxíng,Adj,7-9,1-2,1-2,,False,https://forvo.com/word/中型/#zh
L7-5412,中性,中性,zhōngxìng,N/Adj,7-9,1-4,1-4,,False,https://forvo.com/word/中性/#zh
L7-5413,中旬,中旬,zhōngxún,N,7-9,1-2,1-2,,False,https://forvo.com/word/中旬/#zh
L7-5414,中庸,中庸,zhōngyōng,N/Adj,7-9,1-1,1-1,,False,https://forvo.com/word/中庸/#zh
L7-5415,中止,中止,zhōngzhǐ,V,7-9,1-3,1-3,,False,https://forvo.com/word/中止/#zh
L7-5416,忠诚,忠誠,zhōngchéng,Adj/N,7-9,1-2,1-2,,False,https://forvo.com/word/忠诚/#zh
L7-5417,忠实,忠實,zhōngshí,Adj,7-9,1-2,1-2,,False,https://forvo.com/word/忠实/#zh
L7-5418,忠于,忠於,zhōngyú,V,7-9,1-2,1-2,,False,https://forvo.com/word/忠于/#zh
L7-5419,忠贞,忠貞,zhōngzhēn,Adj,7-9,1-1,1-1,,False,https://forvo.com/word/忠贞/#zh
L7-5420,终结,終結,zhōngjié,V,7-9,1-2,1-2,,False,https://forvo.com/word/终结/#zh
L7-5421,终究,終究,zhōngjiū,Adv,7-9,1-1,1-1,,False,https://forvo.com/word/终究/#zh
L7-5422,终生,終生,zhōngshēng,N,7-9,1-1,1-1,,False,https://forvo.com/word/终生/#zh
L7-5423,衷心,衷心,zhōngxīn,Adj,7-9,1-1,1-1,,False,https://forvo.com/word/衷心/#zh
L7-5424,肿瘤,腫瘤,zhǒngliú,N,7-9,3-2,3-2,,False,https://forvo.com/word/肿瘤/#zh
L7-5425,种族,種族,zhǒngzú,N,7-9,3-2,3-2,,False,https://forvo.com/word/种族/#zh
L7-5426,仲裁,仲裁,zhòngcái,V,7-9,4-2,4-2,,False,https://forvo.com/word/仲裁/#zh
L7-5427,众人,眾人,zhòngrén,N,7-9,4-2,4-2,,False,https://forvo.com/word/众人/#zh
L7-5428,众所周知,眾所周知,zhòngsuǒzhōuzhī,,7-9,4-3-1-1,4-3-1-1,,False,https://forvo.com/word/众所周知/#zh
L7-5429,众志成城,眾志成城,zhòngzhì-chéngchéng,,7-9,4-4-2-2,4-4-2-2,,False,https://forvo.com/word/众志成城/#zh
L7-5430,重创,重創,zhòngchuāng,V,7-9,4-1,4-1,,False,https://forvo.com/word/重创/#zh
L7-5431,重量级,重量級,zhòngliàngjí,Adj,7-9,4-4-2,4-4-2,,False,https://forvo.com/word/重量级/#zh
L7-5432,重任,重任,zhòngrèn,N,7-9,4-4,4-4,,False,https://forvo.com/word/重任/#zh
L7-5433,重伤,重傷,zhòngshāng,N,7-9,4-1,4-1,,False,https://forvo.com/word/重伤/#zh
L7-5434,重心,重心,zhòngxīn,N,7-9,4-1,4-1,,False,https://forvo.com/word/重心/#zh
L7-5435,重型,重型,zhòngxíng,Adj,7-9,4-2,4-2,,False,https://forvo.com/word/重型/#zh
L7-5436,重中之重,重中之重,zhòngzhōngzhīzhòng,,7-9,4-1-1-4,4-1-1-4,,False,https://forvo.com/word/重中之重/#zh
L7-5437,周边,周邊,zhōubiān,N,7-9,1-1,1-1,,False,https://forvo.com/word/周边/#zh
L7-5438,周到,周到,zhōudào,Adj,7-9,1-4,1-4,,False,https://forvo.com/word/周到/#zh
L7-5439,周密,周密,zhōumì,Adj,7-9,1-4,1-4,,False,https://forvo.com/word/周密/#zh
L7-5440,周旋,周旋,zhōuxuán,V,7-9,1-2,1-2,,False,https://forvo.com/word/周旋/#zh
L7-5441,昼夜,晝夜,zhòuyè,N,7-9,4-4,4-4,,False,https://forvo.com/word/昼夜/#zh
L7-5442,皱,皺,zhòu,V/N,7-9,4,4,,False,https://forvo.com/word/皱/#zh
L7-5443,骤然,驟然,zhòurán,Adv,7-9,4-2,4-2,,False,https://forvo.com/word/骤然/#zh
L7-5444,朱红,朱紅,zhūhóng,Adj,7-9,1-2,1-2,,False,https://forvo.com/word/朱红/#zh
L7-5445,株,株,zhū,M,7-9,1,1,,False,https://forvo.com/word/株/#zh
L7-5446,诸多,諸多,zhūduō,Adj,7-9,1-1,1-1,,False,https://forvo.com/word/诸多/#zh
L7-5447,诸如此类,諸如此類,zhūrú-cǐlèi,,7-9,1-2-3-4,1-2-3-4,,False,https://forvo.com/word/诸如此类/#zh
L7-5448,竹竿,竹竿,zhúgān,N,7-9,2-1,2-1,,False,https://forvo.com/word/竹竿/#zh
L7-5449,逐年,逐年,zhúnián,Adv,7-9,2-2,2-2,,False,https://forvo.com/word/逐年/#zh
L7-5450,主,主,zhǔ,N,7-9,3,3,,False,https://forvo.com/word/主/#zh
L7-5451,主编,主編,zhǔbiān,N/V,7-9,3-1,3-1,,False,https://forvo.com/word/主编/#zh
L7-5452,主妇,主婦,zhǔfù,N,7-9,3-4,3-4,,False,https://forvo.com/word/主妇/#zh
L7-5453,主力,主力,zhǔlì,N,7-9,3-4,3-4,,False,https://forvo.com/word/主力/#zh
L7-5454,主权,主權,zhǔquán,N,7-9,3-2,3-2,,False,https://forvo.com/word/主权/#zh
L7-5455,主人公,主人公,zhǔréngōng,N,7-9,3-2-1,3-2-1,,False,https://forvo.com/word/主人公/#zh
L7-5456,主食,主食,zhǔshí,N,7-9,3-2,3-2,,False,https://forvo.com/word/主食/#zh
L7-5457,主题歌,主題歌,zhǔtígē,N,7-9,3-2-1,3-2-1,,False,https://forvo.com/word/主题歌/#zh
L7-5458,主演,主演,zhǔyǎn,V/N,7-9,3-3,2-3,third_tone_sandhi,False,https://forvo.com/word/主演/#zh
L7-5459,主页,主頁,zhǔyè,N,7-9,3-4,3-4,,False,https://forvo.com/word/主页/#zh
L7-5460,主义,主義,zhǔyì,N,7-9,3-4,3-4,,False,https://forvo.com/word/主义/#zh
L7-5461,主宰,主宰,zhǔzǎi,V/N,7-9,3-3,2-3,third_tone_sandhi,False,https://forvo.com/word/主宰/#zh
L7-5462,拄,拄,zhǔ,V,7-9,3,3,,False,https://forvo.com/word/拄/#zh
L7-5463,嘱咐,囑咐,zhǔfù,V,7-9,3-4,3-4,,False,https://forvo.com/word/嘱咐/#zh
L7-5464,瞩目,矚目,zhǔmù,V,7-9,3-4,3-4,,False,https://forvo.com/word/瞩目/#zh
L7-5465,助威,助威,zhùwēi,,7-9,4-1,4-1,,False,https://forvo.com/word/助威/#zh
L7-5466,住处,住處,zhùchù,N,7-9,4-4,4-4,,False,https://forvo.com/word/住处/#zh
L7-5467,住户,住戶,zhùhù,N,7-9,4-4,4-4,,False,https://forvo.com/word/住户/#zh
L7-5468,住宿,住宿,zhùsù,V,7-9,4-4,4-4,,False,https://forvo.com/word/住宿/#zh
L7-5469,住址,住址,zhùzhǐ,N,7-9,4-3,4-3,,False,https://forvo.com/word/住址/#zh
L7-5470,贮藏,貯藏,zhùcáng,V,7-9,4-2,4-2,,False,https://forvo.com/word/贮藏/#zh
L7-5471,注,注,zhù,N/V,7-9,4,4,,False,https://forvo.com/word/注/#zh
L7-5472,注定,註定,zhùdìng,V,7-9,4-4,4-4,,False,https://forvo.com/word/注定/#zh
L7-5473,注入,注入,zhùrù,,7-9,4-4,4-4,,False,https://forvo.com/word/注入/#zh
L7-5474,铸造,鑄造,zhùzào,V,7-9,4-4,4-4,,False,https://forvo.com/word/铸造/#zh
L7-5475,筑,築,zhù,V,7-9,4,4,,False,https://forvo.com/word/筑/#zh
L7-5476,爪子,爪子,zhuǎzi,N,7-9,3-N,3-N,neutral_tone,False,https://forvo.com/word/爪子/#zh
L7-5477,拽,拽,zhuài,V,7-9,4,4,,False,https://forvo.com/word/拽/#zh
L7-5478,专长,專長,zhuāncháng,N,7-9,1-2,1-2,,False,https://forvo.com/word/专长/#zh
L7-5479,专程,專程,zhuānchéng,Adv,7-9,1-2,1-2,,False,https://forvo.com/word/专程/#zh
L7-5480,专柜,專櫃,zhuānguì,N,7-9,1-4,1-4,,False,https://forvo.com/word/专柜/#zh
L7-5481,专栏,專欄,zhuānlán,N,7-9,1-2,1-2,,False,https://forvo.com/word/专栏/#zh
L7-5482,专卖店,專賣店,zhuānmàidiàn,N,7-9,1-4-4,1-4-4,,False,https://forvo.com/word/专卖店/#zh
L7-5483,专人,專人,zhuānrén,N,7-9,1-2,1-2,,False,https://forvo.com/word/专人/#zh
L7-5484,专职,專職,zhuānzhí,N,7-9,1-2,1-2,,False,https://forvo.com/word/专职/#zh
L7-5485,专制,專制,zhuānzhì,V,7-9,1-4,1-4,,False,https://forvo.com/word/专制/#zh
L7-5486,专注,專注,zhuānzhù,Adj,7-9,1-4,1-4,,False,https://forvo.com/word/专注/#zh
L7-5487,专著,專著,zhuānzhù,N,7-9,1-4,1-4,,False,https://forvo.com/word/专著/#zh
L7-5488,砖,磚,zhuān,N,7-9,1,1,,False,https://forvo.com/word/砖/#zh
L7-5489,转播,轉播,zhuǎnbō,V,7-9,3-1,3-1,,False,https://forvo.com/word/转播/#zh
L7-5490,转达,轉達,zhuǎndá,V,7-9,3-2,3-2,,False,https://forvo.com/word/转达/#zh
L7-5491,转机,轉機,zhuǎnjī,N,7-9,3-1,3-1,,False,https://forvo.com/word/转机/#zh
L7-5492,转交,轉交,zhuǎnjiāo,V,7-9,3-1,3-1,,False,https://forvo.com/word/转交/#zh
L7-5493,转型,轉型,zhuǎnxíng,V,7-9,3-2,3-2,,False,https://forvo.com/word/转型/#zh
L7-5494,转学,轉學,zhuǎnxué,,7-9,3-2,3-2,,False,https://forvo.com/word/转学/#zh
L7-5495,转眼,轉眼,zhuǎnyǎn,V,7-9,3-3,2-3,third_tone_sandhi,False,https://forvo.com/word/转眼/#zh
L7-5496,转载,轉載,zhuǎnzǎi,V,7-9,3-3,2-3,third_tone_sandhi,False,https://forvo.com/word/转载/#zh
L7-5497,转折,轉折,zhuǎnzhé,V,7-9,3-2,3-2,,False,https://forvo.com/word/转折/#zh
L7-5498,转折点,轉折點,zhuǎnzhédiǎn,N,7-9,3-2-3,3-2-3,,False,https://forvo.com/word/转折点/#zh
L7-5499,传,傳,zhuàn,N,7-9,4,4,,False,https://forvo.com/word/传/#zh
L7-5500,传记,傳記,zhuànjì,N,7-9,4-4,4-4,,False,https://forvo.com/word/传记/#zh
L7-5501,转悠,轉悠,zhuànyou,V,7-9,4-N,4-N,neutral_tone,False,https://forvo.com/word/转悠/#zh
L7-5502,撰写,撰寫,zhuànxiě,V,7-9,4-3,4-3,,False,https://forvo.com/word/撰写/#zh
L7-5503,庄稼,莊稼,zhuāngjia,N,7-9,1-N,1-N,neutral_tone,False,https://forvo.com/word/庄稼/#zh
L7-5504,庄严,莊嚴,zhuāngyán,Adj,7-9,1-2,1-2,,False,https://forvo.com/word/庄严/#zh
L7-5505,庄园,莊園,zhuāngyuán,N,7-9,1-2,1-2,,False,https://forvo.com/word/庄园/#zh
L7-5506,桩,樁,zhuāng,N/M,7-9,1,1,,False,https://forvo.com/word/桩/#zh
L7-5507,装扮,裝扮,zhuāngbàn,V,7-9,1-4,1-4,,False,https://forvo.com/word/装扮/#zh
L7-5508,壮,壯,zhuàng,Adj/V,7-9,4,4,,False,https://forvo.com/word/壮/#zh
L7-5509,壮大,壯大,zhuàngdà,V/Adj,7-9,4-4,4-4,,False,https://forvo.com/word/壮大/#zh
L7-5510,壮胆,壯膽,zhuàngdǎn,,7-9,4-3,4-3,,False,https://forvo.com/word/壮胆/#zh
L7-5511,壮丽,壯麗,zhuànglì,Adj,7-9,4-4,4-4,,False,https://forvo.com/word/壮丽/#zh
L7-5512,壮实,壯實,zhuàngshi,Adj,7-9,4-N,4-N,neutral_tone,False,https://forvo.com/word/壮实/#zh
L7-5513,状元,狀元,zhuàngyuan,N,7-9,4-2,4-2,,False,https://forvo.com/word/状元/#zh
L7-5514,撞击,撞擊,zhuàngjī,V,7-9,4-1,4-1,,False,https://forvo.com/word/撞击/#zh
L7-5515,幢,幢,zhuàng,M,7-9,4,4,,False,https://forvo.com/word/幢/#zh
L7-5516,追悼会,追悼會,zhuīdàohuì,N,7-9,1-4-4,1-4-4,,False,https://forvo.com/word/追悼会/#zh
L7-5517,追赶,追趕,zhuīgǎn,V,7-9,1-3,1-3,,False,https://forvo.com/word/追赶/#zh
L7-5518,追溯,追溯,zhuīsù,V,7-9,1-4,1-4,,False,https://forvo.com/word/追溯/#zh
L7-5519,追随,追隨,zhuīsuí,V,7-9,1-2,1-2,,False,https://forvo.com/word/追随/#zh
L7-5520,追尾,追尾,zhuīwěi,,7-9,1-3,1-3,,False,https://forvo.com/word/追尾/#zh
L7-5521,追问,追問,zhuīwèn,V,7-9,1-4,1-4,,False,https://forvo.com/word/追问/#zh
L7-5522,追逐,追逐,zhuīzhú,V,7-9,1-2,1-2,,False,https://forvo.com/word/追逐/#zh
L7-5523,追踪,追蹤,zhuīzōng,V,7-9,1-1,1-1,,False,https://forvo.com/word/追踪/#zh
L7-5524,坠,墜,zhuì,V/N,7-9,4,4,,False,https://forvo.com/word/坠/#zh
L7-5525,准许,准許,zhǔnxǔ,V,7-9,3-3,2-3,third_tone_sandhi,False,https://forvo.com/word/准许/#zh
L7-5526,准则,準則,zhǔnzé,N,7-9,3-2,3-2,,False,https://forvo.com/word/准则/#zh
L7-5527,拙劣,拙劣,zhuōliè,Adj,7-9,1-4,1-4,,False,https://forvo.com/word/拙劣/#zh
L7-5528,捉迷藏,捉迷藏,zhuōmícáng,,7-9,1-2-2,1-2-2,,False,https://forvo.com/word/捉迷藏/#zh
L7-5529,灼热,灼熱,zhuórè,Adj,7-9,2-4,2-4,,False,https://forvo.com/word/灼热/#zh
L7-5530,卓越,卓越,zhuóyuè,Adj,7-9,2-4,2-4,,False,https://forvo.com/word/卓越/#zh
L7-5531,酌情,酌情,zhuóqíng,V,7-9,2-2,2-2,,False,https://forvo.com/word/酌情/#zh
L7-5532,着力,著力,zhuólì,V,7-9,2-4,2-4,,False,https://forvo.com/word/着力/#zh
L7-5533,着落,著落,zhuóluò,N,7-9,2-4,2-4,,False,https://forvo.com/word/着落/#zh
L7-5534,着实,著實,zhuóshí,Adv,7-9,2-2,2-2,,False,https://forvo.com/word/着实/#zh
L7-5535,着手,著手,zhuóshǒu,V,7-9,2-3,2-3,,False,https://forvo.com/word/着手/#zh
L7-5536,着想,著想,zhuóxiǎng,V,7-9,2-3,2-3,,False,https://forvo.com/word/着想/#zh
L7-5537,着眼,著眼,zhuóyǎn,V,7-9,2-3,2-3,,False,https://forvo.com/word/着眼/#zh
L7-5538,着眼于,著眼於,zhuóyǎn yú,,7-9,2-3-2,2-3-2,,False,https://forvo.com/word/着眼于/#zh
L7-5539,着重,著重,zhuózhòng,V,7-9,2-4,2-4,,False,https://forvo.com/word/着重/#zh
L7-5540,姿势,姿勢,zīshì,N,7-9,1-4,1-4,,False,https://forvo.com/word/姿势/#zh
L7-5541,姿态,姿態,zītài,N,7-9,1-4,1-4,,False,https://forvo.com/word/姿态/#zh
L7-5542,兹,茲,zī,Pron,7-9,1,1,,False,https://forvo.com/word/兹/#zh
L7-5543,资本主义,資本主義,zīběn zhǔyì,,7-9,1-3-3-4,1-2-3-4,third_tone_sandhi,False,https://forvo.com/word/资本主义/#zh
L7-5544,资历,資歷,zīlì,N,7-9,1-4,1-4,,False,https://forvo.com/word/资历/#zh
L7-5545,资深,資深,zīshēn,Adj,7-9,1-1,1-1,,False,https://forvo.com/word/资深/#zh
L7-5546,资讯,資訊,zīxùn,N,7-9,1-4,1-4,,False,https://forvo.com/word/资讯/#zh
L7-5547,滋润,滋潤,zīrùn,Adj/V,7-9,1-4,1-4,,False,https://forvo.com/word/滋润/#zh
L7-5548,滋味,滋味,zīwèi,N,7-9,1-4,1-4,,False,https://forvo.com/word/滋味/#zh
L7-5549,子弟,子弟,zǐdì,N,7-9,3-4,3-4,,False,https://forvo.com/word/子弟/#zh
L7-5550,子孙,子孫,zǐsūn,N,7-9,3-1,3-1,,False,https://forvo.com/word/子孙/#zh
L7-5551,自卑,自卑,zìbēi,Adj,7-9,4-1,4-1,,False,https://forvo.com/word/自卑/#zh
L7-5552,自称,自稱,zìchēng,V,7-9,4-1,4-1,,False,https://forvo.com/word/自称/#zh
L7-5553,自发,自發,zìfā,Adj,7-9,4-1,4-1,,False,https://forvo.com/word/自发/#zh
L7-5554,自费,自費,zìfèi,V,7-9,4-4,4-4,,False,https://forvo.com/word/自费/#zh
L7-5555,自负,自負,zìfù,Adj/V,7-9,4-4,4-4,,False,https://forvo.com/word/自负/#zh
L7-5556,自理,自理,zìlǐ,V,7-9,4-3,4-3,,False,https://forvo.com/word/自理/#zh
L7-5557,自力更生,自力更生,zìlì-gēngshēng,,7-9,4-4-1-1,4-4-1-1,,False,https://forvo.com/word/自力更生/#zh
L7-5558,自立,自立,zìlì,V,7-9,4-4,4-4,,False,https://forvo.com/word/自立/#zh
L7-5559,自强不息,自強不息,zìqiáng-bùxī,,7-9,4-2-4-1,4-2-4-1,,False,https://forvo.com/word/自强不息/#zh
L7-5560,自然而然,自然而然,zìrán'érrán,,7-9,4-2-2-2,4-2-2-2,,False,https://forvo.com/word/自然而然/#zh
L7-5561,自然界,自然界,zìránjiè,N,7-9,4-2-4,4-2-4,,False,https://forvo.com/word/自然界/#zh
L7-5562,自如,自如,zìrú,Adj,7-9,4-2,4-2,,False,https://forvo.com/word/自如/#zh
L7-5563,自始至终,自始至終,zìshǐ-zhìzhōng,,7-9,4-3-4-1,4-3-4-1,,False,https://forvo.com/word/自始至终/#zh
L7-5564,自私,自私,zìsī,Adj,7-9,4-1,4-1,,False,https://forvo.com/word/自私/#zh
L7-5565,自私自利,自私自利,zìsī-zìlì,,7-9,4-1-4-4,4-1-4-4,,False,https://forvo.com/word/自私自利/#zh
L7-5566,自卫,自衛,zìwèi,V,7-9,4-4,4-4,,False,https://forvo.com/word/自卫/#zh
L7-5567,自相矛盾,自相矛盾,zìxiāng-máodùn,,7-9,4-1-2-4,4-1-2-4,,False,https://forvo.com/word/自相矛盾/#zh
L7-5568,自信心,自信心,zìxìnxīn,N,7-9,4-4-1,4-4-1,,False,https://forvo.com/word/自信心/#zh
L7-5569,自行,自行,zìxíng,Adv,7-9,4-2,4-2,,False,https://forvo.com/word/自行/#zh
L7-5570,自以为是,自以為是,zìyǐwéishì,,7-9,4-3-2-4,4-3-2-4,,False,https://forvo.com/word/自以为是/#zh
L7-5571,自由自在,自由自在,zìyóu-zìzài,,7-9,4-2-4-4,4-2-4-4,,False,https://forvo.com/word/自由自在/#zh
L7-5572,自责,自責,zìzé,V,7-9,4-2,4-2,,False,https://forvo.com/word/自责/#zh
L7-5573,自助,自助,zìzhù,V,7-9,4-4,4-4,,False,https://forvo.com/word/自助/#zh
L7-5574,自尊,自尊,zìzūn,V,7-9,4-1,4-1,,False,https://forvo.com/word/自尊/#zh
L7-5575,自尊心,自尊心,zìzūnxīn,N,7-9,4-1-1,4-1-1,,False,https://forvo.com/word/自尊心/#zh
L7-5576,字迹,字跡,zìjì,N,7-9,4-4,4-4,,False,https://forvo.com/word/字迹/#zh
L7-5577,字幕,字幕,zìmù,N,7-9,4-4,4-4,,False,https://forvo.com/word/字幕/#zh
L7-5578,字体,字體,zìtǐ,N,7-9,4-3,4-3,,False,https://forvo.com/word/字体/#zh
L7-5579,字眼,字眼,zìyǎn,N,7-9,4-3,4-3,,False,https://forvo.com/word/字眼/#zh
L7-5580,宗,宗,zōng,M,7-9,1,1,,False,https://forvo.com/word/宗/#zh
L7-5581,宗旨,宗旨,zōngzhǐ,N,7-9,1-3,1-3,,False,https://forvo.com/word/宗旨/#zh
L7-5582,综上所述,綜上所述,zōngshàng-suǒshù,,7-9,1-4-3-4,1-4-3-4,,False,https://forvo.com/word/综上所述/#zh
L7-5583,总的来说,總的來說,zǒngde lái shuō,,7-9,3-N-2-1,3-N-2-1,neutral_tone,False,https://forvo.com/word/总的来说/#zh
L7-5584,总额,總額,zǒng'é,N,7-9,3-2,3-2,,False,https://forvo.com/word/总额/#zh
L7-5585,总而言之,總而言之,zǒng'éryánzhī,,7-9,3-2-2-1,3-2-2-1,,False,https://forvo.com/word/总而言之/#zh
L7-5586,总计,總計,zǒngjì,V,7-9,3-4,3-4,,False,https://forvo.com/word/总计/#zh
L7-5587,纵观,縱觀,zòngguān,V,7-9,4-1,4-1,,False,https://forvo.com/word/纵观/#zh
L7-5588,纵横交错,縱橫交錯,zònghéng-jiāocuò,,7-9,4-2-1-4,4-2-1-4,,False,https://forvo.com/word/纵横交错/#zh
L7-5589,纵然,縱然,zòngrán,Conj,7-9,4-2,4-2,,False,https://forvo.com/word/纵然/#zh
L7-5590,纵容,縱容,zòngróng,V,7-9,4-2,4-2,,False,https://forvo.com/word/纵容/#zh
L7-5591,纵深,縱深,zòngshēn,N,7-9,4-1,4-1,,False,https://forvo.com/word/纵深/#zh
L7-5592,粽子,粽子,zòngzi,N,7-9,4-N,4-N,neutral_tone,False,https://forvo.com/word/粽子/#zh
L7-5593,走过场,走過場,zǒu guòchǎng,,7-9,3-4-3,3-4-3,,False,https://forvo.com/word/走过场/#zh
L7-5594,走后门,走後門,zǒu hòumén,,7-9,3-4-2,3-4-2,,False,https://forvo.com/word/走后门/#zh
L7-5595,走近,走近,zǒujìn,,7-9,3-4,3-4,,False,https://forvo.com/word/走近/#zh
L7-5596,走廊,走廊,zǒuláng,N,7-9,3-2,3-2,,False,https://forvo.com/word/走廊/#zh
L7-5597,走投无路,走投無路,zǒutóu-wúlù,,7-9,3-2-2-4,3-2-2-4,,False,https://forvo.com/word/走投无路/#zh
L7-5598,走弯路,走彎路,zǒu wānlù,,7-9,3-1-4,3-1-4,,False,https://forvo.com/word/走弯路/#zh
L7-5599,奏效,奏效,zòuxiào,,7-9,4-4,4-4,,False,https://forvo.com/word/奏效/#zh
L7-5600,揍,揍,zòu,V,7-9,4,4,,False,https://forvo.com/word/揍/#zh
L7-5601,租赁,租賃,zūlìn,V,7-9,1-4,1-4,,False,https://forvo.com/word/租赁/#zh
L7-5602,足迹,足跡,zújì,N,7-9,2-4,2-4,,False,https://forvo.com/word/足迹/#zh
L7-5603,足智多谋,足智多謀,zúzhì-duōmóu,,7-9,2-4-1-2,2-4-1-2,,False,https://forvo.com/word/足智多谋/#zh
L7-5604,阻挡,阻擋,zǔdǎng,V,7-9,3-3,2-3,third_tone_sandhi,False,https://forvo.com/word/阻挡/#zh
L7-5605,阻拦,阻攔,zǔlán,V,7-9,3-2,3-2,,False,https://forvo.com/word/阻拦/#zh
L7-5606,阻力,阻力,zǔlì,N,7-9,3-4,3-4,,False,https://forvo.com/word/阻力/#zh
L7-5607,阻挠,阻撓,zǔnáo,V,7-9,3-2,3-2,,False,https://forvo.com/word/阻挠/#zh
L7-5608,组建,組建,zǔjiàn,V,7-9,3-4,3-4,,False,https://forvo.com/word/组建/#zh
L7-5609,组装,組裝,zǔzhuāng,V,7-9,3-1,3-1,,False,https://forvo.com/word/组装/#zh
L7-5610,祖传,祖傳,zǔchuán,V,7-9,3-2,3-2,,False,https://forvo.com/word/祖传/#zh
L7-5611,祖籍,祖籍,zǔjí,N,7-9,3-2,3-2,,False,https://forvo.com/word/祖籍/#zh
L7-5612,祖先,祖先,zǔxiān,N,7-9,3-1,3-1,,False,https://forvo.com/word/祖先/#zh
L7-5613,祖宗,祖宗,zǔzong,N,7-9,3-1,3-1,,False,https://forvo.com/word/祖宗/#zh
L7-5614,钻空子,鑽空子,zuān kòngzi,,7-9,1-4-N,1-4-N,neutral_tone,False,https://forvo.com/word/钻空子/#zh
L7-5615,钻研,鑽研,zuānyán,V,7-9,1-2,1-2,,False,https://forvo.com/word/钻研/#zh
L7-5616,钻石,鑽石,zuànshí,N,7-9,4-2,4-2,,False,https://forvo.com/word/钻石/#zh
L7-5617,嘴唇,嘴唇,zuǐchún,N,7-9,3-2,3-2,,False,https://forvo.com/word/嘴唇/#zh
L7-5618,罪犯,罪犯,zuìfàn,N,7-9,4-4,4-4,,False,https://forvo.com/word/罪犯/#zh
L7-5619,罪魁祸首,罪魁禍首,zuìkuí-huòshǒu,,7-9,4-2-4-3,4-2-4-3,,False,https://forvo.com/word/罪魁祸首/#zh
L7-5620,尊贵,尊貴,zūnguì,Adj,7-9,1-4,1-4,,False,https://forvo.com/word/尊贵/#zh
L7-5621,尊严,尊嚴,zūnyán,N,7-9,1-2,1-2,,False,https://forvo.com/word/尊严/#zh
L7-5622,遵循,遵循,zūnxún,V,7-9,1-2,1-2,,False,https://forvo.com/word/遵循/#zh
L7-5623,遵照,遵照,zūnzhào,V,7-9,1-4,1-4,,False,https://forvo.com/word/遵照/#zh
L7-5624,琢磨,琢磨,zuómo,V,7-9,2-N,2-N,neutral_tone,False,https://forvo.com/word/琢磨/#zh
L7-5625,左顾右盼,左顧右盼,zuǒgù-yòupàn,,7-9,3-4-4-4,3-4-4-4,,False,https://forvo.com/word/左顾右盼/#zh
L7-5626,佐料,佐料,zuǒliào,N,7-9,3-4,3-4,,False,https://forvo.com/word/佐料/#zh
L7-5627,作弊,作弊,zuòbì,,7-9,4-4,4-4,,False,https://forvo.com/word/作弊/#zh
L7-5628,作对,作對,zuòduì,,7-9,4-4,4-4,,False,https://forvo.com/word/作对/#zh
L7-5629,作风,作風,zuòfēng,N,7-9,4-1,4-1,,False,https://forvo.com/word/作风/#zh
L7-5630,作客,作客,zuòkè,,7-9,4-4,4-4,,False,https://forvo.com/word/作客/#zh
L7-5631,作物,作物,zuòwù,N,7-9,4-4,4-4,,False,https://forvo.com/word/作物/#zh
L7-5632,坐落,坐落,zuòluò,V,7-9,4-4,4-4,,False,https://forvo.com/word/坐落/#zh
L7-5633,座谈,座談,zuòtán,V,7-9,4-2,4-2,,False,https://forvo.com/word/座谈/#zh
L7-5634,座右铭,座右銘,zuòyòumíng,N,7-9,4-4-2,4-4-2,,False,https://forvo.com/word/座右铭/#zh
L7-5635,做生意,做生意,zuò shēngyi,,7-9,4-1-4,4-1-4,,False,https://forvo.com/word/做生意/#zh
L7-5636,做证,做證,zuòzhèng,,7-9,4-4,4-4,,False,https://forvo.com/word/做证/#zh
